identity/LineItemId,identity/TimeInterval,bill/InvoiceId,bill/InvoicingEntity,bill/BillingEntity,bill/BillType,bill/PayerAccountId,bill/BillingPeriodStartDate,bill/BillingPeriodEndDate,lineItem/UsageAccountId,lineItem/LineItemType,lineItem/UsageStartDate,lineItem/UsageEndDate,lineItem/ProductCode,lineItem/UsageType,lineItem/Operation,lineItem/AvailabilityZone,lineItem/ResourceId,lineItem/UsageAmount,lineItem/NormalizationFactor,lineItem/NormalizedUsageAmount,lineItem/CurrencyCode,lineItem/UnblendedRate,lineItem/UnblendedCost,lineItem/BlendedRate,lineItem/BlendedCost,lineItem/LineItemDescription,lineItem/TaxType,lineItem/LegalEntity,product/ProductName,product/alarmType,product/architecture,product/availability,product/availabilityZone,product/capacitystatus,product/classicnetworkingsupport,product/clockSpeed,product/cloudformationresourceProvider,product/computeFamily,product/computeType,product/contentType,product/currentGeneration,product/databaseEngine,product/dedicatedEbsThroughput,product/dedicatedEbsThroughputDescription,product/deploymentOption,product/description,product/durability,product/ecu,product/endpointType,product/engineCode,product/enhancedNetworkingSupported,product/feature,product/feeCode,product/feeDescription,product/fromLocation,product/fromLocationType,product/fromRegionCode,product/gpuMemory,product/group,product/groupDescription,product/inferenceType,product/instanceFamily,product/instanceType,product/instanceTypeFamily,product/intelAvx2Available,product/intelAvxAvailable,product/intelTurboAvailable,product/licenseModel,product/location,product/locationType,product/logsDestination,product/marketoption,product/maxIopsvolume,product/maxThroughputvolume,product/maxVolumeSize,product/memory,product/messageDeliveryFrequency,product/messageDeliveryOrder,product/minVolumeSize,product/model,product/networkPerformance,product/normalizationSizeFactor,product/operatingSystem,product/operation,product/origin,product/physicalProcessor,product/preInstalledSw,product/processorArchitecture,product/processorFeatures,product/productFamily,product/provider,product/queueType,product/recipient,product/region,product/regionCode,product/requestDescription,product/requestType,product/routingTarget,product/routingType,product/servicecode,product/servicename,product/sku,product/storage,product/storageClass,product/storageMedia,product/storageType,product/tenancy,product/toLocation,product/toLocationType,product/toRegionCode,product/transferType,product/unbundledLicensing,product/usagetype,product/vcpu,product/version,product/volumeApiName,product/volumeType,product/vpcnetworkingsupport,pricing/RateCode,pricing/RateId,pricing/currency,pricing/publicOnDemandCost,pricing/publicOnDemandRate,pricing/term,pricing/unit,reservation/AmortizedUpfrontCostForUsage,reservation/AmortizedUpfrontFeeForBillingPeriod,reservation/EffectiveCost,reservation/EndTime,reservation/ModificationStatus,reservation/NormalizedUnitsPerReservation,reservation/NumberOfReservations,reservation/RecurringFeeForUsage,reservation/StartTime,reservation/SubscriptionId,reservation/TotalReservedNormalizedUnits,reservation/TotalReservedUnits,reservation/UnitsPerReservation,reservation/UnusedAmortizedUpfrontFeeForBillingPeriod,reservation/UnusedNormalizedUnitQuantity,reservation/UnusedQuantity,reservation/UnusedRecurringFee,reservation/UpfrontValue,savingsPlan/TotalCommitmentToDate,savingsPlan/SavingsPlanARN,savingsPlan/SavingsPlanRate,savingsPlan/UsedCommitment,savingsPlan/SavingsPlanEffectiveCost,savingsPlan/AmortizedUpfrontCommitmentForBillingPeriod,savingsPlan/RecurringCommitmentForBillingPeriod
bm6tyovk6upevykitydldsf3mhpt4qquiisbq3qpvk2n3gbenyba,2026-02-01T00:00:00Z/2026-03-01T00:00:00Z,,"Amazon Web Services, Inc.",AWS,Anniversary,595673262386,2026-02-01T00:00:00Z,2026-03-01T00:00:00Z,353545917793,Tax,2026-02-01T00:00:00Z,2026-03-01T00:00:00Z,AWSDataTransfer,USW2-DataTransfer-Regional-Bytes,,,,1.0000000000,,,USD,,0.0000000000,,0.0000000000,Tax for product code AWSDataTransfer usage type USW2-DataTransfer-Regional-Bytes,USSalesTax,"Amazon Web Services, Inc.",AWS Data Transfer,,,,,,,,,,,,,,,,,,,,,,,,,,,,,,,,,,,,,,,,,,,,,,,,,,,,,,,,,,,,,,,,,,,,,,,,,,,,,,,,,,,,,,,,,,,,,0.0000000000,,,,,,,,,,,,,,,,,,,,,,,,,,,,
ojyfmrxnaqioq2djabcnvvmdgpbfeiq6k53ei3myv2y2z4j6mt6a,2026-02-01T00:00:00Z/2026-03-01T00:00:00Z,,"Amazon Web Services, Inc.",AWS,Anniversary,595673262386,2026-02-01T00:00:00Z,2026-03-01T00:00:00Z,353545917793,Tax,2026-02-01T00:00:00Z,2026-03-01T00:00:00Z,AWSSecretsManager,USW2-AWSSecretsManager-Secrets,,,,1.0000000000,,,USD,,0.0000000000,,0.0000000000,Tax for product code AWSSecretsManager usage type USW2-AWSSecretsManager-Secrets,USSalesTax,"Amazon Web Services, Inc.",AWS Secrets Manager,,,,,,,,,,,,,,,,,,,,,,,,,,,,,,,,,,,,,,,,,,,,,,,,,,,,,,,,,,,,,,,,,,,,,,,,,,,,,,,,,,,,,,,,,,,,,0.0000000000,,,,,,,,,,,,,,,,,,,,,,,,,,,,
zvzumiiap4r3jwgbnagdcapyemowpuibjiyw2uqgxd6b5klxi7sa,2026-02-01T00:00:00Z/2026-03-01T00:00:00Z,,"Amazon Web Services, Inc.",AWS,Anniversary,595673262386,2026-02-01T00:00:00Z,2026-03-01T00:00:00Z,353545917793,Tax,2026-02-01T00:00:00Z,2026-03-01T00:00:00Z,AWSSecretsManager,USW2-AWSSecretsManagerAPIRequest,,,,1.0000000000,,,USD,,0.0000000000,,0.0000000000,Tax for product code AWSSecretsManager usage type USW2-AWSSecretsManagerAPIRequest,USSalesTax,"Amazon Web Services, Inc.",AWS Secrets Manager,,,,,,,,,,,,,,,,,,,,,,,,,,,,,,,,,,,,,,,,,,,,,,,,,,,,,,,,,,,,,,,,,,,,,,,,,,,,,,,,,,,,,,,,,,,,,0.0000000000,,,,,,,,,,,,,,,,,,,,,,,,,,,,
vxvmkvzzxiwiafvvizsjltwwt4gg7nyhlgsp7iwn6a4nzmwauk7a,2026-02-01T00:00:00Z/2026-03-01T00:00:00Z,,"Amazon Web Services, Inc.",AWS,Anniversary,595673262386,2026-02-01T00:00:00Z,2026-03-01T00:00:00Z,353545917793,Tax,2026-02-01T00:00:00Z,2026-03-01T00:00:00Z,awswaf,Global-RequestV2-Tier1,,,,1.0000000000,,,USD,,0.0000000000,,0.0000000000,Tax for product code awswaf usage type Global-RequestV2-Tier1,USSalesTax,"Amazon Web Services, Inc.",AWS WAF,,,,,,,,,,,,,,,,,,,,,,,,,,,,,,,,,,,,,,,,,,,,,,,,,,,,,,,,,,,,,,,,,,,,,,,,,,,,,,,,,,,,,,,,,,,,,0.0000000000,,,,,,,,,,,,,,,,,,,,,,,,,,,,
hjhkiqfivj7f4v76r2hhgeblb57bu2oymccwec3jrvrkvcfwsola,2026-02-01T00:00:00Z/2026-03-01T00:00:00Z,,"Amazon Web Services, Inc.",AWS,Anniversary,595673262386,2026-02-01T00:00:00Z,2026-03-01T00:00:00Z,353545917793,Tax,2026-02-01T00:00:00Z,2026-03-01T00:00:00Z,awswaf,Global-RuleV2,,,,1.0000000000,,,USD,,0.0000000000,,0.0000000000,Tax for product code awswaf usage type Global-RuleV2,USSalesTax,"Amazon Web Services, Inc.",AWS WAF,,,,,,,,,,,,,,,,,,,,,,,,,,,,,,,,,,,,,,,,,,,,,,,,,,,,,,,,,,,,,,,,,,,,,,,,,,,,,,,,,,,,,,,,,,,,,0.0000000000,,,,,,,,,,,,,,,,,,,,,,,,,,,,
cox47yq2zc3pgt5jq6gyiteitstdha7lc2u6vwkrqnolcgfvedsa,2026-02-01T00:00:00Z/2026-03-01T00:00:00Z,,"Amazon Web Services, Inc.",AWS,Anniversary,595673262386,2026-02-01T00:00:00Z,2026-03-01T00:00:00Z,353545917793,Tax,2026-02-01T00:00:00Z,2026-03-01T00:00:00Z,awswaf,Global-WebACLV2,,,,1.0000000000,,,USD,,0.0000000000,,0.0000000000,Tax for product code awswaf usage type Global-WebACLV2,USSalesTax,"Amazon Web Services, Inc.",AWS WAF,,,,,,,,,,,,,,,,,,,,,,,,,,,,,,,,,,,,,,,,,,,,,,,,,,,,,,,,,,,,,,,,,,,,,,,,,,,,,,,,,,,,,,,,,,,,,0.0000000000,,,,,,,,,,,,,,,,,,,,,,,,,,,,
im2lptime3jhvux7b7ewjzjapluajqzm6smsdear3264i5rponuq,2026-02-01T00:00:00Z/2026-03-01T00:00:00Z,,"Amazon Web Services, Inc.",AWS,Anniversary,595673262386,2026-02-01T00:00:00Z,2026-03-01T00:00:00Z,353545917793,Tax,2026-02-01T00:00:00Z,2026-03-01T00:00:00Z,AmazonEC2,EBS:SnapshotUsage,,,,1.0000000000,,,USD,,0.0000000000,,0.0000000000,Tax for product code AmazonEC2 usage type EBS:SnapshotUsage,USSalesTax,"Amazon Web Services, Inc.",Amazon Elastic Compute Cloud,,,,,,,,,,,,,,,,,,,,,,,,,,,,,,,,,,,,,,,,,,,,,,,,,,,,,,,,,,,,,,,,,,,,,,,,,,,,,,,,,,,,,,,,,,,,,0.0000000000,,,,,,,,,,,,,,,,,,,,,,,,,,,,
e5bmhmyxau45jkd7pnyupgd2t6owy7n5x5io7xtgklxpvgmgitha,2026-02-01T00:00:00Z/2026-03-01T00:00:00Z,,"Amazon Web Services, Inc.",AWS,Anniversary,595673262386,2026-02-01T00:00:00Z,2026-03-01T00:00:00Z,353545917793,Tax,2026-02-01T00:00:00Z,2026-03-01T00:00:00Z,AmazonEC2,USW2-BoxUsage:t3.medium,RunInstances,,,1.0000000000,,,USD,,0.0000000000,,0.0000000000,Tax for product code AmazonEC2 usage type USW2-BoxUsage:t3.medium operation RunInstances,USSalesTax,"Amazon Web Services, Inc.",Amazon Elastic Compute Cloud,,,,,,,,,,,,,,,,,,,,,,,,,,,,,,,,,,,,,,,,,,,,,,,,,,,,,,,,,,,,,,,,,,,,,,,,,,,,,,,,,,,,,,,,,,,,,0.0000000000,,,,,,,,,,,,,,,,,,,,,,,,,,,,
2wjohm5ve2q2bvhqfagb7eh4ra7xnlnhbssgzih6die2oantdmaa,2026-02-01T00:00:00Z/2026-03-01T00:00:00Z,,"Amazon Web Services, Inc.",AWS,Anniversary,595673262386,2026-02-01T00:00:00Z,2026-03-01T00:00:00Z,353545917793,Tax,2026-02-01T00:00:00Z,2026-03-01T00:00:00Z,AmazonEC2,USW2-BoxUsage:t3.nano,RunInstances,,,1.0000000000,,,USD,,0.0000000000,,0.0000000000,Tax for product code AmazonEC2 usage type USW2-BoxUsage:t3.nano operation RunInstances,USSalesTax,"Amazon Web Services, Inc.",Amazon Elastic Compute Cloud,,,,,,,,,,,,,,,,,,,,,,,,,,,,,,,,,,,,,,,,,,,,,,,,,,,,,,,,,,,,,,,,,,,,,,,,,,,,,,,,,,,,,,,,,,,,,0.0000000000,,,,,,,,,,,,,,,,,,,,,,,,,,,,
pzxz4wouthjv3cymreyyuwmh2nmxgdziv6d2ypfmjmh6nnh57h5a,2026-02-01T00:00:00Z/2026-03-01T00:00:00Z,,"Amazon Web Services, Inc.",AWS,Anniversary,595673262386,2026-02-01T00:00:00Z,2026-03-01T00:00:00Z,353545917793,Tax,2026-02-01T00:00:00Z,2026-03-01T00:00:00Z,AmazonEC2,USW2-BoxUsage:t3.small,RunInstances,,,1.0000000000,,,USD,,0.0000000000,,0.0000000000,Tax for product code AmazonEC2 usage type USW2-BoxUsage:t3.small operation RunInstances,USSalesTax,"Amazon Web Services, Inc.",Amazon Elastic Compute Cloud,,,,,,,,,,,,,,,,,,,,,,,,,,,,,,,,,,,,,,,,,,,,,,,,,,,,,,,,,,,,,,,,,,,,,,,,,,,,,,,,,,,,,,,,,,,,,0.0000000000,,,,,,,,,,,,,,,,,,,,,,,,,,,,
by5bvu5eua6swd7zq6c7hk34pwrmc5saisovez5um7xxn2xkmzdq,2026-02-01T00:00:00Z/2026-03-01T00:00:00Z,,"Amazon Web Services, Inc.",AWS,Anniversary,595673262386,2026-02-01T00:00:00Z,2026-03-01T00:00:00Z,353545917793,Tax,2026-02-01T00:00:00Z,2026-03-01T00:00:00Z,AmazonEC2,USW2-BoxUsage:t4g.micro,RunInstances,,,1.0000000000,,,USD,,0.0000000000,,0.0000000000,Tax for product code AmazonEC2 usage type USW2-BoxUsage:t4g.micro operation RunInstances,USSalesTax,"Amazon Web Services, Inc.",Amazon Elastic Compute Cloud,,,,,,,,,,,,,,,,,,,,,,,,,,,,,,,,,,,,,,,,,,,,,,,,,,,,,,,,,,,,,,,,,,,,,,,,,,,,,,,,,,,,,,,,,,,,,0.0000000000,,,,,,,,,,,,,,,,,,,,,,,,,,,,
3xpjeyv5n22db33bspilap5flkme3irxye5booobw7g2hikisyaa,2026-02-01T00:00:00Z/2026-03-01T00:00:00Z,,"Amazon Web Services, Inc.",AWS,Anniversary,595673262386,2026-02-01T00:00:00Z,2026-03-01T00:00:00Z,353545917793,Tax,2026-02-01T00:00:00Z,2026-03-01T00:00:00Z,AmazonEC2,USW2-EBS:SnapshotUsage,,,,1.0000000000,,,USD,,0.0000000000,,0.0000000000,Tax for product code AmazonEC2 usage type USW2-EBS:SnapshotUsage,USSalesTax,"Amazon Web Services, Inc.",Amazon Elastic Compute Cloud,,,,,,,,,,,,,,,,,,,,,,,,,,,,,,,,,,,,,,,,,,,,,,,,,,,,,,,,,,,,,,,,,,,,,,,,,,,,,,,,,,,,,,,,,,,,,0.0000000000,,,,,,,,,,,,,,,,,,,,,,,,,,,,
e64rqkhd2ir7zvf6ceivzmp2henfuj3kasfqqqerxrobzrefkezq,2026-02-01T00:00:00Z/2026-03-01T00:00:00Z,,"Amazon Web Services, Inc.",AWS,Anniversary,595673262386,2026-02-01T00:00:00Z,2026-03-01T00:00:00Z,353545917793,Tax,2026-02-01T00:00:00Z,2026-03-01T00:00:00Z,AmazonGuardDuty,USW2-PaidEventsAnalyzed,,,,1.0000000000,,,USD,,0.0000000000,,0.0000000000,Tax for product code AmazonGuardDuty usage type USW2-PaidEventsAnalyzed,USSalesTax,"Amazon Web Services, Inc.",Amazon GuardDuty,,,,,,,,,,,,,,,,,,,,,,,,,,,,,,,,,,,,,,,,,,,,,,,,,,,,,,,,,,,,,,,,,,,,,,,,,,,,,,,,,,,,,,,,,,,,,0.0000000000,,,,,,,,,,,,,,,,,,,,,,,,,,,,
nn4inskwzu5armagjzg2ceyfexcholaqz4mwaweod3rpn6jxuvlq,2026-02-01T00:00:00Z/2026-03-01T00:00:00Z,,"Amazon Web Services, Inc.",AWS,Anniversary,595673262386,2026-02-01T00:00:00Z,2026-03-01T00:00:00Z,353545917793,Tax,2026-02-01T00:00:00Z,2026-03-01T00:00:00Z,AmazonGuardDuty,USW2-PaidEventsAnalyzed-Bytes,,,,1.0000000000,,,USD,,0.0000000000,,0.0000000000,Tax for product code AmazonGuardDuty usage type USW2-PaidEventsAnalyzed-Bytes,USSalesTax,"Amazon Web Services, Inc.",Amazon GuardDuty,,,,,,,,,,,,,,,,,,,,,,,,,,,,,,,,,,,,,,,,,,,,,,,,,,,,,,,,,,,,,,,,,,,,,,,,,,,,,,,,,,,,,,,,,,,,,0.0000000000,,,,,,,,,,,,,,,,,,,,,,,,,,,,
tkuqmwa5dmw3f35scz33ga3bbij3a63uykduheyeydfo3qceod3a,2026-02-01T00:00:00Z/2026-03-01T00:00:00Z,,"Amazon Web Services, Inc.",AWS,Anniversary,595673262386,2026-02-01T00:00:00Z,2026-03-01T00:00:00Z,353545917793,Tax,2026-02-01T00:00:00Z,2026-03-01T00:00:00Z,AmazonRDS,USW2-Multi-AZUsage:db.t4g.large,CreateDBInstance:0014,,,1.0000000000,,,USD,,0.0000000000,,0.0000000000,Tax for product code AmazonRDS usage type USW2-Multi-AZUsage:db.t4g.large operation CreateDBInstance:0014,USSalesTax,"Amazon Web Services, Inc.",Amazon Relational Database Service,,,,,,,,,,,,,,,,,,,,,,,,,,,,,,,,,,,,,,,,,,,,,,,,,,,,,,,,,,,,,,,,,,,,,,,,,,,,,,,,,,,,,,,,,,,,,0.0000000000,,,,,,,,,,,,,,,,,,,,,,,,,,,,
5btkxjtcmmdn736afmwlmhsya4wtifxi2qtdmw4ftpm4quw5b5yq,2026-02-01T00:00:00Z/2026-03-01T00:00:00Z,,"Amazon Web Services, Inc.",AWS,Anniversary,595673262386,2026-02-01T00:00:00Z,2026-03-01T00:00:00Z,353545917793,Tax,2026-02-01T00:00:00Z,2026-03-01T00:00:00Z,AmazonRDS,USW2-RDS:ChargedBackupUsage,CreateDBInstance:0014,,,1.0000000000,,,USD,,0.0000000000,,0.0000000000,Tax for product code AmazonRDS usage type USW2-RDS:ChargedBackupUsage operation CreateDBInstance:0014,USSalesTax,"Amazon Web Services, Inc.",Amazon Relational Database Service,,,,,,,,,,,,,,,,,,,,,,,,,,,,,,,,,,,,,,,,,,,,,,,,,,,,,,,,,,,,,,,,,,,,,,,,,,,,,,,,,,,,,,,,,,,,,0.0000000000,,,,,,,,,,,,,,,,,,,,,,,,,,,,
skvh2vosluemczjfzwkimyg776jzijagmlsaqylggu7akj3ncqjq,2026-02-01T00:00:00Z/2026-03-01T00:00:00Z,,"Amazon Web Services, Inc.",AWS,Anniversary,595673262386,2026-02-01T00:00:00Z,2026-03-01T00:00:00Z,353545917793,Tax,2026-02-01T00:00:00Z,2026-03-01T00:00:00Z,AmazonRDS,USW2-RDS:Multi-AZ-GP2-Storage,CreateDBInstance:0014,,,1.0000000000,,,USD,,0.0000000000,,0.0000000000,Tax for product code AmazonRDS usage type USW2-RDS:Multi-AZ-GP2-Storage operation CreateDBInstance:0014,USSalesTax,"Amazon Web Services, Inc.",Amazon Relational Database Service,,,,,,,,,,,,,,,,,,,,,,,,,,,,,,,,,,,,,,,,,,,,,,,,,,,,,,,,,,,,,,,,,,,,,,,,,,,,,,,,,,,,,,,,,,,,,0.0000000000,,,,,,,,,,,,,,,,,,,,,,,,,,,,
t3s6b6cyt32h4c4ozspbnbajb33yymamllnqpdjxca4pq6zqbyga,2026-02-01T00:00:00Z/2026-03-01T00:00:00Z,,"Amazon Web Services, Inc.",AWS,Anniversary,595673262386,2026-02-01T00:00:00Z,2026-03-01T00:00:00Z,353545917793,Tax,2026-02-01T00:00:00Z,2026-03-01T00:00:00Z,AmazonRoute53,HostedZone,,,,1.0000000000,,,USD,,0.0000000000,,0.0000000000,Tax for product code AmazonRoute53 usage type HostedZone,USSalesTax,"Amazon Web Services, Inc.",Amazon Route 53,,,,,,,,,,,,,,,,,,,,,,,,,,,,,,,,,,,,,,,,,,,,,,,,,,,,,,,,,,,,,,,,,,,,,,,,,,,,,,,,,,,,,,,,,,,,,0.0000000000,,,,,,,,,,,,,,,,,,,,,,,,,,,,
qe6y2c2ccbgib7zyt6pmvs63ntrq44rgiyq2rigbvgcwq4wihm2a,2026-02-01T00:00:00Z/2026-03-01T00:00:00Z,,"Amazon Web Services, Inc.",AWS,Anniversary,595673262386,2026-02-01T00:00:00Z,2026-03-01T00:00:00Z,353545917793,Tax,2026-02-01T00:00:00Z,2026-03-01T00:00:00Z,AmazonVPC,USW2-PublicIPv4:InUseAddress,,,,1.0000000000,,,USD,,0.0000000000,,0.0000000000,Tax for product code AmazonVPC usage type USW2-PublicIPv4:InUseAddress,USSalesTax,"Amazon Web Services, Inc.",Amazon Virtual Private Cloud,,,,,,,,,,,,,,,,,,,,,,,,,,,,,,,,,,,,,,,,,,,,,,,,,,,,,,,,,,,,,,,,,,,,,,,,,,,,,,,,,,,,,,,,,,,,,0.0000000000,,,,,,,,,,,,,,,,,,,,,,,,,,,,
aun4opwhjrqk2fehkavdysgvbxnmsfexzlrnexlbklwyccsk5dvq,2026-02-01T00:00:00Z/2026-03-01T00:00:00Z,,"Amazon Web Services, Inc.",AWS,Anniversary,595673262386,2026-02-01T00:00:00Z,2026-03-01T00:00:00Z,353545917793,Tax,2026-02-01T00:00:00Z,2026-03-01T00:00:00Z,CodeBuild,USW2-Build-Min:Linux:g1.medium,,,,1.0000000000,,,USD,,0.0000000000,,0.0000000000,Tax for product code CodeBuild usage type USW2-Build-Min:Linux:g1.medium,USSalesTax,"Amazon Web Services, Inc.",CodeBuild,,,,,,,,,,,,,,,,,,,,,,,,,,,,,,,,,,,,,,,,,,,,,,,,,,,,,,,,,,,,,,,,,,,,,,,,,,,,,,,,,,,,,,,,,,,,,0.0000000000,,,,,,,,,,,,,,,,,,,,,,,,,,,,
ync4iwiooyxktrdxqsee4v6f26yz2v36oa6c7kkck6psfnp3xvna,2026-02-01T00:00:00Z/2026-03-01T00:00:00Z,,"Amazon Web Services, Inc.",AWS,Anniversary,595673262386,2026-02-01T00:00:00Z,2026-03-01T00:00:00Z,353545917793,Usage,2026-02-01T00:00:00Z,2026-02-02T11:00:00Z,AWSELB,USW2-LCUUsage,LoadBalancing:Application,,arn:aws:elasticloadbalancing:us-west-2:353545917793:loadbalancer/app/ApplicatonLB-Dev/1e9a504c1888a0ba,2.3603656578,,,USD,0.0000000000,0.0000000000,0.0000000000,0.0000000000,$0.0 per used Application load balancer capacity unit-hour (or partial hour) under monthly free tier,,"Amazon Web Services, Inc.",Elastic Load Balancing,,,,,,,,,,,,,,,,,,,,,,,,,,,,,,ELB:Balancing,Used Application Load Balancer capacity units-hr,,,,,,,,,US West (Oregon),AWS Region,,,,,,,,,,,,,,LoadBalancing:Application,,,,,,Load Balancer-Application,,,,us-west-2,us-west-2,,,,,AWSELB,Elastic Load Balancing,2ETY8Y426S4237JU,,,,,,,,,,,USW2-LCUUsage,,,,,,2ETY8Y426S4237JU.A429C66SYZ.6YS6EN2CT7,281317888572,USD,0.0188829253,0.0080000000,,LCU-Hrs,,,,,,,,,,21100991925,,,,,,,,,,,,,,,
ixcvdldpqxui2adhnkmxzrg4a3tokhidici3q7gylaaybagmv7uq,2026-02-01T00:00:00Z/2026-03-01T00:00:00Z,,"Amazon Web Services, Inc.",AWS,Anniversary,595673262386,2026-02-01T00:00:00Z,2026-03-01T00:00:00Z,353545917793,Usage,2026-02-02T06:00:00Z,2026-02-02T07:00:00Z,AmazonCloudFront,ME-DataTransfer-Out-OBytes,POST,,arn:aws:cloudfront::353545917793:distribution/E1Z9OJCLDPJYZR,0.0000305846,,,USD,0.0600000000,0.0000018351,0.0600000000,0.0000018351,$0.060 per GB - All data transfer out to Origin (Middle East),,"Amazon Web Services, Inc.",Amazon CloudFront,,,,,,,,,,,,,,,,,,,,,,,,,,Middle East,AWS Edge Location,,,,,,,,,,,,,,,,,,,,,,,,,,,,,,,,,,Data Transfer,,,,me-south-1,,,,,,AmazonCloudFront,Amazon CloudFront,2RU96X5GXXQ62U7Q,,,,,,Data Origin,Other,,CloudFront to Origin,,ME-DataTransfer-Out-OBytes,,,,,,2RU96X5GXXQ62U7Q.JRTCKXETXF.6YS6EN2CT7,165482683320,USD,0.0000018351,0.0600000000,OnDemand,GB,,,,,,,,,,21100991767,,,,,,,,,,,,,,,
d6q3fzumqlzouyej7jq2cf772v4skdrhlfetcnx2rq2bxo2xoaia,2026-02-01T00:00:00Z/2026-03-01T00:00:00Z,,"Amazon Web Services, Inc.",AWS,Anniversary,595673262386,2026-02-01T00:00:00Z,2026-03-01T00:00:00Z,353545917793,Usage,2026-02-02T04:00:00Z,2026-02-02T08:00:00Z,AmazonCloudFront,ME-DataTransfer-Out-OBytes,POST,,arn:aws:cloudfront::353545917793:distribution/E2EBT3OOYZBXXH,0.0000290302,,,USD,0.0600000000,0.0000017418,0.0600000000,0.0000017418,$0.060 per GB - All data transfer out to Origin (Middle East),,"Amazon Web Services, Inc.",Amazon CloudFront,,,,,,,,,,,,,,,,,,,,,,,,,,Middle East,AWS Edge Location,,,,,,,,,,,,,,,,,,,,,,,,,,,,,,,,,,Data Transfer,,,,me-south-1,,,,,,AmazonCloudFront,Amazon CloudFront,2RU96X5GXXQ62U7Q,,,,,,Data Origin,Other,,CloudFront to Origin,,ME-DataTransfer-Out-OBytes,,,,,,2RU96X5GXXQ62U7Q.JRTCKXETXF.6YS6EN2CT7,165482683320,USD,0.0000017418,0.0600000000,OnDemand,GB,,,,,,,,,,21100991767,,,,,,,,,,,,,,,
6masnrem2dhrmabwdsysumh2dbxc5x6rzfq7rp2mk5dv7ykgdw2q,2026-02-01T00:00:00Z/2026-03-01T00:00:00Z,,"Amazon Web Services, Inc.",AWS,Anniversary,595673262386,2026-02-01T00:00:00Z,2026-03-01T00:00:00Z,353545917793,Usage,2026-02-01T03:00:00Z,2026-02-02T10:00:00Z,AmazonCloudFront,ME-DataTransfer-Out-OBytes,POST,,arn:aws:cloudfront::353545917793:distribution/E3IJX9IUF6SHIC,0.0506496189,,,USD,0.0600000000,0.0030389772,0.0600000000,0.0030389772,$0.060 per GB - All data transfer out to Origin (Middle East),,"Amazon Web Services, Inc.",Amazon CloudFront,,,,,,,,,,,,,,,,,,,,,,,,,,Middle East,AWS Edge Location,,,,,,,,,,,,,,,,,,,,,,,,,,,,,,,,,,Data Transfer,,,,me-south-1,,,,,,AmazonCloudFront,Amazon CloudFront,2RU96X5GXXQ62U7Q,,,,,,Data Origin,Other,,CloudFront to Origin,,ME-DataTransfer-Out-OBytes,,,,,,2RU96X5GXXQ62U7Q.JRTCKXETXF.6YS6EN2CT7,165482683320,USD,0.0030389771,0.0600000000,OnDemand,GB,,,,,,,,,,21100991767,,,,,,,,,,,,,,,
fpr5vhu3pdyeqwxdaimc44uuxdmf3cxl65x3atabljkscyw6nmoa,2026-02-01T00:00:00Z/2026-03-01T00:00:00Z,,"Amazon Web Services, Inc.",AWS,Anniversary,595673262386,2026-02-01T00:00:00Z,2026-03-01T00:00:00Z,353545917793,Usage,2026-02-01T04:00:00Z,2026-02-02T10:00:00Z,AmazonCloudFront,ME-DataTransfer-Out-OBytes,POST,,arn:aws:cloudfront::353545917793:distribution/E3LQ4K487Q3OU4,0.0085850023,,,USD,0.0600000000,0.0005151001,0.0600000000,0.0005151001,$0.060 per GB - All data transfer out to Origin (Middle East),,"Amazon Web Services, Inc.",Amazon CloudFront,,,,,,,,,,,,,,,,,,,,,,,,,,Middle East,AWS Edge Location,,,,,,,,,,,,,,,,,,,,,,,,,,,,,,,,,,Data Transfer,,,,me-south-1,,,,,,AmazonCloudFront,Amazon CloudFront,2RU96X5GXXQ62U7Q,,,,,,Data Origin,Other,,CloudFront to Origin,,ME-DataTransfer-Out-OBytes,,,,,,2RU96X5GXXQ62U7Q.JRTCKXETXF.6YS6EN2CT7,165482683320,USD,0.0005151001,0.0600000000,OnDemand,GB,,,,,,,,,,21100991767,,,,,,,,,,,,,,,
pwe2a7lcixp64bgtl7eeiql5ozvcn6v2rqv4cxztf5zpbg646ywa,2026-02-01T00:00:00Z/2026-03-01T00:00:00Z,,"Amazon Web Services, Inc.",AWS,Anniversary,595673262386,2026-02-01T00:00:00Z,2026-03-01T00:00:00Z,353545917793,Usage,2026-02-01T20:00:00Z,2026-02-02T10:00:00Z,AmazonCloudFront,ME-DataTransfer-Out-OBytes,POST,,arn:aws:cloudfront::353545917793:distribution/E8VGZ28EBD02E,0.0000895373,,,USD,0.0600000000,0.0000053723,0.0600000000,0.0000053723,$0.060 per GB - All data transfer out to Origin (Middle East),,"Amazon Web Services, Inc.",Amazon CloudFront,,,,,,,,,,,,,,,,,,,,,,,,,,Middle East,AWS Edge Location,,,,,,,,,,,,,,,,,,,,,,,,,,,,,,,,,,Data Transfer,,,,me-south-1,,,,,,AmazonCloudFront,Amazon CloudFront,2RU96X5GXXQ62U7Q,,,,,,Data Origin,Other,,CloudFront to Origin,,ME-DataTransfer-Out-OBytes,,,,,,2RU96X5GXXQ62U7Q.JRTCKXETXF.6YS6EN2CT7,165482683320,USD,0.0000053722,0.0600000000,OnDemand,GB,,,,,,,,,,21100991767,,,,,,,,,,,,,,,
psbiz4v3n7lxa67grfv235qqf2e66tgc35n4npbhriuvs2ugrskq,2026-02-01T00:00:00Z/2026-03-01T00:00:00Z,,"Amazon Web Services, Inc.",AWS,Anniversary,595673262386,2026-02-01T00:00:00Z,2026-03-01T00:00:00Z,353545917793,Usage,2026-02-02T06:00:00Z,2026-02-02T07:00:00Z,AmazonCloudFront,ME-DataTransfer-Out-OBytes,PUT,,arn:aws:cloudfront::353545917793:distribution/E1Z9OJCLDPJYZR,0.0000069384,,,USD,0.0600000000,0.0000004163,0.0600000000,0.0000004163,$0.060 per GB - All data transfer out to Origin (Middle East),,"Amazon Web Services, Inc.",Amazon CloudFront,,,,,,,,,,,,,,,,,,,,,,,,,,Middle East,AWS Edge Location,,,,,,,,,,,,,,,,,,,,,,,,,,,,,,,,,,Data Transfer,,,,me-south-1,,,,,,AmazonCloudFront,Amazon CloudFront,2RU96X5GXXQ62U7Q,,,,,,Data Origin,Other,,CloudFront to Origin,,ME-DataTransfer-Out-OBytes,,,,,,2RU96X5GXXQ62U7Q.JRTCKXETXF.6YS6EN2CT7,165482683320,USD,0.0000004163,0.0600000000,OnDemand,GB,,,,,,,,,,21100991767,,,,,,,,,,,,,,,
lu63dl3p5oaot5eyq55mfisw4wc3qyh27w74cf56aazh2hceeirq,2026-02-01T00:00:00Z/2026-03-01T00:00:00Z,,"Amazon Web Services, Inc.",AWS,Anniversary,595673262386,2026-02-01T00:00:00Z,2026-03-01T00:00:00Z,353545917793,Usage,2026-02-02T06:00:00Z,2026-02-02T07:00:00Z,AmazonCloudFront,ME-DataTransfer-Out-OBytes,PUT,,arn:aws:cloudfront::353545917793:distribution/E2EBT3OOYZBXXH,0.0000069849,,,USD,0.0600000000,0.0000004191,0.0600000000,0.0000004191,$0.060 per GB - All data transfer out to Origin (Middle East),,"Amazon Web Services, Inc.",Amazon CloudFront,,,,,,,,,,,,,,,,,,,,,,,,,,Middle East,AWS Edge Location,,,,,,,,,,,,,,,,,,,,,,,,,,,,,,,,,,Data Transfer,,,,me-south-1,,,,,,AmazonCloudFront,Amazon CloudFront,2RU96X5GXXQ62U7Q,,,,,,Data Origin,Other,,CloudFront to Origin,,ME-DataTransfer-Out-OBytes,,,,,,2RU96X5GXXQ62U7Q.JRTCKXETXF.6YS6EN2CT7,165482683320,USD,0.0000004191,0.0600000000,OnDemand,GB,,,,,,,,,,21100991767,,,,,,,,,,,,,,,
wyjg7cprpq7nhamc33xomtmg2leumy3j2lrq6h3nlwoinocvbutq,2026-02-01T00:00:00Z/2026-03-01T00:00:00Z,,"Amazon Web Services, Inc.",AWS,Anniversary,595673262386,2026-02-01T00:00:00Z,2026-03-01T00:00:00Z,353545917793,Usage,2026-02-01T03:00:00Z,2026-02-02T10:00:00Z,AmazonCloudFront,ME-DataTransfer-Out-OBytes,PUT,,arn:aws:cloudfront::353545917793:distribution/E3IJX9IUF6SHIC,0.0042124707,,,USD,0.0600000000,0.0002527481,0.0600000000,0.0002527481,$0.060 per GB - All data transfer out to Origin (Middle East),,"Amazon Web Services, Inc.",Amazon CloudFront,,,,,,,,,,,,,,,,,,,,,,,,,,Middle East,AWS Edge Location,,,,,,,,,,,,,,,,,,,,,,,,,,,,,,,,,,Data Transfer,,,,me-south-1,,,,,,AmazonCloudFront,Amazon CloudFront,2RU96X5GXXQ62U7Q,,,,,,Data Origin,Other,,CloudFront to Origin,,ME-DataTransfer-Out-OBytes,,,,,,2RU96X5GXXQ62U7Q.JRTCKXETXF.6YS6EN2CT7,165482683320,USD,0.0002527482,0.0600000000,OnDemand,GB,,,,,,,,,,21100991767,,,,,,,,,,,,,,,
tlzfpaemqwjejwps3mb7aruuesws54azaopd54wsx77kwc7clstq,2026-02-01T00:00:00Z/2026-03-01T00:00:00Z,,"Amazon Web Services, Inc.",AWS,Anniversary,595673262386,2026-02-01T00:00:00Z,2026-03-01T00:00:00Z,353545917793,Usage,2026-02-01T06:00:00Z,2026-02-02T09:00:00Z,AmazonCloudFront,ME-DataTransfer-Out-OBytes,PUT,,arn:aws:cloudfront::353545917793:distribution/E3LQ4K487Q3OU4,0.0000210768,,,USD,0.0600000000,0.0000012647,0.0600000000,0.0000012647,$0.060 per GB - All data transfer out to Origin (Middle East),,"Amazon Web Services, Inc.",Amazon CloudFront,,,,,,,,,,,,,,,,,,,,,,,,,,Middle East,AWS Edge Location,,,,,,,,,,,,,,,,,,,,,,,,,,,,,,,,,,Data Transfer,,,,me-south-1,,,,,,AmazonCloudFront,Amazon CloudFront,2RU96X5GXXQ62U7Q,,,,,,Data Origin,Other,,CloudFront to Origin,,ME-DataTransfer-Out-OBytes,,,,,,2RU96X5GXXQ62U7Q.JRTCKXETXF.6YS6EN2CT7,165482683320,USD,0.0000012646,0.0600000000,OnDemand,GB,,,,,,,,,,21100991767,,,,,,,,,,,,,,,
5tc5ob2apwff5zj5zrnlpnzvedsqx5oi4isyatlkuczo4zhftqfa,2026-02-01T00:00:00Z/2026-03-01T00:00:00Z,,"Amazon Web Services, Inc.",AWS,Anniversary,595673262386,2026-02-01T00:00:00Z,2026-03-01T00:00:00Z,353545917793,Usage,2026-02-02T07:00:00Z,2026-02-02T10:00:00Z,AmazonCloudFront,ME-DataTransfer-Out-OBytes,PUT,,arn:aws:cloudfront::353545917793:distribution/E8VGZ28EBD02E,0.0000116043,,,USD,0.0600000000,0.0000006963,0.0600000000,0.0000006963,$0.060 per GB - All data transfer out to Origin (Middle East),,"Amazon Web Services, Inc.",Amazon CloudFront,,,,,,,,,,,,,,,,,,,,,,,,,,Middle East,AWS Edge Location,,,,,,,,,,,,,,,,,,,,,,,,,,,,,,,,,,Data Transfer,,,,me-south-1,,,,,,AmazonCloudFront,Amazon CloudFront,2RU96X5GXXQ62U7Q,,,,,,Data Origin,Other,,CloudFront to Origin,,ME-DataTransfer-Out-OBytes,,,,,,2RU96X5GXXQ62U7Q.JRTCKXETXF.6YS6EN2CT7,165482683320,USD,0.0000006963,0.0600000000,OnDemand,GB,,,,,,,,,,21100991767,,,,,,,,,,,,,,,
qel3r6meukrbczkolgy2y6posvao3vdumkgcu4zdnl2h5svzogla,2026-02-01T00:00:00Z/2026-03-01T00:00:00Z,,"Amazon Web Services, Inc.",AWS,Anniversary,595673262386,2026-02-01T00:00:00Z,2026-03-01T00:00:00Z,353545917793,Usage,2026-02-01T00:00:00Z,2026-02-02T10:00:00Z,AmazonVPC,USW2-PublicIPv4:InUseAddress,RunInstances,,arn:aws:ec2:us-west-2:353545917793:network-interface/eni-0195198645252af76,34.0000000000,,,USD,0.0000000000,0.0000000000,0.0000000000,0.0000000000,$0.00 per In-use public IPv4 address per hour for EC2 Free Tier,,"Amazon Web Services, Inc.",Amazon Virtual Private Cloud,,,,,,,,,,,,,,,,,,,,,,,,,,,,,,VPCPublicIPv4Address,Hourly charge for In-use Public IPv4 Addresses for EC2 Free Tier (RunInstances),,,,,,,,,US West (Oregon),AWS Region,,,,,,,,,,,,,,RunInstances,,,,,,,,,,us-west-2,us-west-2,,,,,AmazonVPC,Amazon Virtual Private Cloud,3SRRHNF5HBXV2HAX,,,,,,,,,,,USW2-PublicIPv4:InUseAddress,,,,,,3SRRHNF5HBXV2HAX.A429C66SYZ.6YS6EN2CT7,283124797654,USD,0.0000000000,,,Hrs,,,,,,,,,,21100991771,,,,,,,,,,,,,,,
5jyp7iciy7qchlqtpl7tw7mvgvv6tkl7gmjdw6vuqlxubzy2pl3q,2026-02-01T00:00:00Z/2026-03-01T00:00:00Z,,"Amazon Web Services, Inc.",AWS,Anniversary,595673262386,2026-02-01T00:00:00Z,2026-03-01T00:00:00Z,353545917793,Usage,2026-02-01T00:00:00Z,2026-02-01T20:00:00Z,AmazonVPC,USW2-PublicIPv4:InUseAddress,RunInstances,,arn:aws:ec2:us-west-2:353545917793:network-interface/eni-02a3aad9fbdf7007f,19.6438890000,,,USD,0.0000000000,0.0000000000,0.0000000000,0.0000000000,$0.00 per In-use public IPv4 address per hour for EC2 Free Tier,,"Amazon Web Services, Inc.",Amazon Virtual Private Cloud,,,,,,,,,,,,,,,,,,,,,,,,,,,,,,VPCPublicIPv4Address,Hourly charge for In-use Public IPv4 Addresses for EC2 Free Tier (RunInstances),,,,,,,,,US West (Oregon),AWS Region,,,,,,,,,,,,,,RunInstances,,,,,,,,,,us-west-2,us-west-2,,,,,AmazonVPC,Amazon Virtual Private Cloud,3SRRHNF5HBXV2HAX,,,,,,,,,,,USW2-PublicIPv4:InUseAddress,,,,,,3SRRHNF5HBXV2HAX.A429C66SYZ.6YS6EN2CT7,283124797654,USD,0.0000000000,,,Hrs,,,,,,,,,,21100991771,,,,,,,,,,,,,,,
4p5hip35vccndrkauvwogas7oa5zptxjvjigp444ffkm75xmngsq,2026-02-01T00:00:00Z/2026-03-01T00:00:00Z,,"Amazon Web Services, Inc.",AWS,Anniversary,595673262386,2026-02-01T00:00:00Z,2026-03-01T00:00:00Z,353545917793,Usage,2026-02-01T19:00:00Z,2026-02-01T21:00:00Z,AmazonVPC,USW2-PublicIPv4:InUseAddress,RunInstances,,arn:aws:ec2:us-west-2:353545917793:network-interface/eni-03249819ab37f3dc4,0.9397220000,,,USD,0.0000000000,0.0000000000,0.0000000000,0.0000000000,$0.00 per In-use public IPv4 address per hour for EC2 Free Tier,,"Amazon Web Services, Inc.",Amazon Virtual Private Cloud,,,,,,,,,,,,,,,,,,,,,,,,,,,,,,VPCPublicIPv4Address,Hourly charge for In-use Public IPv4 Addresses for EC2 Free Tier (RunInstances),,,,,,,,,US West (Oregon),AWS Region,,,,,,,,,,,,,,RunInstances,,,,,,,,,,us-west-2,us-west-2,,,,,AmazonVPC,Amazon Virtual Private Cloud,3SRRHNF5HBXV2HAX,,,,,,,,,,,USW2-PublicIPv4:InUseAddress,,,,,,3SRRHNF5HBXV2HAX.A429C66SYZ.6YS6EN2CT7,283124797654,USD,0.0000000000,,,Hrs,,,,,,,,,,21100991771,,,,,,,,,,,,,,,
doxe5c2cvto7ix2w3t2zejtbzw3adsjxhqpeg242frr2ot46u5ga,2026-02-01T00:00:00Z/2026-03-01T00:00:00Z,,"Amazon Web Services, Inc.",AWS,Anniversary,595673262386,2026-02-01T00:00:00Z,2026-03-01T00:00:00Z,353545917793,Usage,2026-02-01T00:00:00Z,2026-02-02T10:00:00Z,AmazonVPC,USW2-PublicIPv4:InUseAddress,RunInstances,,arn:aws:ec2:us-west-2:353545917793:network-interface/eni-078ee1b6cb1315cdb,34.0000000000,,,USD,0.0000000000,0.0000000000,0.0000000000,0.0000000000,$0.00 per In-use public IPv4 address per hour for EC2 Free Tier,,"Amazon Web Services, Inc.",Amazon Virtual Private Cloud,,,,,,,,,,,,,,,,,,,,,,,,,,,,,,VPCPublicIPv4Address,Hourly charge for In-use Public IPv4 Addresses for EC2 Free Tier (RunInstances),,,,,,,,,US West (Oregon),AWS Region,,,,,,,,,,,,,,RunInstances,,,,,,,,,,us-west-2,us-west-2,,,,,AmazonVPC,Amazon Virtual Private Cloud,3SRRHNF5HBXV2HAX,,,,,,,,,,,USW2-PublicIPv4:InUseAddress,,,,,,3SRRHNF5HBXV2HAX.A429C66SYZ.6YS6EN2CT7,283124797654,USD,0.0000000000,,,Hrs,,,,,,,,,,21100991771,,,,,,,,,,,,,,,
mzqjkbx5qnrbtg4g6mjk44agkluwprqba72q4ywz2uh5z4o7sjra,2026-02-01T00:00:00Z/2026-03-01T00:00:00Z,,"Amazon Web Services, Inc.",AWS,Anniversary,595673262386,2026-02-01T00:00:00Z,2026-03-01T00:00:00Z,353545917793,Usage,2026-02-01T00:00:00Z,2026-02-01T20:00:00Z,AmazonVPC,USW2-PublicIPv4:InUseAddress,RunInstances,,arn:aws:ec2:us-west-2:353545917793:network-interface/eni-0958863abd42266f6,19.3058330000,,,USD,0.0000000000,0.0000000000,0.0000000000,0.0000000000,$0.00 per In-use public IPv4 address per hour for EC2 Free Tier,,"Amazon Web Services, Inc.",Amazon Virtual Private Cloud,,,,,,,,,,,,,,,,,,,,,,,,,,,,,,VPCPublicIPv4Address,Hourly charge for In-use Public IPv4 Addresses for EC2 Free Tier (RunInstances),,,,,,,,,US West (Oregon),AWS Region,,,,,,,,,,,,,,RunInstances,,,,,,,,,,us-west-2,us-west-2,,,,,AmazonVPC,Amazon Virtual Private Cloud,3SRRHNF5HBXV2HAX,,,,,,,,,,,USW2-PublicIPv4:InUseAddress,,,,,,3SRRHNF5HBXV2HAX.A429C66SYZ.6YS6EN2CT7,283124797654,USD,0.0000000000,,,Hrs,,,,,,,,,,21100991771,,,,,,,,,,,,,,,
nvasnrzenaixjxbogxggurwetayufvescaogstu2yc46uu3y5gwa,2026-02-01T00:00:00Z/2026-03-01T00:00:00Z,,"Amazon Web Services, Inc.",AWS,Anniversary,595673262386,2026-02-01T00:00:00Z,2026-03-01T00:00:00Z,353545917793,Usage,2026-02-01T19:00:00Z,2026-02-01T21:00:00Z,AmazonVPC,USW2-PublicIPv4:InUseAddress,RunInstances,,arn:aws:ec2:us-west-2:353545917793:network-interface/eni-09d2766ad50302b44,0.7777780000,,,USD,0.0000000000,0.0000000000,0.0000000000,0.0000000000,$0.00 per In-use public IPv4 address per hour for EC2 Free Tier,,"Amazon Web Services, Inc.",Amazon Virtual Private Cloud,,,,,,,,,,,,,,,,,,,,,,,,,,,,,,VPCPublicIPv4Address,Hourly charge for In-use Public IPv4 Addresses for EC2 Free Tier (RunInstances),,,,,,,,,US West (Oregon),AWS Region,,,,,,,,,,,,,,RunInstances,,,,,,,,,,us-west-2,us-west-2,,,,,AmazonVPC,Amazon Virtual Private Cloud,3SRRHNF5HBXV2HAX,,,,,,,,,,,USW2-PublicIPv4:InUseAddress,,,,,,3SRRHNF5HBXV2HAX.A429C66SYZ.6YS6EN2CT7,283124797654,USD,0.0000000000,,,Hrs,,,,,,,,,,21100991771,,,,,,,,,,,,,,,
6fegkriejsvxo65544u2se5ocjscuctngwkmpkrpdzij2w6y2npq,2026-02-01T00:00:00Z/2026-03-01T00:00:00Z,,"Amazon Web Services, Inc.",AWS,Anniversary,595673262386,2026-02-01T00:00:00Z,2026-03-01T00:00:00Z,353545917793,Usage,2026-02-01T00:00:00Z,2026-02-02T10:00:00Z,AmazonVPC,USW2-PublicIPv4:InUseAddress,RunInstances,,arn:aws:ec2:us-west-2:353545917793:network-interface/eni-0b27407972b6fe7e8,34.0000000000,,,USD,0.0000000000,0.0000000000,0.0000000000,0.0000000000,$0.00 per In-use public IPv4 address per hour for EC2 Free Tier,,"Amazon Web Services, Inc.",Amazon Virtual Private Cloud,,,,,,,,,,,,,,,,,,,,,,,,,,,,,,VPCPublicIPv4Address,Hourly charge for In-use Public IPv4 Addresses for EC2 Free Tier (RunInstances),,,,,,,,,US West (Oregon),AWS Region,,,,,,,,,,,,,,RunInstances,,,,,,,,,,us-west-2,us-west-2,,,,,AmazonVPC,Amazon Virtual Private Cloud,3SRRHNF5HBXV2HAX,,,,,,,,,,,USW2-PublicIPv4:InUseAddress,,,,,,3SRRHNF5HBXV2HAX.A429C66SYZ.6YS6EN2CT7,283124797654,USD,0.0000000000,,,Hrs,,,,,,,,,,21100991771,,,,,,,,,,,,,,,
2h2igg5kdtoj4ctrunnm2nln7yfn4vyw4odzynzusthvzbyli2nq,2026-02-01T00:00:00Z/2026-03-01T00:00:00Z,,"Amazon Web Services, Inc.",AWS,Anniversary,595673262386,2026-02-01T00:00:00Z,2026-03-01T00:00:00Z,353545917793,Usage,2026-02-01T20:00:00Z,2026-02-02T10:00:00Z,AmazonVPC,USW2-PublicIPv4:InUseAddress,RunInstances,,arn:aws:ec2:us-west-2:353545917793:network-interface/eni-0b46d281068732f9f,13.9419440000,,,USD,0.0000000000,0.0000000000,0.0000000000,0.0000000000,$0.00 per In-use public IPv4 address per hour for EC2 Free Tier,,"Amazon Web Services, Inc.",Amazon Virtual Private Cloud,,,,,,,,,,,,,,,,,,,,,,,,,,,,,,VPCPublicIPv4Address,Hourly charge for In-use Public IPv4 Addresses for EC2 Free Tier (RunInstances),,,,,,,,,US West (Oregon),AWS Region,,,,,,,,,,,,,,RunInstances,,,,,,,,,,us-west-2,us-west-2,,,,,AmazonVPC,Amazon Virtual Private Cloud,3SRRHNF5HBXV2HAX,,,,,,,,,,,USW2-PublicIPv4:InUseAddress,,,,,,3SRRHNF5HBXV2HAX.A429C66SYZ.6YS6EN2CT7,283124797654,USD,0.0000000000,,,Hrs,,,,,,,,,,21100991771,,,,,,,,,,,,,,,
2mfoahgq4q2grnqgedoayfudanrvbx7cp62rxzfduyz5fv4bfmyq,2026-02-01T00:00:00Z/2026-03-01T00:00:00Z,,"Amazon Web Services, Inc.",AWS,Anniversary,595673262386,2026-02-01T00:00:00Z,2026-03-01T00:00:00Z,353545917793,Usage,2026-02-01T00:00:00Z,2026-02-02T10:00:00Z,AmazonVPC,USW2-PublicIPv4:InUseAddress,RunInstances,,arn:aws:ec2:us-west-2:353545917793:network-interface/eni-0d93b36b811c77f4e,34.0000000000,,,USD,0.0000000000,0.0000000000,0.0000000000,0.0000000000,$0.00 per In-use public IPv4 address per hour for EC2 Free Tier,,"Amazon Web Services, Inc.",Amazon Virtual Private Cloud,,,,,,,,,,,,,,,,,,,,,,,,,,,,,,VPCPublicIPv4Address,Hourly charge for In-use Public IPv4 Addresses for EC2 Free Tier (RunInstances),,,,,,,,,US West (Oregon),AWS Region,,,,,,,,,,,,,,RunInstances,,,,,,,,,,us-west-2,us-west-2,,,,,AmazonVPC,Amazon Virtual Private Cloud,3SRRHNF5HBXV2HAX,,,,,,,,,,,USW2-PublicIPv4:InUseAddress,,,,,,3SRRHNF5HBXV2HAX.A429C66SYZ.6YS6EN2CT7,283124797654,USD,0.0000000000,,,Hrs,,,,,,,,,,21100991771,,,,,,,,,,,,,,,
pnvkqrj6fvsakfoi2dsmpqjhjfns434lfvv2uposyt2fobmbnlka,2026-02-01T00:00:00Z/2026-03-01T00:00:00Z,,"Amazon Web Services, Inc.",AWS,Anniversary,595673262386,2026-02-01T00:00:00Z,2026-03-01T00:00:00Z,353545917793,Usage,2026-02-01T00:00:00Z,2026-02-02T10:00:00Z,AmazonVPC,USW2-PublicIPv4:InUseAddress,RunInstances,,arn:aws:ec2:us-west-2:353545917793:network-interface/eni-0f079d8a853653d76,34.0000000000,,,USD,0.0000000000,0.0000000000,0.0000000000,0.0000000000,$0.00 per In-use public IPv4 address per hour for EC2 Free Tier,,"Amazon Web Services, Inc.",Amazon Virtual Private Cloud,,,,,,,,,,,,,,,,,,,,,,,,,,,,,,VPCPublicIPv4Address,Hourly charge for In-use Public IPv4 Addresses for EC2 Free Tier (RunInstances),,,,,,,,,US West (Oregon),AWS Region,,,,,,,,,,,,,,RunInstances,,,,,,,,,,us-west-2,us-west-2,,,,,AmazonVPC,Amazon Virtual Private Cloud,3SRRHNF5HBXV2HAX,,,,,,,,,,,USW2-PublicIPv4:InUseAddress,,,,,,3SRRHNF5HBXV2HAX.A429C66SYZ.6YS6EN2CT7,283124797654,USD,0.0000000000,,,Hrs,,,,,,,,,,21100991771,,,,,,,,,,,,,,,
hwzxayq72rbmrtefwdfddl3tkhexisbcwd3qeiajxg5u3jpewfhq,2026-02-01T00:00:00Z/2026-03-01T00:00:00Z,,"Amazon Web Services, Inc.",AWS,Anniversary,595673262386,2026-02-01T00:00:00Z,2026-03-01T00:00:00Z,353545917793,Usage,2026-02-01T09:00:00Z,2026-02-02T03:00:00Z,AmazonEC2,USW2-CAN1-AWS-Out-Bytes,PublicIP-Out,,i-0ee8635d596bf3d8b,0.0000000745,,,USD,0.0200000000,0.0000000015,0.0200000000,0.0000000015,$0.02 per GB - US West (Oregon) data transfer to Canada (Central),,"Amazon Web Services, Inc.",Amazon Elastic Compute Cloud,,,,,,,,,,,,,,,,,,,,,,,,,,US West (Oregon),AWS Region,us-west-2,,,,,,,,,,,,,,,,,,,,,,,,,,,,,,,,,Data Transfer,,,,us-west-2,,,,,,AWSDataTransfer,AWS Data Transfer,4AR283EJ3D82STYQ,,,,,,Canada (Central),AWS Region,ca-central-1,InterRegion Outbound,,USW2-CAN1-AWS-Out-Bytes,,,,,,4AR283EJ3D82STYQ.JRTCKXETXF.6YS6EN2CT7,200619042556,USD,0.0000000015,0.0200000000,OnDemand,GB,,,,,,,,,,21100991773,,,,,,,,,,,,,,,
qann4m67ys7tx2fsbefpb7fo5t4q6yiyvq2czqsy5cganwbk24oq,2026-02-01T00:00:00Z/2026-03-01T00:00:00Z,,"Amazon Web Services, Inc.",AWS,Anniversary,595673262386,2026-02-01T00:00:00Z,2026-03-01T00:00:00Z,353545917793,Usage,2026-02-01T10:00:00Z,2026-02-01T11:00:00Z,AWSELB,USW2-CAN1-AWS-Out-Bytes,LoadBalancing-PublicIP-Out,,arn:aws:elasticloadbalancing:us-west-2:353545917793:loadbalancer/app/ApplicatonLB-Dev/1e9a504c1888a0ba,0.0000047442,,,USD,0.0200000000,0.0000000949,0.0200000000,0.0000000949,$0.02 per GB - US West (Oregon) data transfer to Canada (Central),,"Amazon Web Services, Inc.",Elastic Load Balancing,,,,,,,,,,,,,,,,,,,,,,,,,,US West (Oregon),AWS Region,us-west-2,,,,,,,,,,,,,,,,,,,,,,,,,,,,,,,,,Data Transfer,,,,us-west-2,,,,,,AWSDataTransfer,AWS Data Transfer,4AR283EJ3D82STYQ,,,,,,Canada (Central),AWS Region,ca-central-1,InterRegion Outbound,,USW2-CAN1-AWS-Out-Bytes,,,,,,4AR283EJ3D82STYQ.JRTCKXETXF.6YS6EN2CT7,200619042556,USD,0.0000000949,0.0200000000,OnDemand,GB,,,,,,,,,,21100991773,,,,,,,,,,,,,,,
p4h5beyk62abi4xhd6tegixomiygyycyoawchgmohnjsb6ny256q,2026-02-01T00:00:00Z/2026-03-01T00:00:00Z,,"Amazon Web Services, Inc.",AWS,Anniversary,595673262386,2026-02-01T00:00:00Z,2026-03-01T00:00:00Z,353545917793,Usage,2026-02-02T04:00:00Z,2026-02-02T05:00:00Z,AmazonDynamoDB,USW2-WriteRequestUnits,PayPerRequestThroughput,us-west-2,arn:aws:dynamodb:us-west-2:353545917793:table/ai_claude_usage_text_dev,4.0000000000,,,USD,0.0000006250,0.0000025000,0.0000006250,0.0000025000,$0.625 per million write request units (Oregon),,"Amazon Web Services, Inc.",Amazon DynamoDB,,,,,,,,,,,,,,,,,,,,,,,,,,,,,,DDB-WriteUnits,DynamoDB PayPerRequest Write Request Units,,,,,,,,,US West (Oregon),AWS Region,,,,,,,,,,,,,,PayPerRequestThroughput,,,,,,Amazon DynamoDB PayPerRequest Throughput,,,,us-west-2,us-west-2,,,,,AmazonDynamoDB,Amazon DynamoDB,4G4G98VBTENWGY5R,,,,,,,,,,,USW2-WriteRequestUnits,,,,,,4G4G98VBTENWGY5R.JRTCKXETXF.6YS6EN2CT7,211789503883,USD,0.0000025000,0.0000006250,OnDemand,WriteRequestUnits,,,,,,,,,,21100991784,,,,,,,,,,,,,,,
yxquvzbd5ip3o6hqrh2pt5scg5y35kzfgvpes4dqt2gjur7pe2ea,2026-02-01T00:00:00Z/2026-03-01T00:00:00Z,,"Amazon Web Services, Inc.",AWS,Anniversary,595673262386,2026-02-01T00:00:00Z,2026-03-01T00:00:00Z,353545917793,Usage,2026-02-02T06:00:00Z,2026-02-02T11:00:00Z,AmazonDynamoDB,USW2-WriteRequestUnits,PayPerRequestThroughput,us-west-2,arn:aws:dynamodb:us-west-2:353545917793:table/ai_usage_dev,8.0000000000,,,USD,0.0000006250,0.0000050000,0.0000006250,0.0000050000,$0.625 per million write request units (Oregon),,"Amazon Web Services, Inc.",Amazon DynamoDB,,,,,,,,,,,,,,,,,,,,,,,,,,,,,,DDB-WriteUnits,DynamoDB PayPerRequest Write Request Units,,,,,,,,,US West (Oregon),AWS Region,,,,,,,,,,,,,,PayPerRequestThroughput,,,,,,Amazon DynamoDB PayPerRequest Throughput,,,,us-west-2,us-west-2,,,,,AmazonDynamoDB,Amazon DynamoDB,4G4G98VBTENWGY5R,,,,,,,,,,,USW2-WriteRequestUnits,,,,,,4G4G98VBTENWGY5R.JRTCKXETXF.6YS6EN2CT7,211789503883,USD,0.0000050000,0.0000006250,OnDemand,WriteRequestUnits,,,,,,,,,,21100991784,,,,,,,,,,,,,,,
mhl6bpeizzlp26uv2vim2gauujkjazlxodipyyhknz3felwuucvq,2026-02-01T00:00:00Z/2026-03-01T00:00:00Z,,"Amazon Web Services, Inc.",AWS,Anniversary,595673262386,2026-02-01T00:00:00Z,2026-03-01T00:00:00Z,353545917793,Usage,2026-02-02T08:00:00Z,2026-02-02T09:00:00Z,AWSQueueService,CAN1-Requests-Tier1,List,,,2.0000000000,,,USD,0.0000000000,0.0000000000,0.0000000000,0.0000000000,"First 1,000,000 Amazon SQS Requests per month are free",,"Amazon Web Services, Inc.",Amazon Simple Queue Service,,,,,,,,,,,,,,,,,,,,,,,,,,,,,,SQS-APIRequest-Tier1,Amazon SQS Requests,,,,,,,,,Canada (Central),AWS Region,,,,,,,At Least Once,Not Guaranteed,,,,,,,,,,,,API Request,,Standard,,ca-central-1,ca-central-1,,,,,AWSQueueService,Amazon Simple Queue Service,4GAC7KSBWB2RF3VB,,,,,,,,,,,CAN1-Requests-Tier1,,,,,,4GAC7KSBWB2RF3VB.A429C66SYZ.6YS6EN2CT7,231387327378,USD,0.0000008000,0.0000004000,,Requests,,,,,,,,,,21100991765,,,,,,,,,,,,,,,
pkiw3iliak2slx6udyejcfganigonki5nnlbapi6g4sffondx5xq,2026-02-01T00:00:00Z/2026-03-01T00:00:00Z,,"Amazon Web Services, Inc.",AWS,Anniversary,595673262386,2026-02-01T00:00:00Z,2026-03-01T00:00:00Z,353545917793,Usage,2026-02-01T22:00:00Z,2026-02-01T23:00:00Z,AmazonEC2,USW2-USW1-AWS-In-Bytes,PublicIP-In,,i-03dcf6b74c7efc8a2,0.0000000559,,,USD,0.0000000000,0.0000000000,0.0000000000,0.0000000000,$0.00 per GB - US West (Oregon) data transfer from US West (Northern California),,"Amazon Web Services, Inc.",Amazon Elastic Compute Cloud,,,,,,,,,,,,,,,,,,,,,,,,,,US West (Oregon),AWS Region,us-west-2,,,,,,,,,,,,,,,,,,,,,,,,,,,,,,,,,Data Transfer,,,,us-west-2,,,,,,AWSDataTransfer,AWS Data Transfer,55NFVN8W7N8G6PPF,,,,,,US West (N. California),AWS Region,us-west-1,InterRegion Inbound,,USW2-USW1-AWS-In-Bytes,,,,,,55NFVN8W7N8G6PPF.JRTCKXETXF.6YS6EN2CT7,200619029678,USD,0.0000000000,0.0000000000,OnDemand,GB,,,,,,,,,,21100991773,,,,,,,,,,,,,,,
f6zio2fs3eczmvkooqrpfuroriweoxpp7abpkl5l3juduvpj3xsq,2026-02-01T00:00:00Z/2026-03-01T00:00:00Z,,"Amazon Web Services, Inc.",AWS,Anniversary,595673262386,2026-02-01T00:00:00Z,2026-03-01T00:00:00Z,353545917793,Usage,2026-02-01T01:00:00Z,2026-02-01T03:00:00Z,AWSELB,USW2-USW1-AWS-In-Bytes,LoadBalancing-PublicIP-In,,arn:aws:elasticloadbalancing:us-west-2:353545917793:loadbalancer/app/ApplicatonLB-Dev/1e9a504c1888a0ba,0.0000024931,,,USD,0.0000000000,0.0000000000,0.0000000000,0.0000000000,$0.00 per GB - US West (Oregon) data transfer from US West (Northern California),,"Amazon Web Services, Inc.",Elastic Load Balancing,,,,,,,,,,,,,,,,,,,,,,,,,,US West (Oregon),AWS Region,us-west-2,,,,,,,,,,,,,,,,,,,,,,,,,,,,,,,,,Data Transfer,,,,us-west-2,,,,,,AWSDataTransfer,AWS Data Transfer,55NFVN8W7N8G6PPF,,,,,,US West (N. California),AWS Region,us-west-1,InterRegion Inbound,,USW2-USW1-AWS-In-Bytes,,,,,,55NFVN8W7N8G6PPF.JRTCKXETXF.6YS6EN2CT7,200619029678,USD,0.0000000000,0.0000000000,OnDemand,GB,,,,,,,,,,21100991773,,,,,,,,,,,,,,,
d3ajnyg367f5flwmkam4q6325sjzdqconik7fcvmcw4abkrcs7qa,2026-02-01T00:00:00Z/2026-03-01T00:00:00Z,,"Amazon Web Services, Inc.",AWS,Anniversary,595673262386,2026-02-01T00:00:00Z,2026-03-01T00:00:00Z,353545917793,Usage,2026-02-01T00:00:00Z,2026-02-02T11:00:00Z,AmazonGuardDuty,USW2-PaidEventsAnalyzed-Bytes,none,,,0.0268686850,,,USD,1.0000000000,0.0268686850,1.0000000000,0.0268686850,$1.00 per GB for the first 500 GB / month of data analyzed US West (Oregon) region,,"Amazon Web Services, Inc.",Amazon GuardDuty,,,,,,,,,,,,,,,,,,,,,,,,,,,,,,Security Services - Amazon GuardDuty Paid Data Events Processed,,,,,,,,,,US West (Oregon),AWS Region,,,,,,,,,,,,,,,,,,,,GuardDuty,,,,us-west-2,us-west-2,,,,,AmazonGuardDuty,Amazon GuardDuty,5BRYZ3RVF78ZSHRW,,,,,,,,,,,USW2-PaidEventsAnalyzed-Bytes,,,,,,5BRYZ3RVF78ZSHRW.JRTCKXETXF.C2QCTD4VXQ,350322077391,USD,0.0268686850,1.0000000000,OnDemand,GB,,,,,,,,,,21100991861,,,,,,,,,,,,,,,
4upgdx33xzluxdbbxlgkn5wtks6gp3hcaywu6qjg6jzltomw3hha,2026-02-01T00:00:00Z/2026-03-01T00:00:00Z,,"Amazon Web Services, Inc.",AWS,Anniversary,595673262386,2026-02-01T00:00:00Z,2026-03-01T00:00:00Z,353545917793,Usage,2026-02-02T06:00:00Z,2026-02-02T08:00:00Z,CodeBuild,USW2-Build-Min:Linux:g1.medium,Build,,arn:aws:codebuild:us-west-2:353545917793:project/DevFrontendAdminBuildProject,10.0000000000,,,USD,0.0100000000,0.1000000000,0.0100000000,0.1000000000,AWS CodeBuild - Build minutes on build.general1.medium - US West (Oregon),,"Amazon Web Services, Inc.",CodeBuild,,x86-64,,,,,,,OnDemand-EC2,general1.medium,,,,,,,,,,,,,,,,,,,,,,,,,,,,,,US West (Oregon),AWS Region,,,,,,7 GB,,,,,,,Linux,,,,,,,Compute,,,,us-west-2,us-west-2,,,,,CodeBuild,CodeBuild,5JDAZG67MJH4AP4V,,,,,,,,,,,USW2-Build-Min:Linux:g1.medium,4,,,,,5JDAZG67MJH4AP4V.JRTCKXETXF.6YS6EN2CT7,174693596785,USD,0.1000000000,0.0100000000,OnDemand,minutes,,,,,,,,,,21100991837,,,,,,,,,,,,,,,
jowhew3nrceviervks25btkir3adbqahqzrjxwfhpa7qnixjmrra,2026-02-01T00:00:00Z/2026-03-01T00:00:00Z,,"Amazon Web Services, Inc.",AWS,Anniversary,595673262386,2026-02-01T00:00:00Z,2026-03-01T00:00:00Z,353545917793,Usage,2026-02-02T05:00:00Z,2026-02-02T09:00:00Z,CodeBuild,USW2-Build-Min:Linux:g1.medium,Build,,arn:aws:codebuild:us-west-2:353545917793:project/SonarQube-Backend,64.0000000000,,,USD,0.0100000000,0.6400000000,0.0100000000,0.6400000000,AWS CodeBuild - Build minutes on build.general1.medium - US West (Oregon),,"Amazon Web Services, Inc.",CodeBuild,,x86-64,,,,,,,OnDemand-EC2,general1.medium,,,,,,,,,,,,,,,,,,,,,,,,,,,,,,US West (Oregon),AWS Region,,,,,,7 GB,,,,,,,Linux,,,,,,,Compute,,,,us-west-2,us-west-2,,,,,CodeBuild,CodeBuild,5JDAZG67MJH4AP4V,,,,,,,,,,,USW2-Build-Min:Linux:g1.medium,4,,,,,5JDAZG67MJH4AP4V.JRTCKXETXF.6YS6EN2CT7,174693596785,USD,0.6400000000,0.0100000000,OnDemand,minutes,,,,,,,,,,21100991837,,,,,,,,,,,,,,,
u2lop3qv4afibpk37dxadaarc5n34bxjf3hucpifwlboq43fwnxq,2026-02-01T00:00:00Z/2026-03-01T00:00:00Z,,"Amazon Web Services, Inc.",AWS,Anniversary,595673262386,2026-02-01T00:00:00Z,2026-03-01T00:00:00Z,353545917793,Usage,2026-02-02T06:00:00Z,2026-02-02T08:00:00Z,CodeBuild,USW2-Build-Min:Linux:g1.medium,Build,,arn:aws:codebuild:us-west-2:353545917793:project/SonarQube-Frontend-Admin,5.0000000000,,,USD,0.0100000000,0.0500000000,0.0100000000,0.0500000000,AWS CodeBuild - Build minutes on build.general1.medium - US West (Oregon),,"Amazon Web Services, Inc.",CodeBuild,,x86-64,,,,,,,OnDemand-EC2,general1.medium,,,,,,,,,,,,,,,,,,,,,,,,,,,,,,US West (Oregon),AWS Region,,,,,,7 GB,,,,,,,Linux,,,,,,,Compute,,,,us-west-2,us-west-2,,,,,CodeBuild,CodeBuild,5JDAZG67MJH4AP4V,,,,,,,,,,,USW2-Build-Min:Linux:g1.medium,4,,,,,5JDAZG67MJH4AP4V.JRTCKXETXF.6YS6EN2CT7,174693596785,USD,0.0500000000,0.0100000000,OnDemand,minutes,,,,,,,,,,21100991837,,,,,,,,,,,,,,,
fxgiq75vufpnvza436ussti6eukavrtxfg56pzqmhohlzkaaq4wq,2026-02-01T00:00:00Z/2026-03-01T00:00:00Z,,"Amazon Web Services, Inc.",AWS,Anniversary,595673262386,2026-02-01T00:00:00Z,2026-03-01T00:00:00Z,353545917793,Usage,2026-02-02T06:00:00Z,2026-02-02T11:00:00Z,AWSLambda,USW2-DataTransfer-Out-Bytes,Invoke,,,0.0000104346,,,USD,0.0000000000,0.0000000000,0.0000000000,0.0000000000,$0.000 per GB - data transfer out under the monthly global free tier,,"Amazon Web Services, Inc.",AWS Lambda,,,,,,,,,,,,,,,,,,,,,,,,,,US West (Oregon),AWS Region,us-west-2,,,,,,,,,,,,,,,,,,,,,,,,,,,,,,,,,Data Transfer,,,,us-west-2,,,,,,AWSDataTransfer,AWS Data Transfer,5M4327XEUKBBTWAT,,,,,,External,Other,,AWS Outbound,,USW2-DataTransfer-Out-Bytes,,,,,,5M4327XEUKBBTWAT.A429C66SYZ.6YS6EN2CT7,200603099601,USD,0.0000009391,0.0900000000,,GB,,,,,,,,,,21100991773,,,,,,,,,,,,,,,
n7wp45km5moyq5oybux5lnsdw3irigs6xrekayqqjo4ak7s3636q,2026-02-01T00:00:00Z/2026-03-01T00:00:00Z,,"Amazon Web Services, Inc.",AWS,Anniversary,595673262386,2026-02-01T00:00:00Z,2026-03-01T00:00:00Z,353545917793,Usage,2026-02-01T00:00:00Z,2026-02-01T20:00:00Z,AmazonEC2,USW2-DataTransfer-Out-Bytes,RunInstances,,i-002ddab9222dfe0bc,0.0012789445,,,USD,0.0000000000,0.0000000000,0.0000000000,0.0000000000,$0.000 per GB - data transfer out under the monthly global free tier,,"Amazon Web Services, Inc.",Amazon Elastic Compute Cloud,,,,,,,,,,,,,,,,,,,,,,,,,,US West (Oregon),AWS Region,us-west-2,,,,,,,,,,,,,,,,,,,,,,,,,,,,,,,,,Data Transfer,,,,us-west-2,,,,,,AWSDataTransfer,AWS Data Transfer,5M4327XEUKBBTWAT,,,,,,External,Other,,AWS Outbound,,USW2-DataTransfer-Out-Bytes,,,,,,5M4327XEUKBBTWAT.A429C66SYZ.6YS6EN2CT7,200603099601,USD,0.0001151050,0.0900000000,,GB,,,,,,,,,,21100991773,,,,,,,,,,,,,,,
kzo7hwsjt6gljemfmhdp7d66twu7hq6gfesg5zzpwhg6d2l7j4ua,2026-02-01T00:00:00Z/2026-03-01T00:00:00Z,,"Amazon Web Services, Inc.",AWS,Anniversary,595673262386,2026-02-01T00:00:00Z,2026-03-01T00:00:00Z,353545917793,Usage,2026-02-01T19:00:00Z,2026-02-01T21:00:00Z,AmazonEC2,USW2-DataTransfer-Out-Bytes,RunInstances,,i-027fb26adbe5ed18f,0.0000542329,,,USD,0.0000000000,0.0000000000,0.0000000000,0.0000000000,$0.000 per GB - data transfer out under the monthly global free tier,,"Amazon Web Services, Inc.",Amazon Elastic Compute Cloud,,,,,,,,,,,,,,,,,,,,,,,,,,US West (Oregon),AWS Region,us-west-2,,,,,,,,,,,,,,,,,,,,,,,,,,,,,,,,,Data Transfer,,,,us-west-2,,,,,,AWSDataTransfer,AWS Data Transfer,5M4327XEUKBBTWAT,,,,,,External,Other,,AWS Outbound,,USW2-DataTransfer-Out-Bytes,,,,,,5M4327XEUKBBTWAT.A429C66SYZ.6YS6EN2CT7,200603099601,USD,0.0000048810,0.0900000000,,GB,,,,,,,,,,21100991773,,,,,,,,,,,,,,,
dv7bfdm6sjjcxwnoyifsg7ghjcgsfk2xvrl34t672uugcg22h3nq,2026-02-01T00:00:00Z/2026-03-01T00:00:00Z,,"Amazon Web Services, Inc.",AWS,Anniversary,595673262386,2026-02-01T00:00:00Z,2026-03-01T00:00:00Z,353545917793,Usage,2026-02-01T20:00:00Z,2026-02-02T11:00:00Z,AmazonEC2,USW2-DataTransfer-Out-Bytes,RunInstances,,i-03dcf6b74c7efc8a2,0.0108149587,,,USD,0.0000000000,0.0000000000,0.0000000000,0.0000000000,$0.000 per GB - data transfer out under the monthly global free tier,,"Amazon Web Services, Inc.",Amazon Elastic Compute Cloud,,,,,,,,,,,,,,,,,,,,,,,,,,US West (Oregon),AWS Region,us-west-2,,,,,,,,,,,,,,,,,,,,,,,,,,,,,,,,,Data Transfer,,,,us-west-2,,,,,,AWSDataTransfer,AWS Data Transfer,5M4327XEUKBBTWAT,,,,,,External,Other,,AWS Outbound,,USW2-DataTransfer-Out-Bytes,,,,,,5M4327XEUKBBTWAT.A429C66SYZ.6YS6EN2CT7,200603099601,USD,0.0009733463,0.0900000000,,GB,,,,,,,,,,21100991773,,,,,,,,,,,,,,,
vaw7h3e5o4ebyj3c6243xx7hmc4jwf7vlez22gdcf2kyxxve2d7q,2026-02-01T00:00:00Z/2026-03-01T00:00:00Z,,"Amazon Web Services, Inc.",AWS,Anniversary,595673262386,2026-02-01T00:00:00Z,2026-03-01T00:00:00Z,353545917793,Usage,2026-02-01T19:00:00Z,2026-02-01T21:00:00Z,AmazonEC2,USW2-DataTransfer-Out-Bytes,RunInstances,,i-059b0e7dc012d0824,0.0038151818,,,USD,0.0000000000,0.0000000000,0.0000000000,0.0000000000,$0.000 per GB - data transfer out under the monthly global free tier,,"Amazon Web Services, Inc.",Amazon Elastic Compute Cloud,,,,,,,,,,,,,,,,,,,,,,,,,,US West (Oregon),AWS Region,us-west-2,,,,,,,,,,,,,,,,,,,,,,,,,,,,,,,,,Data Transfer,,,,us-west-2,,,,,,AWSDataTransfer,AWS Data Transfer,5M4327XEUKBBTWAT,,,,,,External,Other,,AWS Outbound,,USW2-DataTransfer-Out-Bytes,,,,,,5M4327XEUKBBTWAT.A429C66SYZ.6YS6EN2CT7,200603099601,USD,0.0003433664,0.0900000000,,GB,,,,,,,,,,21100991773,,,,,,,,,,,,,,,
wn6ggkay575fluppirgqqbhyjgoa6pjppwtii2ckwizvksmmyawa,2026-02-01T00:00:00Z/2026-03-01T00:00:00Z,,"Amazon Web Services, Inc.",AWS,Anniversary,595673262386,2026-02-01T00:00:00Z,2026-03-01T00:00:00Z,353545917793,Usage,2026-02-01T00:00:00Z,2026-02-02T11:00:00Z,AmazonEC2,USW2-DataTransfer-Out-Bytes,RunInstances,,i-0737636d2e5d8a31c,0.0019851122,,,USD,0.0000000000,0.0000000000,0.0000000000,0.0000000000,$0.000 per GB - data transfer out under the monthly global free tier,,"Amazon Web Services, Inc.",Amazon Elastic Compute Cloud,,,,,,,,,,,,,,,,,,,,,,,,,,US West (Oregon),AWS Region,us-west-2,,,,,,,,,,,,,,,,,,,,,,,,,,,,,,,,,Data Transfer,,,,us-west-2,,,,,,AWSDataTransfer,AWS Data Transfer,5M4327XEUKBBTWAT,,,,,,External,Other,,AWS Outbound,,USW2-DataTransfer-Out-Bytes,,,,,,5M4327XEUKBBTWAT.A429C66SYZ.6YS6EN2CT7,200603099601,USD,0.0001786601,0.0900000000,,GB,,,,,,,,,,21100991773,,,,,,,,,,,,,,,
wzyeotyiegwixib4z3rrmu3qmdrnxmir5idinuupke7pgb67ga7q,2026-02-01T00:00:00Z/2026-03-01T00:00:00Z,,"Amazon Web Services, Inc.",AWS,Anniversary,595673262386,2026-02-01T00:00:00Z,2026-03-01T00:00:00Z,353545917793,Usage,2026-02-01T00:00:00Z,2026-02-02T11:00:00Z,AmazonEC2,USW2-DataTransfer-Out-Bytes,RunInstances,,i-0ad0d864464631aea,0.0014443827,,,USD,0.0000000000,0.0000000000,0.0000000000,0.0000000000,$0.000 per GB - data transfer out under the monthly global free tier,,"Amazon Web Services, Inc.",Amazon Elastic Compute Cloud,,,,,,,,,,,,,,,,,,,,,,,,,,US West (Oregon),AWS Region,us-west-2,,,,,,,,,,,,,,,,,,,,,,,,,,,,,,,,,Data Transfer,,,,us-west-2,,,,,,AWSDataTransfer,AWS Data Transfer,5M4327XEUKBBTWAT,,,,,,External,Other,,AWS Outbound,,USW2-DataTransfer-Out-Bytes,,,,,,5M4327XEUKBBTWAT.A429C66SYZ.6YS6EN2CT7,200603099601,USD,0.0001299944,0.0900000000,,GB,,,,,,,,,,21100991773,,,,,,,,,,,,,,,
kc75ora4qksv3ty3iyqpkz7dfbmmriund4frqjzluoaa7yewvp5a,2026-02-01T00:00:00Z/2026-03-01T00:00:00Z,,"Amazon Web Services, Inc.",AWS,Anniversary,595673262386,2026-02-01T00:00:00Z,2026-03-01T00:00:00Z,353545917793,Usage,2026-02-01T00:00:00Z,2026-02-02T11:00:00Z,AmazonEC2,USW2-DataTransfer-Out-Bytes,RunInstances,,i-0b76fb544c7e81b35,0.0007599064,,,USD,0.0000000000,0.0000000000,0.0000000000,0.0000000000,$0.000 per GB - data transfer out under the monthly global free tier,,"Amazon Web Services, Inc.",Amazon Elastic Compute Cloud,,,,,,,,,,,,,,,,,,,,,,,,,,US West (Oregon),AWS Region,us-west-2,,,,,,,,,,,,,,,,,,,,,,,,,,,,,,,,,Data Transfer,,,,us-west-2,,,,,,AWSDataTransfer,AWS Data Transfer,5M4327XEUKBBTWAT,,,,,,External,Other,,AWS Outbound,,USW2-DataTransfer-Out-Bytes,,,,,,5M4327XEUKBBTWAT.A429C66SYZ.6YS6EN2CT7,200603099601,USD,0.0000683916,0.0900000000,,GB,,,,,,,,,,21100991773,,,,,,,,,,,,,,,
oo3hs2b6kj7nkhkhls4xsv5dkec6hmizr5fnrir2icfgikb6u5yq,2026-02-01T00:00:00Z/2026-03-01T00:00:00Z,,"Amazon Web Services, Inc.",AWS,Anniversary,595673262386,2026-02-01T00:00:00Z,2026-03-01T00:00:00Z,353545917793,Usage,2026-02-01T00:00:00Z,2026-02-01T20:00:00Z,AmazonEC2,USW2-DataTransfer-Out-Bytes,RunInstances,,i-0b9d34c5972a322eb,0.0014948306,,,USD,0.0000000000,0.0000000000,0.0000000000,0.0000000000,$0.000 per GB - data transfer out under the monthly global free tier,,"Amazon Web Services, Inc.",Amazon Elastic Compute Cloud,,,,,,,,,,,,,,,,,,,,,,,,,,US West (Oregon),AWS Region,us-west-2,,,,,,,,,,,,,,,,,,,,,,,,,,,,,,,,,Data Transfer,,,,us-west-2,,,,,,AWSDataTransfer,AWS Data Transfer,5M4327XEUKBBTWAT,,,,,,External,Other,,AWS Outbound,,USW2-DataTransfer-Out-Bytes,,,,,,5M4327XEUKBBTWAT.A429C66SYZ.6YS6EN2CT7,200603099601,USD,0.0001345348,0.0900000000,,GB,,,,,,,,,,21100991773,,,,,,,,,,,,,,,
qfczcyohwrc7po4j5lndbnt6ahfovqxgtecozhske5pcslpxwg3a,2026-02-01T00:00:00Z/2026-03-01T00:00:00Z,,"Amazon Web Services, Inc.",AWS,Anniversary,595673262386,2026-02-01T00:00:00Z,2026-03-01T00:00:00Z,353545917793,Usage,2026-02-01T00:00:00Z,2026-02-02T11:00:00Z,AmazonEC2,USW2-DataTransfer-Out-Bytes,RunInstances,,i-0ee8635d596bf3d8b,0.0035969269,,,USD,0.0000000000,0.0000000000,0.0000000000,0.0000000000,$0.000 per GB - data transfer out under the monthly global free tier,,"Amazon Web Services, Inc.",Amazon Elastic Compute Cloud,,,,,,,,,,,,,,,,,,,,,,,,,,US West (Oregon),AWS Region,us-west-2,,,,,,,,,,,,,,,,,,,,,,,,,,,,,,,,,Data Transfer,,,,us-west-2,,,,,,AWSDataTransfer,AWS Data Transfer,5M4327XEUKBBTWAT,,,,,,External,Other,,AWS Outbound,,USW2-DataTransfer-Out-Bytes,,,,,,5M4327XEUKBBTWAT.A429C66SYZ.6YS6EN2CT7,200603099601,USD,0.0003237234,0.0900000000,,GB,,,,,,,,,,21100991773,,,,,,,,,,,,,,,
rgmataksxbvfnxjr6f57yjpxstw346ovix5aplmqxf7xywackw2q,2026-02-01T00:00:00Z/2026-03-01T00:00:00Z,,"Amazon Web Services, Inc.",AWS,Anniversary,595673262386,2026-02-01T00:00:00Z,2026-03-01T00:00:00Z,353545917793,Usage,2026-02-01T00:00:00Z,2026-02-02T11:00:00Z,AmazonRDS,USW2-DataTransfer-Out-Bytes,Not Applicable,,arn:aws:rds:us-west-2:353545917793:db:postgres-instance,0.0058003905,,,USD,0.0000000000,0.0000000000,0.0000000000,0.0000000000,$0.000 per GB - data transfer out under the monthly global free tier,,"Amazon Web Services, Inc.",Amazon Relational Database Service,,,,,,,,,,,,,,,,,,,,,,,,,,US West (Oregon),AWS Region,us-west-2,,,,,,,,,,,,,,,,,,,,,,,,,,,,,,,,,Data Transfer,,,,us-west-2,,,,,,AWSDataTransfer,AWS Data Transfer,5M4327XEUKBBTWAT,,,,,,External,Other,,AWS Outbound,,USW2-DataTransfer-Out-Bytes,,,,,,5M4327XEUKBBTWAT.A429C66SYZ.6YS6EN2CT7,200603099601,USD,0.0005220351,0.0900000000,,GB,,,,,,,,,,21100991773,,,,,,,,,,,,,,,
2hxa27prnib6asht3tkj5vp5qn7hhetutk4pillbosm7y4ydymua,2026-02-01T00:00:00Z/2026-03-01T00:00:00Z,,"Amazon Web Services, Inc.",AWS,Anniversary,595673262386,2026-02-01T00:00:00Z,2026-03-01T00:00:00Z,353545917793,Usage,2026-02-01T00:00:00Z,2026-02-02T11:00:00Z,AmazonRDS,USW2-DataTransfer-Out-Bytes,Not Applicable,,arn:aws:rds:us-west-2:353545917793:db:prod-postgres-instance,0.0000756647,,,USD,0.0000000000,0.0000000000,0.0000000000,0.0000000000,$0.000 per GB - data transfer out under the monthly global free tier,,"Amazon Web Services, Inc.",Amazon Relational Database Service,,,,,,,,,,,,,,,,,,,,,,,,,,US West (Oregon),AWS Region,us-west-2,,,,,,,,,,,,,,,,,,,,,,,,,,,,,,,,,Data Transfer,,,,us-west-2,,,,,,AWSDataTransfer,AWS Data Transfer,5M4327XEUKBBTWAT,,,,,,External,Other,,AWS Outbound,,USW2-DataTransfer-Out-Bytes,,,,,,5M4327XEUKBBTWAT.A429C66SYZ.6YS6EN2CT7,200603099601,USD,0.0000068098,0.0900000000,,GB,,,,,,,,,,21100991773,,,,,,,,,,,,,,,
ateszqcurr2zh27umzoeawad3h2mqdcf7i5owu4bc7cqorj4cktq,2026-02-01T00:00:00Z/2026-03-01T00:00:00Z,,"Amazon Web Services, Inc.",AWS,Anniversary,595673262386,2026-02-01T00:00:00Z,2026-03-01T00:00:00Z,353545917793,Usage,2026-02-01T03:00:00Z,2026-02-02T11:00:00Z,AmazonSES,USW2-DataTransfer-Out-Bytes,SendEmail,,,0.0009373509,,,USD,0.0000000000,0.0000000000,0.0000000000,0.0000000000,$0.000 per GB - data transfer out under the monthly global free tier,,"Amazon Web Services, Inc.",Amazon Simple Email Service,,,,,,,,,,,,,,,,,,,,,,,,,,US West (Oregon),AWS Region,us-west-2,,,,,,,,,,,,,,,,,,,,,,,,,,,,,,,,,Data Transfer,,,,us-west-2,,,,,,AWSDataTransfer,AWS Data Transfer,5M4327XEUKBBTWAT,,,,,,External,Other,,AWS Outbound,,USW2-DataTransfer-Out-Bytes,,,,,,5M4327XEUKBBTWAT.A429C66SYZ.6YS6EN2CT7,200603099601,USD,0.0000843616,0.0900000000,,GB,,,,,,,,,,21100991773,,,,,,,,,,,,,,,
hh67k4kjv4ctptvwoh4gz2ucf7l66wfkoxig3kqbbimrkcmeonoq,2026-02-01T00:00:00Z/2026-03-01T00:00:00Z,,"Amazon Web Services, Inc.",AWS,Anniversary,595673262386,2026-02-01T00:00:00Z,2026-03-01T00:00:00Z,353545917793,Usage,2026-02-01T19:00:00Z,2026-02-02T10:00:00Z,AmazonSNS,USW2-DataTransfer-Out-Bytes,ListSubscriptions,,,0.0000012517,,,USD,0.0000000000,0.0000000000,0.0000000000,0.0000000000,$0.000 per GB - data transfer out under the monthly global free tier,,"Amazon Web Services, Inc.",Amazon Simple Notification Service,,,,,,,,,,,,,,,,,,,,,,,,,,US West (Oregon),AWS Region,us-west-2,,,,,,,,,,,,,,,,,,,,,,,,,,,,,,,,,Data Transfer,,,,us-west-2,,,,,,AWSDataTransfer,AWS Data Transfer,5M4327XEUKBBTWAT,,,,,,External,Other,,AWS Outbound,,USW2-DataTransfer-Out-Bytes,,,,,,5M4327XEUKBBTWAT.A429C66SYZ.6YS6EN2CT7,200603099601,USD,0.0000001127,0.0900000000,,GB,,,,,,,,,,21100991773,,,,,,,,,,,,,,,
xx64a3s2j4xhmazs5g4er27pjn2iem3isovrpuwxcr73p6ecvspq,2026-02-01T00:00:00Z/2026-03-01T00:00:00Z,,"Amazon Web Services, Inc.",AWS,Anniversary,595673262386,2026-02-01T00:00:00Z,2026-03-01T00:00:00Z,353545917793,Usage,2026-02-02T08:00:00Z,2026-02-02T10:00:00Z,AmazonSNS,USW2-DataTransfer-Out-Bytes,ListSubscriptionsByTopic,,arn:aws:sns:us-west-2:353545917793:FinanceMonthlyBilling,0.0000002440,,,USD,0.0000000000,0.0000000000,0.0000000000,0.0000000000,$0.000 per GB - data transfer out under the monthly global free tier,,"Amazon Web Services, Inc.",Amazon Simple Notification Service,,,,,,,,,,,,,,,,,,,,,,,,,,US West (Oregon),AWS Region,us-west-2,,,,,,,,,,,,,,,,,,,,,,,,,,,,,,,,,Data Transfer,,,,us-west-2,,,,,,AWSDataTransfer,AWS Data Transfer,5M4327XEUKBBTWAT,,,,,,External,Other,,AWS Outbound,,USW2-DataTransfer-Out-Bytes,,,,,,5M4327XEUKBBTWAT.A429C66SYZ.6YS6EN2CT7,200603099601,USD,0.0000000220,0.0900000000,,GB,,,,,,,,,,21100991773,,,,,,,,,,,,,,,
jdjhw6aepdi6kucvj2bjnetdq3aqu4v2onek6rzw543anjd5f25a,2026-02-01T00:00:00Z/2026-03-01T00:00:00Z,,"Amazon Web Services, Inc.",AWS,Anniversary,595673262386,2026-02-01T00:00:00Z,2026-03-01T00:00:00Z,353545917793,Usage,2026-02-02T08:00:00Z,2026-02-02T09:00:00Z,AmazonSNS,USW2-DataTransfer-Out-Bytes,ListSubscriptionsByTopic,,arn:aws:sns:us-west-2:353545917793:MonthlyBillingReport,0.0000001211,,,USD,0.0000000000,0.0000000000,0.0000000000,0.0000000000,$0.000 per GB - data transfer out under the monthly global free tier,,"Amazon Web Services, Inc.",Amazon Simple Notification Service,,,,,,,,,,,,,,,,,,,,,,,,,,US West (Oregon),AWS Region,us-west-2,,,,,,,,,,,,,,,,,,,,,,,,,,,,,,,,,Data Transfer,,,,us-west-2,,,,,,AWSDataTransfer,AWS Data Transfer,5M4327XEUKBBTWAT,,,,,,External,Other,,AWS Outbound,,USW2-DataTransfer-Out-Bytes,,,,,,5M4327XEUKBBTWAT.A429C66SYZ.6YS6EN2CT7,200603099601,USD,0.0000000109,0.0900000000,,GB,,,,,,,,,,21100991773,,,,,,,,,,,,,,,
vtsojav4mf5quvc3andqpgjz2memiowg4mylww7ocldq7kqosgqa,2026-02-01T00:00:00Z/2026-03-01T00:00:00Z,,"Amazon Web Services, Inc.",AWS,Anniversary,595673262386,2026-02-01T00:00:00Z,2026-03-01T00:00:00Z,353545917793,Usage,2026-02-01T19:00:00Z,2026-02-02T10:00:00Z,AmazonSNS,USW2-DataTransfer-Out-Bytes,ListTopics,,,0.0000012191,,,USD,0.0000000000,0.0000000000,0.0000000000,0.0000000000,$0.000 per GB - data transfer out under the monthly global free tier,,"Amazon Web Services, Inc.",Amazon Simple Notification Service,,,,,,,,,,,,,,,,,,,,,,,,,,US West (Oregon),AWS Region,us-west-2,,,,,,,,,,,,,,,,,,,,,,,,,,,,,,,,,Data Transfer,,,,us-west-2,,,,,,AWSDataTransfer,AWS Data Transfer,5M4327XEUKBBTWAT,,,,,,External,Other,,AWS Outbound,,USW2-DataTransfer-Out-Bytes,,,,,,5M4327XEUKBBTWAT.A429C66SYZ.6YS6EN2CT7,200603099601,USD,0.0000001097,0.0900000000,,GB,,,,,,,,,,21100991773,,,,,,,,,,,,,,,
qvr3pg6mgmuv66vipii6mdm7y7bpp2eqms2zdldh4str65tbcizq,2026-02-01T00:00:00Z/2026-03-01T00:00:00Z,,"Amazon Web Services, Inc.",AWS,Anniversary,595673262386,2026-02-01T00:00:00Z,2026-03-01T00:00:00Z,353545917793,Usage,2026-02-02T08:00:00Z,2026-02-02T09:00:00Z,AmazonSNS,USW2-DataTransfer-Out-Bytes,SubscriptionConfirmation,,arn:aws:sns:us-west-2:353545917793:FinanceMonthlyBilling,0.0000015032,,,USD,0.0000000000,0.0000000000,0.0000000000,0.0000000000,$0.000 per GB - data transfer out under the monthly global free tier,,"Amazon Web Services, Inc.",Amazon Simple Notification Service,,,,,,,,,,,,,,,,,,,,,,,,,,US West (Oregon),AWS Region,us-west-2,,,,,,,,,,,,,,,,,,,,,,,,,,,,,,,,,Data Transfer,,,,us-west-2,,,,,,AWSDataTransfer,AWS Data Transfer,5M4327XEUKBBTWAT,,,,,,External,Other,,AWS Outbound,,USW2-DataTransfer-Out-Bytes,,,,,,5M4327XEUKBBTWAT.A429C66SYZ.6YS6EN2CT7,200603099601,USD,0.0000001353,0.0900000000,,GB,,,,,,,,,,21100991773,,,,,,,,,,,,,,,
vwvu7f2tllp7dkomrg6onxlfnscbk6rqlqjgrzqgpwlvqjr73n6q,2026-02-01T00:00:00Z/2026-03-01T00:00:00Z,,"Amazon Web Services, Inc.",AWS,Anniversary,595673262386,2026-02-01T00:00:00Z,2026-03-01T00:00:00Z,353545917793,Usage,2026-02-02T08:00:00Z,2026-02-02T09:00:00Z,AmazonSNS,USW2-DataTransfer-Out-Bytes,SubscriptionConfirmation,,arn:aws:sns:us-west-2:353545917793:MonthlyBillingReport,0.0000015004,,,USD,0.0000000000,0.0000000000,0.0000000000,0.0000000000,$0.000 per GB - data transfer out under the monthly global free tier,,"Amazon Web Services, Inc.",Amazon Simple Notification Service,,,,,,,,,,,,,,,,,,,,,,,,,,US West (Oregon),AWS Region,us-west-2,,,,,,,,,,,,,,,,,,,,,,,,,,,,,,,,,Data Transfer,,,,us-west-2,,,,,,AWSDataTransfer,AWS Data Transfer,5M4327XEUKBBTWAT,,,,,,External,Other,,AWS Outbound,,USW2-DataTransfer-Out-Bytes,,,,,,5M4327XEUKBBTWAT.A429C66SYZ.6YS6EN2CT7,200603099601,USD,0.0000001350,0.0900000000,,GB,,,,,,,,,,21100991773,,,,,,,,,,,,,,,
iivrqvxnzo6m244h64jdcvml3hx7ewp6ydvqbniabaj5jd4whyjq,2026-02-01T00:00:00Z/2026-03-01T00:00:00Z,,"Amazon Web Services, Inc.",AWS,Anniversary,595673262386,2026-02-01T00:00:00Z,2026-03-01T00:00:00Z,353545917793,Usage,2026-02-02T08:00:00Z,2026-02-02T09:00:00Z,AWSQueueService,USW2-DataTransfer-Out-Bytes,List,,,0.0000005662,,,USD,0.0000000000,0.0000000000,0.0000000000,0.0000000000,$0.000 per GB - data transfer out under the monthly global free tier,,"Amazon Web Services, Inc.",Amazon Simple Queue Service,,,,,,,,,,,,,,,,,,,,,,,,,,US West (Oregon),AWS Region,us-west-2,,,,,,,,,,,,,,,,,,,,,,,,,,,,,,,,,Data Transfer,,,,us-west-2,,,,,,AWSDataTransfer,AWS Data Transfer,5M4327XEUKBBTWAT,,,,,,External,Other,,AWS Outbound,,USW2-DataTransfer-Out-Bytes,,,,,,5M4327XEUKBBTWAT.A429C66SYZ.6YS6EN2CT7,200603099601,USD,0.0000000510,0.0900000000,,GB,,,,,,,,,,21100991773,,,,,,,,,,,,,,,
cqyivhgmjai5fv36niha6d6avaxwhwh2bmi2gmv4nbnxqzd3lura,2026-02-01T00:00:00Z/2026-03-01T00:00:00Z,,"Amazon Web Services, Inc.",AWS,Anniversary,595673262386,2026-02-01T00:00:00Z,2026-03-01T00:00:00Z,353545917793,Usage,2026-02-02T07:00:00Z,2026-02-02T09:00:00Z,AmazonS3,USW2-DataTransfer-Out-Bytes,GetBucketMetadataConfig,,model-usage-sindh-obudsman,0.0000020461,,,USD,0.0000000000,0.0000000000,0.0000000000,0.0000000000,$0.000 per GB - data transfer out under the monthly global free tier,,"Amazon Web Services, Inc.",Amazon Simple Storage Service,,,,,,,,,,,,,,,,,,,,,,,,,,US West (Oregon),AWS Region,us-west-2,,,,,,,,,,,,,,,,,,,,,,,,,,,,,,,,,Data Transfer,,,,us-west-2,,,,,,AWSDataTransfer,AWS Data Transfer,5M4327XEUKBBTWAT,,,,,,External,Other,,AWS Outbound,,USW2-DataTransfer-Out-Bytes,,,,,,5M4327XEUKBBTWAT.A429C66SYZ.6YS6EN2CT7,200603099601,USD,0.0000001841,0.0900000000,,GB,,,,,,,,,,21100991773,,,,,,,,,,,,,,,
corlkb7b6adg5mlvoawbik7hmxljzc3zzxmyjhy7bkjalpfo2peq,2026-02-01T00:00:00Z/2026-03-01T00:00:00Z,,"Amazon Web Services, Inc.",AWS,Anniversary,595673262386,2026-02-01T00:00:00Z,2026-03-01T00:00:00Z,353545917793,Usage,2026-02-02T10:00:00Z,2026-02-02T11:00:00Z,AmazonS3,USW2-DataTransfer-Out-Bytes,GetBucketMetadataConfig,,s3bucketforizza,0.0000009686,,,USD,0.0000000000,0.0000000000,0.0000000000,0.0000000000,$0.000 per GB - data transfer out under the monthly global free tier,,"Amazon Web Services, Inc.",Amazon Simple Storage Service,,,,,,,,,,,,,,,,,,,,,,,,,,US West (Oregon),AWS Region,us-west-2,,,,,,,,,,,,,,,,,,,,,,,,,,,,,,,,,Data Transfer,,,,us-west-2,,,,,,AWSDataTransfer,AWS Data Transfer,5M4327XEUKBBTWAT,,,,,,External,Other,,AWS Outbound,,USW2-DataTransfer-Out-Bytes,,,,,,5M4327XEUKBBTWAT.A429C66SYZ.6YS6EN2CT7,200603099601,USD,0.0000000872,0.0900000000,,GB,,,,,,,,,,21100991773,,,,,,,,,,,,,,,
kw4idl6zmz754byum4qmcthkfgdt44hlltjsckkyj7xh2djxzu4a,2026-02-01T00:00:00Z/2026-03-01T00:00:00Z,,"Amazon Web Services, Inc.",AWS,Anniversary,595673262386,2026-02-01T00:00:00Z,2026-03-01T00:00:00Z,353545917793,Usage,2026-02-02T04:00:00Z,2026-02-02T11:00:00Z,AmazonS3,USW2-DataTransfer-Out-Bytes,GetObject,,s3stack-userfileuploadbucket259f036a-aoe8urrbevxw,0.4277231536,,,USD,0.0000000000,0.0000000000,0.0000000000,0.0000000000,$0.000 per GB - data transfer out under the monthly global free tier,,"Amazon Web Services, Inc.",Amazon Simple Storage Service,,,,,,,,,,,,,,,,,,,,,,,,,,US West (Oregon),AWS Region,us-west-2,,,,,,,,,,,,,,,,,,,,,,,,,,,,,,,,,Data Transfer,,,,us-west-2,,,,,,AWSDataTransfer,AWS Data Transfer,5M4327XEUKBBTWAT,,,,,,External,Other,,AWS Outbound,,USW2-DataTransfer-Out-Bytes,,,,,,5M4327XEUKBBTWAT.A429C66SYZ.6YS6EN2CT7,200603099601,USD,0.0384950838,0.0900000000,,GB,,,,,,,,,,21100991773,,,,,,,,,,,,,,,
u5thwujykg24dirc65z2fr3f5hzttkgonantkj7p7qaaprmrl76a,2026-02-01T00:00:00Z/2026-03-01T00:00:00Z,,"Amazon Web Services, Inc.",AWS,Anniversary,595673262386,2026-02-01T00:00:00Z,2026-03-01T00:00:00Z,353545917793,Usage,2026-02-01T02:00:00Z,2026-02-02T11:00:00Z,AmazonS3,USW2-DataTransfer-Out-Bytes,GetObject,,s3stack-userfileuploadbucketprod5670d977-cc1o6umd6ksg,0.1882141065,,,USD,0.0000000000,0.0000000000,0.0000000000,0.0000000000,$0.000 per GB - data transfer out under the monthly global free tier,,"Amazon Web Services, Inc.",Amazon Simple Storage Service,,,,,,,,,,,,,,,,,,,,,,,,,,US West (Oregon),AWS Region,us-west-2,,,,,,,,,,,,,,,,,,,,,,,,,,,,,,,,,Data Transfer,,,,us-west-2,,,,,,AWSDataTransfer,AWS Data Transfer,5M4327XEUKBBTWAT,,,,,,External,Other,,AWS Outbound,,USW2-DataTransfer-Out-Bytes,,,,,,5M4327XEUKBBTWAT.A429C66SYZ.6YS6EN2CT7,200603099601,USD,0.0169392696,0.0900000000,,GB,,,,,,,,,,21100991773,,,,,,,,,,,,,,,
2jv7o6dmps5y2rmaul2vztn3kafwruivzo3qycnaj3qbyxencpvq,2026-02-01T00:00:00Z/2026-03-01T00:00:00Z,,"Amazon Web Services, Inc.",AWS,Anniversary,595673262386,2026-02-01T00:00:00Z,2026-03-01T00:00:00Z,353545917793,Usage,2026-02-02T07:00:00Z,2026-02-02T08:00:00Z,AmazonS3,USW2-DataTransfer-Out-Bytes,ListBucket,,athena-logs-xyz123,0.0000190288,,,USD,0.0000000000,0.0000000000,0.0000000000,0.0000000000,$0.000 per GB - data transfer out under the monthly global free tier,,"Amazon Web Services, Inc.",Amazon Simple Storage Service,,,,,,,,,,,,,,,,,,,,,,,,,,US West (Oregon),AWS Region,us-west-2,,,,,,,,,,,,,,,,,,,,,,,,,,,,,,,,,Data Transfer,,,,us-west-2,,,,,,AWSDataTransfer,AWS Data Transfer,5M4327XEUKBBTWAT,,,,,,External,Other,,AWS Outbound,,USW2-DataTransfer-Out-Bytes,,,,,,5M4327XEUKBBTWAT.A429C66SYZ.6YS6EN2CT7,200603099601,USD,0.0000017126,0.0900000000,,GB,,,,,,,,,,21100991773,,,,,,,,,,,,,,,
kzr42rr3cney67u2phsjmqtuujbkmraqs7jfhlh3lqnzbc35ud2q,2026-02-01T00:00:00Z/2026-03-01T00:00:00Z,,"Amazon Web Services, Inc.",AWS,Anniversary,595673262386,2026-02-01T00:00:00Z,2026-03-01T00:00:00Z,353545917793,Usage,2026-02-02T07:00:00Z,2026-02-02T11:00:00Z,AmazonS3,USW2-DataTransfer-Out-Bytes,ListBucket,,attachment-bucket-11222,0.0000029979,,,USD,0.0000000000,0.0000000000,0.0000000000,0.0000000000,$0.000 per GB - data transfer out under the monthly global free tier,,"Amazon Web Services, Inc.",Amazon Simple Storage Service,,,,,,,,,,,,,,,,,,,,,,,,,,US West (Oregon),AWS Region,us-west-2,,,,,,,,,,,,,,,,,,,,,,,,,,,,,,,,,Data Transfer,,,,us-west-2,,,,,,AWSDataTransfer,AWS Data Transfer,5M4327XEUKBBTWAT,,,,,,External,Other,,AWS Outbound,,USW2-DataTransfer-Out-Bytes,,,,,,5M4327XEUKBBTWAT.A429C66SYZ.6YS6EN2CT7,200603099601,USD,0.0000002698,0.0900000000,,GB,,,,,,,,,,21100991773,,,,,,,,,,,,,,,
nbnpppidbe5kp52k4pu2hta73tb5uhwzp6m7unizuwrgm2mjs4va,2026-02-01T00:00:00Z/2026-03-01T00:00:00Z,,"Amazon Web Services, Inc.",AWS,Anniversary,595673262386,2026-02-01T00:00:00Z,2026-03-01T00:00:00Z,353545917793,Usage,2026-02-01T18:00:00Z,2026-02-01T20:00:00Z,AmazonS3,USW2-DataTransfer-Out-Bytes,ListBucket,,cdk-hnb659fds-assets-353545917793-us-west-2,0.0000025611,,,USD,0.0000000000,0.0000000000,0.0000000000,0.0000000000,$0.000 per GB - data transfer out under the monthly global free tier,,"Amazon Web Services, Inc.",Amazon Simple Storage Service,,,,,,,,,,,,,,,,,,,,,,,,,,US West (Oregon),AWS Region,us-west-2,,,,,,,,,,,,,,,,,,,,,,,,,,,,,,,,,Data Transfer,,,,us-west-2,,,,,,AWSDataTransfer,AWS Data Transfer,5M4327XEUKBBTWAT,,,,,,External,Other,,AWS Outbound,,USW2-DataTransfer-Out-Bytes,,,,,,5M4327XEUKBBTWAT.A429C66SYZ.6YS6EN2CT7,200603099601,USD,0.0000002305,0.0900000000,,GB,,,,,,,,,,21100991773,,,,,,,,,,,,,,,
wz3xloifr3heoj3xqref3hp7qiebfavlkewk4x3ge6jgrgetelaq,2026-02-01T00:00:00Z/2026-03-01T00:00:00Z,,"Amazon Web Services, Inc.",AWS,Anniversary,595673262386,2026-02-01T00:00:00Z,2026-03-01T00:00:00Z,353545917793,Usage,2026-02-02T07:00:00Z,2026-02-02T09:00:00Z,AmazonS3,USW2-DataTransfer-Out-Bytes,ListBucket,,model-usage-sindh-obudsman,0.0000073686,,,USD,0.0000000000,0.0000000000,0.0000000000,0.0000000000,$0.000 per GB - data transfer out under the monthly global free tier,,"Amazon Web Services, Inc.",Amazon Simple Storage Service,,,,,,,,,,,,,,,,,,,,,,,,,,US West (Oregon),AWS Region,us-west-2,,,,,,,,,,,,,,,,,,,,,,,,,,,,,,,,,Data Transfer,,,,us-west-2,,,,,,AWSDataTransfer,AWS Data Transfer,5M4327XEUKBBTWAT,,,,,,External,Other,,AWS Outbound,,USW2-DataTransfer-Out-Bytes,,,,,,5M4327XEUKBBTWAT.A429C66SYZ.6YS6EN2CT7,200603099601,USD,0.0000006632,0.0900000000,,GB,,,,,,,,,,21100991773,,,,,,,,,,,,,,,
l2kp4vh6x3bbhaum6lvhzzzdxbvbvp36sh7ndizhzzz46byd5z3a,2026-02-01T00:00:00Z/2026-03-01T00:00:00Z,,"Amazon Web Services, Inc.",AWS,Anniversary,595673262386,2026-02-01T00:00:00Z,2026-03-01T00:00:00Z,353545917793,Usage,2026-02-02T09:00:00Z,2026-02-02T11:00:00Z,AmazonS3,USW2-DataTransfer-Out-Bytes,ListBucket,,s3bucketforizza,0.0000016540,,,USD,0.0000000000,0.0000000000,0.0000000000,0.0000000000,$0.000 per GB - data transfer out under the monthly global free tier,,"Amazon Web Services, Inc.",Amazon Simple Storage Service,,,,,,,,,,,,,,,,,,,,,,,,,,US West (Oregon),AWS Region,us-west-2,,,,,,,,,,,,,,,,,,,,,,,,,,,,,,,,,Data Transfer,,,,us-west-2,,,,,,AWSDataTransfer,AWS Data Transfer,5M4327XEUKBBTWAT,,,,,,External,Other,,AWS Outbound,,USW2-DataTransfer-Out-Bytes,,,,,,5M4327XEUKBBTWAT.A429C66SYZ.6YS6EN2CT7,200603099601,USD,0.0000001489,0.0900000000,,GB,,,,,,,,,,21100991773,,,,,,,,,,,,,,,
5dp7nxwqbb5ff6owrcpfxyy66jtiru7zt5mwqoexh2yeegcr6r7q,2026-02-01T00:00:00Z/2026-03-01T00:00:00Z,,"Amazon Web Services, Inc.",AWS,Anniversary,595673262386,2026-02-01T00:00:00Z,2026-03-01T00:00:00Z,353545917793,Usage,2026-02-02T07:00:00Z,2026-02-02T09:00:00Z,AmazonS3,USW2-DataTransfer-Out-Bytes,ReadACL,,model-usage-sindh-obudsman,0.0000008940,,,USD,0.0000000000,0.0000000000,0.0000000000,0.0000000000,$0.000 per GB - data transfer out under the monthly global free tier,,"Amazon Web Services, Inc.",Amazon Simple Storage Service,,,,,,,,,,,,,,,,,,,,,,,,,,US West (Oregon),AWS Region,us-west-2,,,,,,,,,,,,,,,,,,,,,,,,,,,,,,,,,Data Transfer,,,,us-west-2,,,,,,AWSDataTransfer,AWS Data Transfer,5M4327XEUKBBTWAT,,,,,,External,Other,,AWS Outbound,,USW2-DataTransfer-Out-Bytes,,,,,,5M4327XEUKBBTWAT.A429C66SYZ.6YS6EN2CT7,200603099601,USD,0.0000000805,0.0900000000,,GB,,,,,,,,,,21100991773,,,,,,,,,,,,,,,
xgwpdjxe7unwgsz7hxbmfzcuos3d45gila2frr5xgzlbeisbikoq,2026-02-01T00:00:00Z/2026-03-01T00:00:00Z,,"Amazon Web Services, Inc.",AWS,Anniversary,595673262386,2026-02-01T00:00:00Z,2026-03-01T00:00:00Z,353545917793,Usage,2026-02-02T09:00:00Z,2026-02-02T11:00:00Z,AmazonS3,USW2-DataTransfer-Out-Bytes,ReadACL,,s3bucketforizza,0.0000014323,,,USD,0.0000000000,0.0000000000,0.0000000000,0.0000000000,$0.000 per GB - data transfer out under the monthly global free tier,,"Amazon Web Services, Inc.",Amazon Simple Storage Service,,,,,,,,,,,,,,,,,,,,,,,,,,US West (Oregon),AWS Region,us-west-2,,,,,,,,,,,,,,,,,,,,,,,,,,,,,,,,,Data Transfer,,,,us-west-2,,,,,,AWSDataTransfer,AWS Data Transfer,5M4327XEUKBBTWAT,,,,,,External,Other,,AWS Outbound,,USW2-DataTransfer-Out-Bytes,,,,,,5M4327XEUKBBTWAT.A429C66SYZ.6YS6EN2CT7,200603099601,USD,0.0000001289,0.0900000000,,GB,,,,,,,,,,21100991773,,,,,,,,,,,,,,,
xh5wcjv2frsghw675y6o22wdilc3qk7qjcnasgwpyirbntzhsntq,2026-02-01T00:00:00Z/2026-03-01T00:00:00Z,,"Amazon Web Services, Inc.",AWS,Anniversary,595673262386,2026-02-01T00:00:00Z,2026-03-01T00:00:00Z,353545917793,Usage,2026-02-02T07:00:00Z,2026-02-02T09:00:00Z,AmazonS3,USW2-DataTransfer-Out-Bytes,ReadAccelerate,,model-usage-sindh-obudsman,0.0000009472,,,USD,0.0000000000,0.0000000000,0.0000000000,0.0000000000,$0.000 per GB - data transfer out under the monthly global free tier,,"Amazon Web Services, Inc.",Amazon Simple Storage Service,,,,,,,,,,,,,,,,,,,,,,,,,,US West (Oregon),AWS Region,us-west-2,,,,,,,,,,,,,,,,,,,,,,,,,,,,,,,,,Data Transfer,,,,us-west-2,,,,,,AWSDataTransfer,AWS Data Transfer,5M4327XEUKBBTWAT,,,,,,External,Other,,AWS Outbound,,USW2-DataTransfer-Out-Bytes,,,,,,5M4327XEUKBBTWAT.A429C66SYZ.6YS6EN2CT7,200603099601,USD,0.0000000852,0.0900000000,,GB,,,,,,,,,,21100991773,,,,,,,,,,,,,,,
as752wwshfmcfmjsdnpvejirtv7zioegbbsuketrngogz4nvvdgq,2026-02-01T00:00:00Z/2026-03-01T00:00:00Z,,"Amazon Web Services, Inc.",AWS,Anniversary,595673262386,2026-02-01T00:00:00Z,2026-03-01T00:00:00Z,353545917793,Usage,2026-02-02T10:00:00Z,2026-02-02T11:00:00Z,AmazonS3,USW2-DataTransfer-Out-Bytes,ReadAccelerate,,s3bucketforizza,0.0000005336,,,USD,0.0000000000,0.0000000000,0.0000000000,0.0000000000,$0.000 per GB - data transfer out under the monthly global free tier,,"Amazon Web Services, Inc.",Amazon Simple Storage Service,,,,,,,,,,,,,,,,,,,,,,,,,,US West (Oregon),AWS Region,us-west-2,,,,,,,,,,,,,,,,,,,,,,,,,,,,,,,,,Data Transfer,,,,us-west-2,,,,,,AWSDataTransfer,AWS Data Transfer,5M4327XEUKBBTWAT,,,,,,External,Other,,AWS Outbound,,USW2-DataTransfer-Out-Bytes,,,,,,5M4327XEUKBBTWAT.A429C66SYZ.6YS6EN2CT7,200603099601,USD,0.0000000480,0.0900000000,,GB,,,,,,,,,,21100991773,,,,,,,,,,,,,,,
a3lavrfclxjtglqweyx7sgkf2zrityq6yy3fy3thhhndhtvdyhka,2026-02-01T00:00:00Z/2026-03-01T00:00:00Z,,"Amazon Web Services, Inc.",AWS,Anniversary,595673262386,2026-02-01T00:00:00Z,2026-03-01T00:00:00Z,353545917793,Usage,2026-02-02T07:00:00Z,2026-02-02T09:00:00Z,AmazonS3,USW2-DataTransfer-Out-Bytes,ReadBucketAbac,,model-usage-sindh-obudsman,0.0000003828,,,USD,0.0000000000,0.0000000000,0.0000000000,0.0000000000,$0.000 per GB - data transfer out under the monthly global free tier,,"Amazon Web Services, Inc.",Amazon Simple Storage Service,,,,,,,,,,,,,,,,,,,,,,,,,,US West (Oregon),AWS Region,us-west-2,,,,,,,,,,,,,,,,,,,,,,,,,,,,,,,,,Data Transfer,,,,us-west-2,,,,,,AWSDataTransfer,AWS Data Transfer,5M4327XEUKBBTWAT,,,,,,External,Other,,AWS Outbound,,USW2-DataTransfer-Out-Bytes,,,,,,5M4327XEUKBBTWAT.A429C66SYZ.6YS6EN2CT7,200603099601,USD,0.0000000345,0.0900000000,,GB,,,,,,,,,,21100991773,,,,,,,,,,,,,,,
jrvsxcnu2p4dv7iuxlv5b4573uv34wvw67qbw33zlgjvvjm76i7q,2026-02-01T00:00:00Z/2026-03-01T00:00:00Z,,"Amazon Web Services, Inc.",AWS,Anniversary,595673262386,2026-02-01T00:00:00Z,2026-03-01T00:00:00Z,353545917793,Usage,2026-02-02T10:00:00Z,2026-02-02T11:00:00Z,AmazonS3,USW2-DataTransfer-Out-Bytes,ReadBucketAbac,,s3bucketforizza,0.0000004796,,,USD,0.0000000000,0.0000000000,0.0000000000,0.0000000000,$0.000 per GB - data transfer out under the monthly global free tier,,"Amazon Web Services, Inc.",Amazon Simple Storage Service,,,,,,,,,,,,,,,,,,,,,,,,,,US West (Oregon),AWS Region,us-west-2,,,,,,,,,,,,,,,,,,,,,,,,,,,,,,,,,Data Transfer,,,,us-west-2,,,,,,AWSDataTransfer,AWS Data Transfer,5M4327XEUKBBTWAT,,,,,,External,Other,,AWS Outbound,,USW2-DataTransfer-Out-Bytes,,,,,,5M4327XEUKBBTWAT.A429C66SYZ.6YS6EN2CT7,200603099601,USD,0.0000000432,0.0900000000,,GB,,,,,,,,,,21100991773,,,,,,,,,,,,,,,
sazpbfvymlmi67o6oxltextgve4ebidsthipeg7hr23rn4qa73za,2026-02-01T00:00:00Z/2026-03-01T00:00:00Z,,"Amazon Web Services, Inc.",AWS,Anniversary,595673262386,2026-02-01T00:00:00Z,2026-03-01T00:00:00Z,353545917793,Usage,2026-02-02T07:00:00Z,2026-02-02T09:00:00Z,AmazonS3,USW2-DataTransfer-Out-Bytes,ReadBucketAnalytics,,model-usage-sindh-obudsman,0.0000004554,,,USD,0.0000000000,0.0000000000,0.0000000000,0.0000000000,$0.000 per GB - data transfer out under the monthly global free tier,,"Amazon Web Services, Inc.",Amazon Simple Storage Service,,,,,,,,,,,,,,,,,,,,,,,,,,US West (Oregon),AWS Region,us-west-2,,,,,,,,,,,,,,,,,,,,,,,,,,,,,,,,,Data Transfer,,,,us-west-2,,,,,,AWSDataTransfer,AWS Data Transfer,5M4327XEUKBBTWAT,,,,,,External,Other,,AWS Outbound,,USW2-DataTransfer-Out-Bytes,,,,,,5M4327XEUKBBTWAT.A429C66SYZ.6YS6EN2CT7,200603099601,USD,0.0000000410,0.0900000000,,GB,,,,,,,,,,21100991773,,,,,,,,,,,,,,,
yx2wlhg3z7le6oiasauvp2vqa66hc2zbemf2srv4vordh4norwfa,2026-02-01T00:00:00Z/2026-03-01T00:00:00Z,,"Amazon Web Services, Inc.",AWS,Anniversary,595673262386,2026-02-01T00:00:00Z,2026-03-01T00:00:00Z,353545917793,Usage,2026-02-02T10:00:00Z,2026-02-02T11:00:00Z,AmazonS3,USW2-DataTransfer-Out-Bytes,ReadBucketAnalytics,,s3bucketforizza,0.0000005318,,,USD,0.0000000000,0.0000000000,0.0000000000,0.0000000000,$0.000 per GB - data transfer out under the monthly global free tier,,"Amazon Web Services, Inc.",Amazon Simple Storage Service,,,,,,,,,,,,,,,,,,,,,,,,,,US West (Oregon),AWS Region,us-west-2,,,,,,,,,,,,,,,,,,,,,,,,,,,,,,,,,Data Transfer,,,,us-west-2,,,,,,AWSDataTransfer,AWS Data Transfer,5M4327XEUKBBTWAT,,,,,,External,Other,,AWS Outbound,,USW2-DataTransfer-Out-Bytes,,,,,,5M4327XEUKBBTWAT.A429C66SYZ.6YS6EN2CT7,200603099601,USD,0.0000000479,0.0900000000,,GB,,,,,,,,,,21100991773,,,,,,,,,,,,,,,
rl6baiwtxmtuiyk2kar6yofrumqjkt533kjygejvgvvgsfgrpk5a,2026-02-01T00:00:00Z/2026-03-01T00:00:00Z,,"Amazon Web Services, Inc.",AWS,Anniversary,595673262386,2026-02-01T00:00:00Z,2026-03-01T00:00:00Z,353545917793,Usage,2026-02-02T07:00:00Z,2026-02-02T09:00:00Z,AmazonS3,USW2-DataTransfer-Out-Bytes,ReadBucketCors,,model-usage-sindh-obudsman,0.0000006128,,,USD,0.0000000000,0.0000000000,0.0000000000,0.0000000000,$0.000 per GB - data transfer out under the monthly global free tier,,"Amazon Web Services, Inc.",Amazon Simple Storage Service,,,,,,,,,,,,,,,,,,,,,,,,,,US West (Oregon),AWS Region,us-west-2,,,,,,,,,,,,,,,,,,,,,,,,,,,,,,,,,Data Transfer,,,,us-west-2,,,,,,AWSDataTransfer,AWS Data Transfer,5M4327XEUKBBTWAT,,,,,,External,Other,,AWS Outbound,,USW2-DataTransfer-Out-Bytes,,,,,,5M4327XEUKBBTWAT.A429C66SYZ.6YS6EN2CT7,200603099601,USD,0.0000000552,0.0900000000,,GB,,,,,,,,,,21100991773,,,,,,,,,,,,,,,
ht64fcktptqulohm5cxpplvdyskxrt27akozbpynvmg3zri3rb3q,2026-02-01T00:00:00Z/2026-03-01T00:00:00Z,,"Amazon Web Services, Inc.",AWS,Anniversary,595673262386,2026-02-01T00:00:00Z,2026-03-01T00:00:00Z,353545917793,Usage,2026-02-02T09:00:00Z,2026-02-02T11:00:00Z,AmazonS3,USW2-DataTransfer-Out-Bytes,ReadBucketCors,,s3bucketforizza,0.0000012853,,,USD,0.0000000000,0.0000000000,0.0000000000,0.0000000000,$0.000 per GB - data transfer out under the monthly global free tier,,"Amazon Web Services, Inc.",Amazon Simple Storage Service,,,,,,,,,,,,,,,,,,,,,,,,,,US West (Oregon),AWS Region,us-west-2,,,,,,,,,,,,,,,,,,,,,,,,,,,,,,,,,Data Transfer,,,,us-west-2,,,,,,AWSDataTransfer,AWS Data Transfer,5M4327XEUKBBTWAT,,,,,,External,Other,,AWS Outbound,,USW2-DataTransfer-Out-Bytes,,,,,,5M4327XEUKBBTWAT.A429C66SYZ.6YS6EN2CT7,200603099601,USD,0.0000001157,0.0900000000,,GB,,,,,,,,,,21100991773,,,,,,,,,,,,,,,
vtm2dypsu6vz4tkm5ta3gznnexjxockeugfsgdjarahblvkhuptq,2026-02-01T00:00:00Z/2026-03-01T00:00:00Z,,"Amazon Web Services, Inc.",AWS,Anniversary,595673262386,2026-02-01T00:00:00Z,2026-03-01T00:00:00Z,353545917793,Usage,2026-02-02T07:00:00Z,2026-02-02T09:00:00Z,AmazonS3,USW2-DataTransfer-Out-Bytes,ReadBucketIntelligentTiering,,model-usage-sindh-obudsman,0.0000014166,,,USD,0.0000000000,0.0000000000,0.0000000000,0.0000000000,$0.000 per GB - data transfer out under the monthly global free tier,,"Amazon Web Services, Inc.",Amazon Simple Storage Service,,,,,,,,,,,,,,,,,,,,,,,,,,US West (Oregon),AWS Region,us-west-2,,,,,,,,,,,,,,,,,,,,,,,,,,,,,,,,,Data Transfer,,,,us-west-2,,,,,,AWSDataTransfer,AWS Data Transfer,5M4327XEUKBBTWAT,,,,,,External,Other,,AWS Outbound,,USW2-DataTransfer-Out-Bytes,,,,,,5M4327XEUKBBTWAT.A429C66SYZ.6YS6EN2CT7,200603099601,USD,0.0000001275,0.0900000000,,GB,,,,,,,,,,21100991773,,,,,,,,,,,,,,,
4wkw5qdg2nlmavhlwzy477n7wdxpcpqbhlobqe6m27576swhtprq,2026-02-01T00:00:00Z/2026-03-01T00:00:00Z,,"Amazon Web Services, Inc.",AWS,Anniversary,595673262386,2026-02-01T00:00:00Z,2026-03-01T00:00:00Z,353545917793,Usage,2026-02-02T10:00:00Z,2026-02-02T11:00:00Z,AmazonS3,USW2-DataTransfer-Out-Bytes,ReadBucketIntelligentTiering,,s3bucketforizza,0.0000005122,,,USD,0.0000000000,0.0000000000,0.0000000000,0.0000000000,$0.000 per GB - data transfer out under the monthly global free tier,,"Amazon Web Services, Inc.",Amazon Simple Storage Service,,,,,,,,,,,,,,,,,,,,,,,,,,US West (Oregon),AWS Region,us-west-2,,,,,,,,,,,,,,,,,,,,,,,,,,,,,,,,,Data Transfer,,,,us-west-2,,,,,,AWSDataTransfer,AWS Data Transfer,5M4327XEUKBBTWAT,,,,,,External,Other,,AWS Outbound,,USW2-DataTransfer-Out-Bytes,,,,,,5M4327XEUKBBTWAT.A429C66SYZ.6YS6EN2CT7,200603099601,USD,0.0000000461,0.0900000000,,GB,,,,,,,,,,21100991773,,,,,,,,,,,,,,,
3md3a6hq7q455genoz2ptjgjpnlrvkbd4rg2dgnemp77al2qcq5q,2026-02-01T00:00:00Z/2026-03-01T00:00:00Z,,"Amazon Web Services, Inc.",AWS,Anniversary,595673262386,2026-02-01T00:00:00Z,2026-03-01T00:00:00Z,353545917793,Usage,2026-02-02T07:00:00Z,2026-02-02T08:00:00Z,AmazonS3,USW2-DataTransfer-Out-Bytes,ReadBucketInventory,,model-usage-sindh-obudsman,0.0000001760,,,USD,0.0000000000,0.0000000000,0.0000000000,0.0000000000,$0.000 per GB - data transfer out under the monthly global free tier,,"Amazon Web Services, Inc.",Amazon Simple Storage Service,,,,,,,,,,,,,,,,,,,,,,,,,,US West (Oregon),AWS Region,us-west-2,,,,,,,,,,,,,,,,,,,,,,,,,,,,,,,,,Data Transfer,,,,us-west-2,,,,,,AWSDataTransfer,AWS Data Transfer,5M4327XEUKBBTWAT,,,,,,External,Other,,AWS Outbound,,USW2-DataTransfer-Out-Bytes,,,,,,5M4327XEUKBBTWAT.A429C66SYZ.6YS6EN2CT7,200603099601,USD,0.0000000158,0.0900000000,,GB,,,,,,,,,,21100991773,,,,,,,,,,,,,,,
wee3vnmsnzcb7kkjoe2xpxkuxlm6hjbxzwwil7kx4d4hnh35zhla,2026-02-01T00:00:00Z/2026-03-01T00:00:00Z,,"Amazon Web Services, Inc.",AWS,Anniversary,595673262386,2026-02-01T00:00:00Z,2026-03-01T00:00:00Z,353545917793,Usage,2026-02-02T09:00:00Z,2026-02-02T11:00:00Z,AmazonS3,USW2-DataTransfer-Out-Bytes,ReadBucketInventory,,s3bucketforizza,0.0000006715,,,USD,0.0000000000,0.0000000000,0.0000000000,0.0000000000,$0.000 per GB - data transfer out under the monthly global free tier,,"Amazon Web Services, Inc.",Amazon Simple Storage Service,,,,,,,,,,,,,,,,,,,,,,,,,,US West (Oregon),AWS Region,us-west-2,,,,,,,,,,,,,,,,,,,,,,,,,,,,,,,,,Data Transfer,,,,us-west-2,,,,,,AWSDataTransfer,AWS Data Transfer,5M4327XEUKBBTWAT,,,,,,External,Other,,AWS Outbound,,USW2-DataTransfer-Out-Bytes,,,,,,5M4327XEUKBBTWAT.A429C66SYZ.6YS6EN2CT7,200603099601,USD,0.0000000604,0.0900000000,,GB,,,,,,,,,,21100991773,,,,,,,,,,,,,,,
gcjcuvhlgrrwmzkajqhni5guydezifrpzc6t6bop62txxcnrgzbq,2026-02-01T00:00:00Z/2026-03-01T00:00:00Z,,"Amazon Web Services, Inc.",AWS,Anniversary,595673262386,2026-02-01T00:00:00Z,2026-03-01T00:00:00Z,353545917793,Usage,2026-02-02T07:00:00Z,2026-02-02T08:00:00Z,AmazonS3,USW2-DataTransfer-Out-Bytes,ReadBucketLifecycle,,model-usage-sindh-obudsman,0.0000005774,,,USD,0.0000000000,0.0000000000,0.0000000000,0.0000000000,$0.000 per GB - data transfer out under the monthly global free tier,,"Amazon Web Services, Inc.",Amazon Simple Storage Service,,,,,,,,,,,,,,,,,,,,,,,,,,US West (Oregon),AWS Region,us-west-2,,,,,,,,,,,,,,,,,,,,,,,,,,,,,,,,,Data Transfer,,,,us-west-2,,,,,,AWSDataTransfer,AWS Data Transfer,5M4327XEUKBBTWAT,,,,,,External,Other,,AWS Outbound,,USW2-DataTransfer-Out-Bytes,,,,,,5M4327XEUKBBTWAT.A429C66SYZ.6YS6EN2CT7,200603099601,USD,0.0000000520,0.0900000000,,GB,,,,,,,,,,21100991773,,,,,,,,,,,,,,,
jezmjmndjsus3d5nwijke6j5crycyya2mkuxdphjwm5jopzybx2q,2026-02-01T00:00:00Z/2026-03-01T00:00:00Z,,"Amazon Web Services, Inc.",AWS,Anniversary,595673262386,2026-02-01T00:00:00Z,2026-03-01T00:00:00Z,353545917793,Usage,2026-02-02T09:00:00Z,2026-02-02T11:00:00Z,AmazonS3,USW2-DataTransfer-Out-Bytes,ReadBucketLifecycle,,s3bucketforizza,0.0000007460,,,USD,0.0000000000,0.0000000000,0.0000000000,0.0000000000,$0.000 per GB - data transfer out under the monthly global free tier,,"Amazon Web Services, Inc.",Amazon Simple Storage Service,,,,,,,,,,,,,,,,,,,,,,,,,,US West (Oregon),AWS Region,us-west-2,,,,,,,,,,,,,,,,,,,,,,,,,,,,,,,,,Data Transfer,,,,us-west-2,,,,,,AWSDataTransfer,AWS Data Transfer,5M4327XEUKBBTWAT,,,,,,External,Other,,AWS Outbound,,USW2-DataTransfer-Out-Bytes,,,,,,5M4327XEUKBBTWAT.A429C66SYZ.6YS6EN2CT7,200603099601,USD,0.0000000671,0.0900000000,,GB,,,,,,,,,,21100991773,,,,,,,,,,,,,,,
f6xmlr2a75iwtpkcfwnitgucc7noxo6culbeick3o3izmv3tuulq,2026-02-01T00:00:00Z/2026-03-01T00:00:00Z,,"Amazon Web Services, Inc.",AWS,Anniversary,595673262386,2026-02-01T00:00:00Z,2026-03-01T00:00:00Z,353545917793,Usage,2026-02-02T10:00:00Z,2026-02-02T11:00:00Z,AmazonS3,USW2-DataTransfer-Out-Bytes,ReadBucketObjectLockConfig,,s3bucketforizza,0.0000010896,,,USD,0.0000000000,0.0000000000,0.0000000000,0.0000000000,$0.000 per GB - data transfer out under the monthly global free tier,,"Amazon Web Services, Inc.",Amazon Simple Storage Service,,,,,,,,,,,,,,,,,,,,,,,,,,US West (Oregon),AWS Region,us-west-2,,,,,,,,,,,,,,,,,,,,,,,,,,,,,,,,,Data Transfer,,,,us-west-2,,,,,,AWSDataTransfer,AWS Data Transfer,5M4327XEUKBBTWAT,,,,,,External,Other,,AWS Outbound,,USW2-DataTransfer-Out-Bytes,,,,,,5M4327XEUKBBTWAT.A429C66SYZ.6YS6EN2CT7,200603099601,USD,0.0000000981,0.0900000000,,GB,,,,,,,,,,21100991773,,,,,,,,,,,,,,,
vkvx54xb4y76zhg3y77jpoydwoj7teq3f5zgvgbivbvzeq4qsdcq,2026-02-01T00:00:00Z/2026-03-01T00:00:00Z,,"Amazon Web Services, Inc.",AWS,Anniversary,595673262386,2026-02-01T00:00:00Z,2026-03-01T00:00:00Z,353545917793,Usage,2026-02-02T07:00:00Z,2026-02-02T08:00:00Z,AmazonS3,USW2-DataTransfer-Out-Bytes,ReadBucketOwnershipControls,,athena-logs-xyz123,0.0000001797,,,USD,0.0000000000,0.0000000000,0.0000000000,0.0000000000,$0.000 per GB - data transfer out under the monthly global free tier,,"Amazon Web Services, Inc.",Amazon Simple Storage Service,,,,,,,,,,,,,,,,,,,,,,,,,,US West (Oregon),AWS Region,us-west-2,,,,,,,,,,,,,,,,,,,,,,,,,,,,,,,,,Data Transfer,,,,us-west-2,,,,,,AWSDataTransfer,AWS Data Transfer,5M4327XEUKBBTWAT,,,,,,External,Other,,AWS Outbound,,USW2-DataTransfer-Out-Bytes,,,,,,5M4327XEUKBBTWAT.A429C66SYZ.6YS6EN2CT7,200603099601,USD,0.0000000162,0.0900000000,,GB,,,,,,,,,,21100991773,,,,,,,,,,,,,,,
b3a2oqkv7577wcrnzyvg3nimfbz3orkzst4kedyvp2x2lnwvi44a,2026-02-01T00:00:00Z/2026-03-01T00:00:00Z,,"Amazon Web Services, Inc.",AWS,Anniversary,595673262386,2026-02-01T00:00:00Z,2026-03-01T00:00:00Z,353545917793,Usage,2026-02-02T07:00:00Z,2026-02-02T08:00:00Z,AmazonS3,USW2-DataTransfer-Out-Bytes,ReadBucketOwnershipControls,,dplit-monthly-billing-reports,0.0000001797,,,USD,0.0000000000,0.0000000000,0.0000000000,0.0000000000,$0.000 per GB - data transfer out under the monthly global free tier,,"Amazon Web Services, Inc.",Amazon Simple Storage Service,,,,,,,,,,,,,,,,,,,,,,,,,,US West (Oregon),AWS Region,us-west-2,,,,,,,,,,,,,,,,,,,,,,,,,,,,,,,,,Data Transfer,,,,us-west-2,,,,,,AWSDataTransfer,AWS Data Transfer,5M4327XEUKBBTWAT,,,,,,External,Other,,AWS Outbound,,USW2-DataTransfer-Out-Bytes,,,,,,5M4327XEUKBBTWAT.A429C66SYZ.6YS6EN2CT7,200603099601,USD,0.0000000162,0.0900000000,,GB,,,,,,,,,,21100991773,,,,,,,,,,,,,,,
nzbv7nnmtoe7tv65y37g6isnyfjt3ltputs2iblb3nf26ipy3tuq,2026-02-01T00:00:00Z/2026-03-01T00:00:00Z,,"Amazon Web Services, Inc.",AWS,Anniversary,595673262386,2026-02-01T00:00:00Z,2026-03-01T00:00:00Z,353545917793,Usage,2026-02-02T07:00:00Z,2026-02-02T09:00:00Z,AmazonS3,USW2-DataTransfer-Out-Bytes,ReadBucketOwnershipControls,,model-usage-sindh-obudsman,0.0000021570,,,USD,0.0000000000,0.0000000000,0.0000000000,0.0000000000,$0.000 per GB - data transfer out under the monthly global free tier,,"Amazon Web Services, Inc.",Amazon Simple Storage Service,,,,,,,,,,,,,,,,,,,,,,,,,,US West (Oregon),AWS Region,us-west-2,,,,,,,,,,,,,,,,,,,,,,,,,,,,,,,,,Data Transfer,,,,us-west-2,,,,,,AWSDataTransfer,AWS Data Transfer,5M4327XEUKBBTWAT,,,,,,External,Other,,AWS Outbound,,USW2-DataTransfer-Out-Bytes,,,,,,5M4327XEUKBBTWAT.A429C66SYZ.6YS6EN2CT7,200603099601,USD,0.0000001941,0.0900000000,,GB,,,,,,,,,,21100991773,,,,,,,,,,,,,,,
2ibfhzveqkkgnophwr2bnow2xnxw3t5rqlgbd4epmcurvt6xqu6q,2026-02-01T00:00:00Z/2026-03-01T00:00:00Z,,"Amazon Web Services, Inc.",AWS,Anniversary,595673262386,2026-02-01T00:00:00Z,2026-03-01T00:00:00Z,353545917793,Usage,2026-02-02T09:00:00Z,2026-02-02T11:00:00Z,AmazonS3,USW2-DataTransfer-Out-Bytes,ReadBucketOwnershipControls,,s3bucketforizza,0.0000028768,,,USD,0.0000000000,0.0000000000,0.0000000000,0.0000000000,$0.000 per GB - data transfer out under the monthly global free tier,,"Amazon Web Services, Inc.",Amazon Simple Storage Service,,,,,,,,,,,,,,,,,,,,,,,,,,US West (Oregon),AWS Region,us-west-2,,,,,,,,,,,,,,,,,,,,,,,,,,,,,,,,,Data Transfer,,,,us-west-2,,,,,,AWSDataTransfer,AWS Data Transfer,5M4327XEUKBBTWAT,,,,,,External,Other,,AWS Outbound,,USW2-DataTransfer-Out-Bytes,,,,,,5M4327XEUKBBTWAT.A429C66SYZ.6YS6EN2CT7,200603099601,USD,0.0000002589,0.0900000000,,GB,,,,,,,,,,21100991773,,,,,,,,,,,,,,,
zjfofr4gtjuhjuhhcolqxoo677z5lsa7mvq4nok5azc7i7r2marq,2026-02-01T00:00:00Z/2026-03-01T00:00:00Z,,"Amazon Web Services, Inc.",AWS,Anniversary,595673262386,2026-02-01T00:00:00Z,2026-03-01T00:00:00Z,353545917793,Usage,2026-02-02T07:00:00Z,2026-02-02T09:00:00Z,AmazonS3,USW2-DataTransfer-Out-Bytes,ReadBucketPolicy,,model-usage-sindh-obudsman,0.0000009695,,,USD,0.0000000000,0.0000000000,0.0000000000,0.0000000000,$0.000 per GB - data transfer out under the monthly global free tier,,"Amazon Web Services, Inc.",Amazon Simple Storage Service,,,,,,,,,,,,,,,,,,,,,,,,,,US West (Oregon),AWS Region,us-west-2,,,,,,,,,,,,,,,,,,,,,,,,,,,,,,,,,Data Transfer,,,,us-west-2,,,,,,AWSDataTransfer,AWS Data Transfer,5M4327XEUKBBTWAT,,,,,,External,Other,,AWS Outbound,,USW2-DataTransfer-Out-Bytes,,,,,,5M4327XEUKBBTWAT.A429C66SYZ.6YS6EN2CT7,200603099601,USD,0.0000000873,0.0900000000,,GB,,,,,,,,,,21100991773,,,,,,,,,,,,,,,
m6qdgi74anyhu7oy4vs6ae65ub5cu35ia5s6q4apwz3o2mqz6lpq,2026-02-01T00:00:00Z/2026-03-01T00:00:00Z,,"Amazon Web Services, Inc.",AWS,Anniversary,595673262386,2026-02-01T00:00:00Z,2026-03-01T00:00:00Z,353545917793,Usage,2026-02-02T09:00:00Z,2026-02-02T11:00:00Z,AmazonS3,USW2-DataTransfer-Out-Bytes,ReadBucketPolicy,,s3bucketforizza,0.0000012647,,,USD,0.0000000000,0.0000000000,0.0000000000,0.0000000000,$0.000 per GB - data transfer out under the monthly global free tier,,"Amazon Web Services, Inc.",Amazon Simple Storage Service,,,,,,,,,,,,,,,,,,,,,,,,,,US West (Oregon),AWS Region,us-west-2,,,,,,,,,,,,,,,,,,,,,,,,,,,,,,,,,Data Transfer,,,,us-west-2,,,,,,AWSDataTransfer,AWS Data Transfer,5M4327XEUKBBTWAT,,,,,,External,Other,,AWS Outbound,,USW2-DataTransfer-Out-Bytes,,,,,,5M4327XEUKBBTWAT.A429C66SYZ.6YS6EN2CT7,200603099601,USD,0.0000001138,0.0900000000,,GB,,,,,,,,,,21100991773,,,,,,,,,,,,,,,
dqpd4pl3ua6mo5s3nxgrjdk5qfj5cjgctn7okcxyosz6xcc2ymtq,2026-02-01T00:00:00Z/2026-03-01T00:00:00Z,,"Amazon Web Services, Inc.",AWS,Anniversary,595673262386,2026-02-01T00:00:00Z,2026-03-01T00:00:00Z,353545917793,Usage,2026-02-02T07:00:00Z,2026-02-02T08:00:00Z,AmazonS3,USW2-DataTransfer-Out-Bytes,ReadBucketPublicAccessBlock,,dplit-monthly-billing-reports,0.0000003036,,,USD,0.0000000000,0.0000000000,0.0000000000,0.0000000000,$0.000 per GB - data transfer out under the monthly global free tier,,"Amazon Web Services, Inc.",Amazon Simple Storage Service,,,,,,,,,,,,,,,,,,,,,,,,,,US West (Oregon),AWS Region,us-west-2,,,,,,,,,,,,,,,,,,,,,,,,,,,,,,,,,Data Transfer,,,,us-west-2,,,,,,AWSDataTransfer,AWS Data Transfer,5M4327XEUKBBTWAT,,,,,,External,Other,,AWS Outbound,,USW2-DataTransfer-Out-Bytes,,,,,,5M4327XEUKBBTWAT.A429C66SYZ.6YS6EN2CT7,200603099601,USD,0.0000000273,0.0900000000,,GB,,,,,,,,,,21100991773,,,,,,,,,,,,,,,
ibkqjnlcphx2tcpcq3sfrco4h6pyaefe5d3vus2szbjy2jzvq5xa,2026-02-01T00:00:00Z/2026-03-01T00:00:00Z,,"Amazon Web Services, Inc.",AWS,Anniversary,595673262386,2026-02-01T00:00:00Z,2026-03-01T00:00:00Z,353545917793,Usage,2026-02-02T07:00:00Z,2026-02-02T09:00:00Z,AmazonS3,USW2-DataTransfer-Out-Bytes,ReadBucketPublicAccessBlock,,model-usage-sindh-obudsman,0.0000036434,,,USD,0.0000000000,0.0000000000,0.0000000000,0.0000000000,$0.000 per GB - data transfer out under the monthly global free tier,,"Amazon Web Services, Inc.",Amazon Simple Storage Service,,,,,,,,,,,,,,,,,,,,,,,,,,US West (Oregon),AWS Region,us-west-2,,,,,,,,,,,,,,,,,,,,,,,,,,,,,,,,,Data Transfer,,,,us-west-2,,,,,,AWSDataTransfer,AWS Data Transfer,5M4327XEUKBBTWAT,,,,,,External,Other,,AWS Outbound,,USW2-DataTransfer-Out-Bytes,,,,,,5M4327XEUKBBTWAT.A429C66SYZ.6YS6EN2CT7,200603099601,USD,0.0000003279,0.0900000000,,GB,,,,,,,,,,21100991773,,,,,,,,,,,,,,,
kjvrk7rfhc6tn2vvkpre5y4s7mkyc6kpa6w5kkhy7kuad43psxja,2026-02-01T00:00:00Z/2026-03-01T00:00:00Z,,"Amazon Web Services, Inc.",AWS,Anniversary,595673262386,2026-02-01T00:00:00Z,2026-03-01T00:00:00Z,353545917793,Usage,2026-02-02T09:00:00Z,2026-02-02T11:00:00Z,AmazonS3,USW2-DataTransfer-Out-Bytes,ReadBucketPublicAccessBlock,,s3bucketforizza,0.0000046306,,,USD,0.0000000000,0.0000000000,0.0000000000,0.0000000000,$0.000 per GB - data transfer out under the monthly global free tier,,"Amazon Web Services, Inc.",Amazon Simple Storage Service,,,,,,,,,,,,,,,,,,,,,,,,,,US West (Oregon),AWS Region,us-west-2,,,,,,,,,,,,,,,,,,,,,,,,,,,,,,,,,Data Transfer,,,,us-west-2,,,,,,AWSDataTransfer,AWS Data Transfer,5M4327XEUKBBTWAT,,,,,,External,Other,,AWS Outbound,,USW2-DataTransfer-Out-Bytes,,,,,,5M4327XEUKBBTWAT.A429C66SYZ.6YS6EN2CT7,200603099601,USD,0.0000004168,0.0900000000,,GB,,,,,,,,,,21100991773,,,,,,,,,,,,,,,
3eoesozpogb3fbdsdmgrkgkvdiyvw4cru5ripfgauczpreess5vq,2026-02-01T00:00:00Z/2026-03-01T00:00:00Z,,"Amazon Web Services, Inc.",AWS,Anniversary,595673262386,2026-02-01T00:00:00Z,2026-03-01T00:00:00Z,353545917793,Usage,2026-02-02T07:00:00Z,2026-02-02T09:00:00Z,AmazonS3,USW2-DataTransfer-Out-Bytes,ReadBucketReplication,,model-usage-sindh-obudsman,0.0000013002,,,USD,0.0000000000,0.0000000000,0.0000000000,0.0000000000,$0.000 per GB - data transfer out under the monthly global free tier,,"Amazon Web Services, Inc.",Amazon Simple Storage Service,,,,,,,,,,,,,,,,,,,,,,,,,,US West (Oregon),AWS Region,us-west-2,,,,,,,,,,,,,,,,,,,,,,,,,,,,,,,,,Data Transfer,,,,us-west-2,,,,,,AWSDataTransfer,AWS Data Transfer,5M4327XEUKBBTWAT,,,,,,External,Other,,AWS Outbound,,USW2-DataTransfer-Out-Bytes,,,,,,5M4327XEUKBBTWAT.A429C66SYZ.6YS6EN2CT7,200603099601,USD,0.0000001170,0.0900000000,,GB,,,,,,,,,,21100991773,,,,,,,,,,,,,,,
evst3cpe5o6hi47rzomsqetso5pneanhnp4uuexvszpp2f2mjonq,2026-02-01T00:00:00Z/2026-03-01T00:00:00Z,,"Amazon Web Services, Inc.",AWS,Anniversary,595673262386,2026-02-01T00:00:00Z,2026-03-01T00:00:00Z,353545917793,Usage,2026-02-02T09:00:00Z,2026-02-02T11:00:00Z,AmazonS3,USW2-DataTransfer-Out-Bytes,ReadBucketReplication,,s3bucketforizza,0.0000013858,,,USD,0.0000000000,0.0000000000,0.0000000000,0.0000000000,$0.000 per GB - data transfer out under the monthly global free tier,,"Amazon Web Services, Inc.",Amazon Simple Storage Service,,,,,,,,,,,,,,,,,,,,,,,,,,US West (Oregon),AWS Region,us-west-2,,,,,,,,,,,,,,,,,,,,,,,,,,,,,,,,,Data Transfer,,,,us-west-2,,,,,,AWSDataTransfer,AWS Data Transfer,5M4327XEUKBBTWAT,,,,,,External,Other,,AWS Outbound,,USW2-DataTransfer-Out-Bytes,,,,,,5M4327XEUKBBTWAT.A429C66SYZ.6YS6EN2CT7,200603099601,USD,0.0000001247,0.0900000000,,GB,,,,,,,,,,21100991773,,,,,,,,,,,,,,,
qa3uwyr35tlho5vhwc35i4zzoq5l5c6tdlwraizpou24jey5ymga,2026-02-01T00:00:00Z/2026-03-01T00:00:00Z,,"Amazon Web Services, Inc.",AWS,Anniversary,595673262386,2026-02-01T00:00:00Z,2026-03-01T00:00:00Z,353545917793,Usage,2026-02-01T18:00:00Z,2026-02-01T19:00:00Z,AmazonS3,USW2-DataTransfer-Out-Bytes,ReadBucketServerSideEncryption,,cdk-hnb659fds-assets-353545917793-us-west-2,0.0000005998,,,USD,0.0000000000,0.0000000000,0.0000000000,0.0000000000,$0.000 per GB - data transfer out under the monthly global free tier,,"Amazon Web Services, Inc.",Amazon Simple Storage Service,,,,,,,,,,,,,,,,,,,,,,,,,,US West (Oregon),AWS Region,us-west-2,,,,,,,,,,,,,,,,,,,,,,,,,,,,,,,,,Data Transfer,,,,us-west-2,,,,,,AWSDataTransfer,AWS Data Transfer,5M4327XEUKBBTWAT,,,,,,External,Other,,AWS Outbound,,USW2-DataTransfer-Out-Bytes,,,,,,5M4327XEUKBBTWAT.A429C66SYZ.6YS6EN2CT7,200603099601,USD,0.0000000540,0.0900000000,,GB,,,,,,,,,,21100991773,,,,,,,,,,,,,,,
35yqm4wyxpglrioff3w3t3dgo2rwhwjcdfavu6qumk26d6hxs5da,2026-02-01T00:00:00Z/2026-03-01T00:00:00Z,,"Amazon Web Services, Inc.",AWS,Anniversary,595673262386,2026-02-01T00:00:00Z,2026-03-01T00:00:00Z,353545917793,Usage,2026-02-02T07:00:00Z,2026-02-02T08:00:00Z,AmazonS3,USW2-DataTransfer-Out-Bytes,ReadBucketServerSideEncryption,,dplit-monthly-billing-reports,0.0000002980,,,USD,0.0000000000,0.0000000000,0.0000000000,0.0000000000,$0.000 per GB - data transfer out under the monthly global free tier,,"Amazon Web Services, Inc.",Amazon Simple Storage Service,,,,,,,,,,,,,,,,,,,,,,,,,,US West (Oregon),AWS Region,us-west-2,,,,,,,,,,,,,,,,,,,,,,,,,,,,,,,,,Data Transfer,,,,us-west-2,,,,,,AWSDataTransfer,AWS Data Transfer,5M4327XEUKBBTWAT,,,,,,External,Other,,AWS Outbound,,USW2-DataTransfer-Out-Bytes,,,,,,5M4327XEUKBBTWAT.A429C66SYZ.6YS6EN2CT7,200603099601,USD,0.0000000268,0.0900000000,,GB,,,,,,,,,,21100991773,,,,,,,,,,,,,,,
x7qxbkokuvyltd6pq44srupm3wmyblt6pdcuhgxklee7biqjzyia,2026-02-01T00:00:00Z/2026-03-01T00:00:00Z,,"Amazon Web Services, Inc.",AWS,Anniversary,595673262386,2026-02-01T00:00:00Z,2026-03-01T00:00:00Z,353545917793,Usage,2026-02-02T07:00:00Z,2026-02-02T09:00:00Z,AmazonS3,USW2-DataTransfer-Out-Bytes,ReadBucketServerSideEncryption,,model-usage-sindh-obudsman,0.0000026822,,,USD,0.0000000000,0.0000000000,0.0000000000,0.0000000000,$0.000 per GB - data transfer out under the monthly global free tier,,"Amazon Web Services, Inc.",Amazon Simple Storage Service,,,,,,,,,,,,,,,,,,,,,,,,,,US West (Oregon),AWS Region,us-west-2,,,,,,,,,,,,,,,,,,,,,,,,,,,,,,,,,Data Transfer,,,,us-west-2,,,,,,AWSDataTransfer,AWS Data Transfer,5M4327XEUKBBTWAT,,,,,,External,Other,,AWS Outbound,,USW2-DataTransfer-Out-Bytes,,,,,,5M4327XEUKBBTWAT.A429C66SYZ.6YS6EN2CT7,200603099601,USD,0.0000002414,0.0900000000,,GB,,,,,,,,,,21100991773,,,,,,,,,,,,,,,
nyquhyusssy4lkqcrlevhkjgb6y4kpiesihi32imgxynlpgnsw2a,2026-02-01T00:00:00Z/2026-03-01T00:00:00Z,,"Amazon Web Services, Inc.",AWS,Anniversary,595673262386,2026-02-01T00:00:00Z,2026-03-01T00:00:00Z,353545917793,Usage,2026-02-02T09:00:00Z,2026-02-02T11:00:00Z,AmazonS3,USW2-DataTransfer-Out-Bytes,ReadBucketServerSideEncryption,,s3bucketforizza,0.0000013057,,,USD,0.0000000000,0.0000000000,0.0000000000,0.0000000000,$0.000 per GB - data transfer out under the monthly global free tier,,"Amazon Web Services, Inc.",Amazon Simple Storage Service,,,,,,,,,,,,,,,,,,,,,,,,,,US West (Oregon),AWS Region,us-west-2,,,,,,,,,,,,,,,,,,,,,,,,,,,,,,,,,Data Transfer,,,,us-west-2,,,,,,AWSDataTransfer,AWS Data Transfer,5M4327XEUKBBTWAT,,,,,,External,Other,,AWS Outbound,,USW2-DataTransfer-Out-Bytes,,,,,,5M4327XEUKBBTWAT.A429C66SYZ.6YS6EN2CT7,200603099601,USD,0.0000001175,0.0900000000,,GB,,,,,,,,,,21100991773,,,,,,,,,,,,,,,
w4tfhubc6l4amfkd5h4qxig25exiipotk42t3t54vv7rwg7qxloq,2026-02-01T00:00:00Z/2026-03-01T00:00:00Z,,"Amazon Web Services, Inc.",AWS,Anniversary,595673262386,2026-02-01T00:00:00Z,2026-03-01T00:00:00Z,353545917793,Usage,2026-02-02T10:00:00Z,2026-02-02T11:00:00Z,AmazonS3,USW2-DataTransfer-Out-Bytes,ReadBucketWebsite,,s3bucketforizza,0.0000005150,,,USD,0.0000000000,0.0000000000,0.0000000000,0.0000000000,$0.000 per GB - data transfer out under the monthly global free tier,,"Amazon Web Services, Inc.",Amazon Simple Storage Service,,,,,,,,,,,,,,,,,,,,,,,,,,US West (Oregon),AWS Region,us-west-2,,,,,,,,,,,,,,,,,,,,,,,,,,,,,,,,,Data Transfer,,,,us-west-2,,,,,,AWSDataTransfer,AWS Data Transfer,5M4327XEUKBBTWAT,,,,,,External,Other,,AWS Outbound,,USW2-DataTransfer-Out-Bytes,,,,,,5M4327XEUKBBTWAT.A429C66SYZ.6YS6EN2CT7,200603099601,USD,0.0000000464,0.0900000000,,GB,,,,,,,,,,21100991773,,,,,,,,,,,,,,,
ep2j7ww6w7mb4shy4dw42fuzrdwgoxtl3kyrhbm5ub6x6hhtdn3a,2026-02-01T00:00:00Z/2026-03-01T00:00:00Z,,"Amazon Web Services, Inc.",AWS,Anniversary,595673262386,2026-02-01T00:00:00Z,2026-03-01T00:00:00Z,353545917793,Usage,2026-02-02T10:00:00Z,2026-02-02T11:00:00Z,AmazonS3,USW2-DataTransfer-Out-Bytes,ReadCostAllocation,,s3bucketforizza,0.0000004852,,,USD,0.0000000000,0.0000000000,0.0000000000,0.0000000000,$0.000 per GB - data transfer out under the monthly global free tier,,"Amazon Web Services, Inc.",Amazon Simple Storage Service,,,,,,,,,,,,,,,,,,,,,,,,,,US West (Oregon),AWS Region,us-west-2,,,,,,,,,,,,,,,,,,,,,,,,,,,,,,,,,Data Transfer,,,,us-west-2,,,,,,AWSDataTransfer,AWS Data Transfer,5M4327XEUKBBTWAT,,,,,,External,Other,,AWS Outbound,,USW2-DataTransfer-Out-Bytes,,,,,,5M4327XEUKBBTWAT.A429C66SYZ.6YS6EN2CT7,200603099601,USD,0.0000000437,0.0900000000,,GB,,,,,,,,,,21100991773,,,,,,,,,,,,,,,
4asihwzstz4gwklwetwh7fzuiwygzfrtlj5zuu5t5pg3tcmyqn5a,2026-02-01T00:00:00Z/2026-03-01T00:00:00Z,,"Amazon Web Services, Inc.",AWS,Anniversary,595673262386,2026-02-01T00:00:00Z,2026-03-01T00:00:00Z,353545917793,Usage,2026-02-02T05:00:00Z,2026-02-02T11:00:00Z,AmazonS3,USW2-DataTransfer-Out-Bytes,ReadLocation,,athena-logs-xyz123,0.0000016587,,,USD,0.0000000000,0.0000000000,0.0000000000,0.0000000000,$0.000 per GB - data transfer out under the monthly global free tier,,"Amazon Web Services, Inc.",Amazon Simple Storage Service,,,,,,,,,,,,,,,,,,,,,,,,,,US West (Oregon),AWS Region,us-west-2,,,,,,,,,,,,,,,,,,,,,,,,,,,,,,,,,Data Transfer,,,,us-west-2,,,,,,AWSDataTransfer,AWS Data Transfer,5M4327XEUKBBTWAT,,,,,,External,Other,,AWS Outbound,,USW2-DataTransfer-Out-Bytes,,,,,,5M4327XEUKBBTWAT.A429C66SYZ.6YS6EN2CT7,200603099601,USD,0.0000001493,0.0900000000,,GB,,,,,,,,,,21100991773,,,,,,,,,,,,,,,
jsoruumw3xjj6pr6yqyraw4lkkeasakdqsk2d34i7kr3vn77igsq,2026-02-01T00:00:00Z/2026-03-01T00:00:00Z,,"Amazon Web Services, Inc.",AWS,Anniversary,595673262386,2026-02-01T00:00:00Z,2026-03-01T00:00:00Z,353545917793,Usage,2026-02-02T05:00:00Z,2026-02-02T11:00:00Z,AmazonS3,USW2-DataTransfer-Out-Bytes,ReadLocation,,attachment-bucket-11222,0.0000016587,,,USD,0.0000000000,0.0000000000,0.0000000000,0.0000000000,$0.000 per GB - data transfer out under the monthly global free tier,,"Amazon Web Services, Inc.",Amazon Simple Storage Service,,,,,,,,,,,,,,,,,,,,,,,,,,US West (Oregon),AWS Region,us-west-2,,,,,,,,,,,,,,,,,,,,,,,,,,,,,,,,,Data Transfer,,,,us-west-2,,,,,,AWSDataTransfer,AWS Data Transfer,5M4327XEUKBBTWAT,,,,,,External,Other,,AWS Outbound,,USW2-DataTransfer-Out-Bytes,,,,,,5M4327XEUKBBTWAT.A429C66SYZ.6YS6EN2CT7,200603099601,USD,0.0000001493,0.0900000000,,GB,,,,,,,,,,21100991773,,,,,,,,,,,,,,,
6crtuc2u2ddt2lnchy4t5xeynlnpdgcliftbmf3qhcxo35c34usq,2026-02-01T00:00:00Z/2026-03-01T00:00:00Z,,"Amazon Web Services, Inc.",AWS,Anniversary,595673262386,2026-02-01T00:00:00Z,2026-03-01T00:00:00Z,353545917793,Usage,2026-02-02T05:00:00Z,2026-02-02T11:00:00Z,AmazonS3,USW2-DataTransfer-Out-Bytes,ReadLocation,,aws-sam-cli-managed-default-samclisourcebucket-zloxm0n9qfx4,0.0000016587,,,USD,0.0000000000,0.0000000000,0.0000000000,0.0000000000,$0.000 per GB - data transfer out under the monthly global free tier,,"Amazon Web Services, Inc.",Amazon Simple Storage Service,,,,,,,,,,,,,,,,,,,,,,,,,,US West (Oregon),AWS Region,us-west-2,,,,,,,,,,,,,,,,,,,,,,,,,,,,,,,,,Data Transfer,,,,us-west-2,,,,,,AWSDataTransfer,AWS Data Transfer,5M4327XEUKBBTWAT,,,,,,External,Other,,AWS Outbound,,USW2-DataTransfer-Out-Bytes,,,,,,5M4327XEUKBBTWAT.A429C66SYZ.6YS6EN2CT7,200603099601,USD,0.0000001493,0.0900000000,,GB,,,,,,,,,,21100991773,,,,,,,,,,,,,,,
gwwyc6g62pushnq7fmwvov3vlabj4n63zij4tupf7gcbxkbhgzqq,2026-02-01T00:00:00Z/2026-03-01T00:00:00Z,,"Amazon Web Services, Inc.",AWS,Anniversary,595673262386,2026-02-01T00:00:00Z,2026-03-01T00:00:00Z,353545917793,Usage,2026-02-02T05:00:00Z,2026-02-02T11:00:00Z,AmazonS3,USW2-DataTransfer-Out-Bytes,ReadLocation,,backendstack-backendartifactbucket48723263-3spbxgacohfr,0.0000016587,,,USD,0.0000000000,0.0000000000,0.0000000000,0.0000000000,$0.000 per GB - data transfer out under the monthly global free tier,,"Amazon Web Services, Inc.",Amazon Simple Storage Service,,,,,,,,,,,,,,,,,,,,,,,,,,US West (Oregon),AWS Region,us-west-2,,,,,,,,,,,,,,,,,,,,,,,,,,,,,,,,,Data Transfer,,,,us-west-2,,,,,,AWSDataTransfer,AWS Data Transfer,5M4327XEUKBBTWAT,,,,,,External,Other,,AWS Outbound,,USW2-DataTransfer-Out-Bytes,,,,,,5M4327XEUKBBTWAT.A429C66SYZ.6YS6EN2CT7,200603099601,USD,0.0000001493,0.0900000000,,GB,,,,,,,,,,21100991773,,,,,,,,,,,,,,,
tqapevulevpipqssalj6bzfmnr4nmdhy6l5pkfvnb2522wczj2zq,2026-02-01T00:00:00Z/2026-03-01T00:00:00Z,,"Amazon Web Services, Inc.",AWS,Anniversary,595673262386,2026-02-01T00:00:00Z,2026-03-01T00:00:00Z,353545917793,Usage,2026-02-02T05:00:00Z,2026-02-02T11:00:00Z,AmazonS3,USW2-DataTransfer-Out-Bytes,ReadLocation,,backendstackprod-backendartifactbucket48723263-les0gjtm1ws3,0.0000016587,,,USD,0.0000000000,0.0000000000,0.0000000000,0.0000000000,$0.000 per GB - data transfer out under the monthly global free tier,,"Amazon Web Services, Inc.",Amazon Simple Storage Service,,,,,,,,,,,,,,,,,,,,,,,,,,US West (Oregon),AWS Region,us-west-2,,,,,,,,,,,,,,,,,,,,,,,,,,,,,,,,,Data Transfer,,,,us-west-2,,,,,,AWSDataTransfer,AWS Data Transfer,5M4327XEUKBBTWAT,,,,,,External,Other,,AWS Outbound,,USW2-DataTransfer-Out-Bytes,,,,,,5M4327XEUKBBTWAT.A429C66SYZ.6YS6EN2CT7,200603099601,USD,0.0000001493,0.0900000000,,GB,,,,,,,,,,21100991773,,,,,,,,,,,,,,,
x7ylo7ukv2piz3xvdo2dgzknnpy4vxtroayj4xgs5dis36jauyna,2026-02-01T00:00:00Z/2026-03-01T00:00:00Z,,"Amazon Web Services, Inc.",AWS,Anniversary,595673262386,2026-02-01T00:00:00Z,2026-03-01T00:00:00Z,353545917793,Usage,2026-02-02T05:00:00Z,2026-02-02T11:00:00Z,AmazonS3,USW2-DataTransfer-Out-Bytes,ReadLocation,,backendstackuat-backendartifactbucket48723263-1obosmu2ngjp,0.0000016587,,,USD,0.0000000000,0.0000000000,0.0000000000,0.0000000000,$0.000 per GB - data transfer out under the monthly global free tier,,"Amazon Web Services, Inc.",Amazon Simple Storage Service,,,,,,,,,,,,,,,,,,,,,,,,,,US West (Oregon),AWS Region,us-west-2,,,,,,,,,,,,,,,,,,,,,,,,,,,,,,,,,Data Transfer,,,,us-west-2,,,,,,AWSDataTransfer,AWS Data Transfer,5M4327XEUKBBTWAT,,,,,,External,Other,,AWS Outbound,,USW2-DataTransfer-Out-Bytes,,,,,,5M4327XEUKBBTWAT.A429C66SYZ.6YS6EN2CT7,200603099601,USD,0.0000001493,0.0900000000,,GB,,,,,,,,,,21100991773,,,,,,,,,,,,,,,
ugwyxvumqpnnbcy7ikixx2m4fref3i6g2dphjcylhv6gnmj7o6ka,2026-02-01T00:00:00Z/2026-03-01T00:00:00Z,,"Amazon Web Services, Inc.",AWS,Anniversary,595673262386,2026-02-01T00:00:00Z,2026-03-01T00:00:00Z,353545917793,Usage,2026-02-01T18:00:00Z,2026-02-02T11:00:00Z,AmazonS3,USW2-DataTransfer-Out-Bytes,ReadLocation,,cdk-hnb659fds-assets-353545917793-us-west-2,0.0000019139,,,USD,0.0000000000,0.0000000000,0.0000000000,0.0000000000,$0.000 per GB - data transfer out under the monthly global free tier,,"Amazon Web Services, Inc.",Amazon Simple Storage Service,,,,,,,,,,,,,,,,,,,,,,,,,,US West (Oregon),AWS Region,us-west-2,,,,,,,,,,,,,,,,,,,,,,,,,,,,,,,,,Data Transfer,,,,us-west-2,,,,,,AWSDataTransfer,AWS Data Transfer,5M4327XEUKBBTWAT,,,,,,External,Other,,AWS Outbound,,USW2-DataTransfer-Out-Bytes,,,,,,5M4327XEUKBBTWAT.A429C66SYZ.6YS6EN2CT7,200603099601,USD,0.0000001723,0.0900000000,,GB,,,,,,,,,,21100991773,,,,,,,,,,,,,,,
iryygd6ik3kx64hbpiy24mpdh7vce7ot22lnnxvvrvwedrhoovza,2026-02-01T00:00:00Z/2026-03-01T00:00:00Z,,"Amazon Web Services, Inc.",AWS,Anniversary,595673262386,2026-02-01T00:00:00Z,2026-03-01T00:00:00Z,353545917793,Usage,2026-02-02T05:00:00Z,2026-02-02T11:00:00Z,AmazonS3,USW2-DataTransfer-Out-Bytes,ReadLocation,,cf-templates-mriqnk830h6e-us-west-2,0.0000016587,,,USD,0.0000000000,0.0000000000,0.0000000000,0.0000000000,$0.000 per GB - data transfer out under the monthly global free tier,,"Amazon Web Services, Inc.",Amazon Simple Storage Service,,,,,,,,,,,,,,,,,,,,,,,,,,US West (Oregon),AWS Region,us-west-2,,,,,,,,,,,,,,,,,,,,,,,,,,,,,,,,,Data Transfer,,,,us-west-2,,,,,,AWSDataTransfer,AWS Data Transfer,5M4327XEUKBBTWAT,,,,,,External,Other,,AWS Outbound,,USW2-DataTransfer-Out-Bytes,,,,,,5M4327XEUKBBTWAT.A429C66SYZ.6YS6EN2CT7,200603099601,USD,0.0000001493,0.0900000000,,GB,,,,,,,,,,21100991773,,,,,,,,,,,,,,,
ja4ml6xgqf3ryqmsl4zgolzpmqxkpc6u53c36r3clpupml667lca,2026-02-01T00:00:00Z/2026-03-01T00:00:00Z,,"Amazon Web Services, Inc.",AWS,Anniversary,595673262386,2026-02-01T00:00:00Z,2026-03-01T00:00:00Z,353545917793,Usage,2026-02-02T05:00:00Z,2026-02-02T11:00:00Z,AmazonS3,USW2-DataTransfer-Out-Bytes,ReadLocation,,clamavec2stack-artifactbucket7410c9ef-idxp4hcoiwnd,0.0000016587,,,USD,0.0000000000,0.0000000000,0.0000000000,0.0000000000,$0.000 per GB - data transfer out under the monthly global free tier,,"Amazon Web Services, Inc.",Amazon Simple Storage Service,,,,,,,,,,,,,,,,,,,,,,,,,,US West (Oregon),AWS Region,us-west-2,,,,,,,,,,,,,,,,,,,,,,,,,,,,,,,,,Data Transfer,,,,us-west-2,,,,,,AWSDataTransfer,AWS Data Transfer,5M4327XEUKBBTWAT,,,,,,External,Other,,AWS Outbound,,USW2-DataTransfer-Out-Bytes,,,,,,5M4327XEUKBBTWAT.A429C66SYZ.6YS6EN2CT7,200603099601,USD,0.0000001493,0.0900000000,,GB,,,,,,,,,,21100991773,,,,,,,,,,,,,,,
syqjfmjvftdsoomvp5rcs6rgqy5yr4tx5lnzedk2ncbsutivmpkq,2026-02-01T00:00:00Z/2026-03-01T00:00:00Z,,"Amazon Web Services, Inc.",AWS,Anniversary,595673262386,2026-02-01T00:00:00Z,2026-03-01T00:00:00Z,353545917793,Usage,2026-02-02T05:00:00Z,2026-02-02T11:00:00Z,AmazonS3,USW2-DataTransfer-Out-Bytes,ReadLocation,,cms-elb-logs-prod-xyz,0.0000016587,,,USD,0.0000000000,0.0000000000,0.0000000000,0.0000000000,$0.000 per GB - data transfer out under the monthly global free tier,,"Amazon Web Services, Inc.",Amazon Simple Storage Service,,,,,,,,,,,,,,,,,,,,,,,,,,US West (Oregon),AWS Region,us-west-2,,,,,,,,,,,,,,,,,,,,,,,,,,,,,,,,,Data Transfer,,,,us-west-2,,,,,,AWSDataTransfer,AWS Data Transfer,5M4327XEUKBBTWAT,,,,,,External,Other,,AWS Outbound,,USW2-DataTransfer-Out-Bytes,,,,,,5M4327XEUKBBTWAT.A429C66SYZ.6YS6EN2CT7,200603099601,USD,0.0000001493,0.0900000000,,GB,,,,,,,,,,21100991773,,,,,,,,,,,,,,,
3xqdtacwdf37kzib4lmp22pssxgapyzbvcqxwpo52rmrmbrw7ujq,2026-02-01T00:00:00Z/2026-03-01T00:00:00Z,,"Amazon Web Services, Inc.",AWS,Anniversary,595673262386,2026-02-01T00:00:00Z,2026-03-01T00:00:00Z,353545917793,Usage,2026-02-02T05:00:00Z,2026-02-02T11:00:00Z,AmazonS3,USW2-DataTransfer-Out-Bytes,ReadLocation,,cognito-import-20251105172527,0.0000016587,,,USD,0.0000000000,0.0000000000,0.0000000000,0.0000000000,$0.000 per GB - data transfer out under the monthly global free tier,,"Amazon Web Services, Inc.",Amazon Simple Storage Service,,,,,,,,,,,,,,,,,,,,,,,,,,US West (Oregon),AWS Region,us-west-2,,,,,,,,,,,,,,,,,,,,,,,,,,,,,,,,,Data Transfer,,,,us-west-2,,,,,,AWSDataTransfer,AWS Data Transfer,5M4327XEUKBBTWAT,,,,,,External,Other,,AWS Outbound,,USW2-DataTransfer-Out-Bytes,,,,,,5M4327XEUKBBTWAT.A429C66SYZ.6YS6EN2CT7,200603099601,USD,0.0000001493,0.0900000000,,GB,,,,,,,,,,21100991773,,,,,,,,,,,,,,,
hygdhbwdgxi5zyecnclmlpuz6wmvg7gninlrwnxfraliltd63csa,2026-02-01T00:00:00Z/2026-03-01T00:00:00Z,,"Amazon Web Services, Inc.",AWS,Anniversary,595673262386,2026-02-01T00:00:00Z,2026-03-01T00:00:00Z,353545917793,Usage,2026-02-02T05:00:00Z,2026-02-02T11:00:00Z,AmazonS3,USW2-DataTransfer-Out-Bytes,ReadLocation,,cognito-import-20251105172757,0.0000016587,,,USD,0.0000000000,0.0000000000,0.0000000000,0.0000000000,$0.000 per GB - data transfer out under the monthly global free tier,,"Amazon Web Services, Inc.",Amazon Simple Storage Service,,,,,,,,,,,,,,,,,,,,,,,,,,US West (Oregon),AWS Region,us-west-2,,,,,,,,,,,,,,,,,,,,,,,,,,,,,,,,,Data Transfer,,,,us-west-2,,,,,,AWSDataTransfer,AWS Data Transfer,5M4327XEUKBBTWAT,,,,,,External,Other,,AWS Outbound,,USW2-DataTransfer-Out-Bytes,,,,,,5M4327XEUKBBTWAT.A429C66SYZ.6YS6EN2CT7,200603099601,USD,0.0000001493,0.0900000000,,GB,,,,,,,,,,21100991773,,,,,,,,,,,,,,,
yjawyxxi7wf5je7p7jlpnrjbf7lqkidror64mcpxrjqtio7uv2ga,2026-02-01T00:00:00Z/2026-03-01T00:00:00Z,,"Amazon Web Services, Inc.",AWS,Anniversary,595673262386,2026-02-01T00:00:00Z,2026-03-01T00:00:00Z,353545917793,Usage,2026-02-02T05:00:00Z,2026-02-02T11:00:00Z,AmazonS3,USW2-DataTransfer-Out-Bytes,ReadLocation,,cognito-import-20251105172953,0.0000016587,,,USD,0.0000000000,0.0000000000,0.0000000000,0.0000000000,$0.000 per GB - data transfer out under the monthly global free tier,,"Amazon Web Services, Inc.",Amazon Simple Storage Service,,,,,,,,,,,,,,,,,,,,,,,,,,US West (Oregon),AWS Region,us-west-2,,,,,,,,,,,,,,,,,,,,,,,,,,,,,,,,,Data Transfer,,,,us-west-2,,,,,,AWSDataTransfer,AWS Data Transfer,5M4327XEUKBBTWAT,,,,,,External,Other,,AWS Outbound,,USW2-DataTransfer-Out-Bytes,,,,,,5M4327XEUKBBTWAT.A429C66SYZ.6YS6EN2CT7,200603099601,USD,0.0000001493,0.0900000000,,GB,,,,,,,,,,21100991773,,,,,,,,,,,,,,,
u3usbhe7eqdb3qfyw7qx4qdjwwxbk2pa4rb5lomciid7s4jjwulq,2026-02-01T00:00:00Z/2026-03-01T00:00:00Z,,"Amazon Web Services, Inc.",AWS,Anniversary,595673262386,2026-02-01T00:00:00Z,2026-03-01T00:00:00Z,353545917793,Usage,2026-02-02T05:00:00Z,2026-02-02T11:00:00Z,AmazonS3,USW2-DataTransfer-Out-Bytes,ReadLocation,,cognito-import-20251105173107,0.0000016587,,,USD,0.0000000000,0.0000000000,0.0000000000,0.0000000000,$0.000 per GB - data transfer out under the monthly global free tier,,"Amazon Web Services, Inc.",Amazon Simple Storage Service,,,,,,,,,,,,,,,,,,,,,,,,,,US West (Oregon),AWS Region,us-west-2,,,,,,,,,,,,,,,,,,,,,,,,,,,,,,,,,Data Transfer,,,,us-west-2,,,,,,AWSDataTransfer,AWS Data Transfer,5M4327XEUKBBTWAT,,,,,,External,Other,,AWS Outbound,,USW2-DataTransfer-Out-Bytes,,,,,,5M4327XEUKBBTWAT.A429C66SYZ.6YS6EN2CT7,200603099601,USD,0.0000001493,0.0900000000,,GB,,,,,,,,,,21100991773,,,,,,,,,,,,,,,
eimnclbtzo4b55lf6mcixesxdz74ettxrwtdga7c7sy4dl3wkbkq,2026-02-01T00:00:00Z/2026-03-01T00:00:00Z,,"Amazon Web Services, Inc.",AWS,Anniversary,595673262386,2026-02-01T00:00:00Z,2026-03-01T00:00:00Z,353545917793,Usage,2026-02-02T05:00:00Z,2026-02-02T11:00:00Z,AmazonS3,USW2-DataTransfer-Out-Bytes,ReadLocation,,cognito-import-20251105174111,0.0000016587,,,USD,0.0000000000,0.0000000000,0.0000000000,0.0000000000,$0.000 per GB - data transfer out under the monthly global free tier,,"Amazon Web Services, Inc.",Amazon Simple Storage Service,,,,,,,,,,,,,,,,,,,,,,,,,,US West (Oregon),AWS Region,us-west-2,,,,,,,,,,,,,,,,,,,,,,,,,,,,,,,,,Data Transfer,,,,us-west-2,,,,,,AWSDataTransfer,AWS Data Transfer,5M4327XEUKBBTWAT,,,,,,External,Other,,AWS Outbound,,USW2-DataTransfer-Out-Bytes,,,,,,5M4327XEUKBBTWAT.A429C66SYZ.6YS6EN2CT7,200603099601,USD,0.0000001493,0.0900000000,,GB,,,,,,,,,,21100991773,,,,,,,,,,,,,,,
odlbddlfqjj42zeainw6hpvkapvob5pke2h6p4weeqlj6nex2zpa,2026-02-01T00:00:00Z/2026-03-01T00:00:00Z,,"Amazon Web Services, Inc.",AWS,Anniversary,595673262386,2026-02-01T00:00:00Z,2026-03-01T00:00:00Z,353545917793,Usage,2026-02-02T05:00:00Z,2026-02-02T11:00:00Z,AmazonS3,USW2-DataTransfer-Out-Bytes,ReadLocation,,cognito-import-20251105195903,0.0000016587,,,USD,0.0000000000,0.0000000000,0.0000000000,0.0000000000,$0.000 per GB - data transfer out under the monthly global free tier,,"Amazon Web Services, Inc.",Amazon Simple Storage Service,,,,,,,,,,,,,,,,,,,,,,,,,,US West (Oregon),AWS Region,us-west-2,,,,,,,,,,,,,,,,,,,,,,,,,,,,,,,,,Data Transfer,,,,us-west-2,,,,,,AWSDataTransfer,AWS Data Transfer,5M4327XEUKBBTWAT,,,,,,External,Other,,AWS Outbound,,USW2-DataTransfer-Out-Bytes,,,,,,5M4327XEUKBBTWAT.A429C66SYZ.6YS6EN2CT7,200603099601,USD,0.0000001493,0.0900000000,,GB,,,,,,,,,,21100991773,,,,,,,,,,,,,,,
sja5mwjcxiq7stunbhndi5ili6mybxmrdrmulkky77hpbsrtkugq,2026-02-01T00:00:00Z/2026-03-01T00:00:00Z,,"Amazon Web Services, Inc.",AWS,Anniversary,595673262386,2026-02-01T00:00:00Z,2026-03-01T00:00:00Z,353545917793,Usage,2026-02-02T07:00:00Z,2026-02-02T11:00:00Z,AmazonS3,USW2-DataTransfer-Out-Bytes,ReadLocation,,dplit-monthly-billing-reports,0.0000005104,,,USD,0.0000000000,0.0000000000,0.0000000000,0.0000000000,$0.000 per GB - data transfer out under the monthly global free tier,,"Amazon Web Services, Inc.",Amazon Simple Storage Service,,,,,,,,,,,,,,,,,,,,,,,,,,US West (Oregon),AWS Region,us-west-2,,,,,,,,,,,,,,,,,,,,,,,,,,,,,,,,,Data Transfer,,,,us-west-2,,,,,,AWSDataTransfer,AWS Data Transfer,5M4327XEUKBBTWAT,,,,,,External,Other,,AWS Outbound,,USW2-DataTransfer-Out-Bytes,,,,,,5M4327XEUKBBTWAT.A429C66SYZ.6YS6EN2CT7,200603099601,USD,0.0000000459,0.0900000000,,GB,,,,,,,,,,21100991773,,,,,,,,,,,,,,,
fj3txz4cmw63kcnguvzm34w2fl7vcx63lrbodxozaptsku33cxvq,2026-02-01T00:00:00Z/2026-03-01T00:00:00Z,,"Amazon Web Services, Inc.",AWS,Anniversary,595673262386,2026-02-01T00:00:00Z,2026-03-01T00:00:00Z,353545917793,Usage,2026-02-02T05:00:00Z,2026-02-02T11:00:00Z,AmazonS3,USW2-DataTransfer-Out-Bytes,ReadLocation,,frontendstack-artifactbucket7410c9ef-xsga68jmzdcj,0.0000016587,,,USD,0.0000000000,0.0000000000,0.0000000000,0.0000000000,$0.000 per GB - data transfer out under the monthly global free tier,,"Amazon Web Services, Inc.",Amazon Simple Storage Service,,,,,,,,,,,,,,,,,,,,,,,,,,US West (Oregon),AWS Region,us-west-2,,,,,,,,,,,,,,,,,,,,,,,,,,,,,,,,,Data Transfer,,,,us-west-2,,,,,,AWSDataTransfer,AWS Data Transfer,5M4327XEUKBBTWAT,,,,,,External,Other,,AWS Outbound,,USW2-DataTransfer-Out-Bytes,,,,,,5M4327XEUKBBTWAT.A429C66SYZ.6YS6EN2CT7,200603099601,USD,0.0000001493,0.0900000000,,GB,,,,,,,,,,21100991773,,,,,,,,,,,,,,,
gldh2k6jpxaovz2v2b5td7emvvvirv75cvtlc37eb3qrm3rrlx4a,2026-02-01T00:00:00Z/2026-03-01T00:00:00Z,,"Amazon Web Services, Inc.",AWS,Anniversary,595673262386,2026-02-01T00:00:00Z,2026-03-01T00:00:00Z,353545917793,Usage,2026-02-02T05:00:00Z,2026-02-02T11:00:00Z,AmazonS3,USW2-DataTransfer-Out-Bytes,ReadLocation,,frontendstack-artifactbucketadmind30278b4-yfqewhl6wdjr,0.0000016587,,,USD,0.0000000000,0.0000000000,0.0000000000,0.0000000000,$0.000 per GB - data transfer out under the monthly global free tier,,"Amazon Web Services, Inc.",Amazon Simple Storage Service,,,,,,,,,,,,,,,,,,,,,,,,,,US West (Oregon),AWS Region,us-west-2,,,,,,,,,,,,,,,,,,,,,,,,,,,,,,,,,Data Transfer,,,,us-west-2,,,,,,AWSDataTransfer,AWS Data Transfer,5M4327XEUKBBTWAT,,,,,,External,Other,,AWS Outbound,,USW2-DataTransfer-Out-Bytes,,,,,,5M4327XEUKBBTWAT.A429C66SYZ.6YS6EN2CT7,200603099601,USD,0.0000001493,0.0900000000,,GB,,,,,,,,,,21100991773,,,,,,,,,,,,,,,
wsuoitafjrifx5g53lh3sm3gvejnowrfjjaua5xrqfkhqtx6vhya,2026-02-01T00:00:00Z/2026-03-01T00:00:00Z,,"Amazon Web Services, Inc.",AWS,Anniversary,595673262386,2026-02-01T00:00:00Z,2026-03-01T00:00:00Z,353545917793,Usage,2026-02-02T05:00:00Z,2026-02-02T11:00:00Z,AmazonS3,USW2-DataTransfer-Out-Bytes,ReadLocation,,frontendstackprod-artifactbucket7410c9ef-ebiapfpk0s8u,0.0000016587,,,USD,0.0000000000,0.0000000000,0.0000000000,0.0000000000,$0.000 per GB - data transfer out under the monthly global free tier,,"Amazon Web Services, Inc.",Amazon Simple Storage Service,,,,,,,,,,,,,,,,,,,,,,,,,,US West (Oregon),AWS Region,us-west-2,,,,,,,,,,,,,,,,,,,,,,,,,,,,,,,,,Data Transfer,,,,us-west-2,,,,,,AWSDataTransfer,AWS Data Transfer,5M4327XEUKBBTWAT,,,,,,External,Other,,AWS Outbound,,USW2-DataTransfer-Out-Bytes,,,,,,5M4327XEUKBBTWAT.A429C66SYZ.6YS6EN2CT7,200603099601,USD,0.0000001493,0.0900000000,,GB,,,,,,,,,,21100991773,,,,,,,,,,,,,,,
q53zlqdsbflsejcvpfdlbxpuy4kdnfvzwkps6h2d73eo7zjqyyoq,2026-02-01T00:00:00Z/2026-03-01T00:00:00Z,,"Amazon Web Services, Inc.",AWS,Anniversary,595673262386,2026-02-01T00:00:00Z,2026-03-01T00:00:00Z,353545917793,Usage,2026-02-02T05:00:00Z,2026-02-02T11:00:00Z,AmazonS3,USW2-DataTransfer-Out-Bytes,ReadLocation,,frontendstackprod-artifactbucketadmind30278b4-ktouj3dvxbzv,0.0000016587,,,USD,0.0000000000,0.0000000000,0.0000000000,0.0000000000,$0.000 per GB - data transfer out under the monthly global free tier,,"Amazon Web Services, Inc.",Amazon Simple Storage Service,,,,,,,,,,,,,,,,,,,,,,,,,,US West (Oregon),AWS Region,us-west-2,,,,,,,,,,,,,,,,,,,,,,,,,,,,,,,,,Data Transfer,,,,us-west-2,,,,,,AWSDataTransfer,AWS Data Transfer,5M4327XEUKBBTWAT,,,,,,External,Other,,AWS Outbound,,USW2-DataTransfer-Out-Bytes,,,,,,5M4327XEUKBBTWAT.A429C66SYZ.6YS6EN2CT7,200603099601,USD,0.0000001493,0.0900000000,,GB,,,,,,,,,,21100991773,,,,,,,,,,,,,,,
mflknvlfmewutanrw7sa4exzvgabvqu5d4myniapfjmy7zcygnlq,2026-02-01T00:00:00Z/2026-03-01T00:00:00Z,,"Amazon Web Services, Inc.",AWS,Anniversary,595673262386,2026-02-01T00:00:00Z,2026-03-01T00:00:00Z,353545917793,Usage,2026-02-02T05:00:00Z,2026-02-02T11:00:00Z,AmazonS3,USW2-DataTransfer-Out-Bytes,ReadLocation,,frontendstackuat-artifactbucket7410c9ef-hkqgbyrdiclg,0.0000016587,,,USD,0.0000000000,0.0000000000,0.0000000000,0.0000000000,$0.000 per GB - data transfer out under the monthly global free tier,,"Amazon Web Services, Inc.",Amazon Simple Storage Service,,,,,,,,,,,,,,,,,,,,,,,,,,US West (Oregon),AWS Region,us-west-2,,,,,,,,,,,,,,,,,,,,,,,,,,,,,,,,,Data Transfer,,,,us-west-2,,,,,,AWSDataTransfer,AWS Data Transfer,5M4327XEUKBBTWAT,,,,,,External,Other,,AWS Outbound,,USW2-DataTransfer-Out-Bytes,,,,,,5M4327XEUKBBTWAT.A429C66SYZ.6YS6EN2CT7,200603099601,USD,0.0000001493,0.0900000000,,GB,,,,,,,,,,21100991773,,,,,,,,,,,,,,,
rvnya7kfwwzig5gcmqijntakcsafcomu6fyfnj5zpo2z5eub7txa,2026-02-01T00:00:00Z/2026-03-01T00:00:00Z,,"Amazon Web Services, Inc.",AWS,Anniversary,595673262386,2026-02-01T00:00:00Z,2026-03-01T00:00:00Z,353545917793,Usage,2026-02-02T05:00:00Z,2026-02-02T11:00:00Z,AmazonS3,USW2-DataTransfer-Out-Bytes,ReadLocation,,frontendstackuat-artifactbucketadmind30278b4-hcgt66uec200,0.0000016587,,,USD,0.0000000000,0.0000000000,0.0000000000,0.0000000000,$0.000 per GB - data transfer out under the monthly global free tier,,"Amazon Web Services, Inc.",Amazon Simple Storage Service,,,,,,,,,,,,,,,,,,,,,,,,,,US West (Oregon),AWS Region,us-west-2,,,,,,,,,,,,,,,,,,,,,,,,,,,,,,,,,Data Transfer,,,,us-west-2,,,,,,AWSDataTransfer,AWS Data Transfer,5M4327XEUKBBTWAT,,,,,,External,Other,,AWS Outbound,,USW2-DataTransfer-Out-Bytes,,,,,,5M4327XEUKBBTWAT.A429C66SYZ.6YS6EN2CT7,200603099601,USD,0.0000001493,0.0900000000,,GB,,,,,,,,,,21100991773,,,,,,,,,,,,,,,
yzhcalsfeahz3j5aolfiykzy3ylyxzjrdys6svxtjxh4ry5fblqq,2026-02-01T00:00:00Z/2026-03-01T00:00:00Z,,"Amazon Web Services, Inc.",AWS,Anniversary,595673262386,2026-02-01T00:00:00Z,2026-03-01T00:00:00Z,353545917793,Usage,2026-02-02T07:00:00Z,2026-02-02T11:00:00Z,AmazonS3,USW2-DataTransfer-Out-Bytes,ReadLocation,,model-usage-sindh-obudsman,0.0000007656,,,USD,0.0000000000,0.0000000000,0.0000000000,0.0000000000,$0.000 per GB - data transfer out under the monthly global free tier,,"Amazon Web Services, Inc.",Amazon Simple Storage Service,,,,,,,,,,,,,,,,,,,,,,,,,,US West (Oregon),AWS Region,us-west-2,,,,,,,,,,,,,,,,,,,,,,,,,,,,,,,,,Data Transfer,,,,us-west-2,,,,,,AWSDataTransfer,AWS Data Transfer,5M4327XEUKBBTWAT,,,,,,External,Other,,AWS Outbound,,USW2-DataTransfer-Out-Bytes,,,,,,5M4327XEUKBBTWAT.A429C66SYZ.6YS6EN2CT7,200603099601,USD,0.0000000689,0.0900000000,,GB,,,,,,,,,,21100991773,,,,,,,,,,,,,,,
zr5c6sim247gvdtoc4fdywtijfwepyeibuy5ezgpiezdrtyqykia,2026-02-01T00:00:00Z/2026-03-01T00:00:00Z,,"Amazon Web Services, Inc.",AWS,Anniversary,595673262386,2026-02-01T00:00:00Z,2026-03-01T00:00:00Z,353545917793,Usage,2026-02-02T05:00:00Z,2026-02-02T11:00:00Z,AmazonS3,USW2-DataTransfer-Out-Bytes,ReadLocation,,notification-templates-socms-dev-uat,0.0000016587,,,USD,0.0000000000,0.0000000000,0.0000000000,0.0000000000,$0.000 per GB - data transfer out under the monthly global free tier,,"Amazon Web Services, Inc.",Amazon Simple Storage Service,,,,,,,,,,,,,,,,,,,,,,,,,,US West (Oregon),AWS Region,us-west-2,,,,,,,,,,,,,,,,,,,,,,,,,,,,,,,,,Data Transfer,,,,us-west-2,,,,,,AWSDataTransfer,AWS Data Transfer,5M4327XEUKBBTWAT,,,,,,External,Other,,AWS Outbound,,USW2-DataTransfer-Out-Bytes,,,,,,5M4327XEUKBBTWAT.A429C66SYZ.6YS6EN2CT7,200603099601,USD,0.0000001493,0.0900000000,,GB,,,,,,,,,,21100991773,,,,,,,,,,,,,,,
vrcilnrgdwpdiwwbflodpa5jmhnkajnfbzufxt2p2riebvct7ndq,2026-02-01T00:00:00Z/2026-03-01T00:00:00Z,,"Amazon Web Services, Inc.",AWS,Anniversary,595673262386,2026-02-01T00:00:00Z,2026-03-01T00:00:00Z,353545917793,Usage,2026-02-02T05:00:00Z,2026-02-02T11:00:00Z,AmazonS3,USW2-DataTransfer-Out-Bytes,ReadLocation,,notification-templates-socms-prod,0.0000016587,,,USD,0.0000000000,0.0000000000,0.0000000000,0.0000000000,$0.000 per GB - data transfer out under the monthly global free tier,,"Amazon Web Services, Inc.",Amazon Simple Storage Service,,,,,,,,,,,,,,,,,,,,,,,,,,US West (Oregon),AWS Region,us-west-2,,,,,,,,,,,,,,,,,,,,,,,,,,,,,,,,,Data Transfer,,,,us-west-2,,,,,,AWSDataTransfer,AWS Data Transfer,5M4327XEUKBBTWAT,,,,,,External,Other,,AWS Outbound,,USW2-DataTransfer-Out-Bytes,,,,,,5M4327XEUKBBTWAT.A429C66SYZ.6YS6EN2CT7,200603099601,USD,0.0000001493,0.0900000000,,GB,,,,,,,,,,21100991773,,,,,,,,,,,,,,,
36iax4722qbsbiipiupmkdvwbmspguudtx65mkfoo5sn2jweedra,2026-02-01T00:00:00Z/2026-03-01T00:00:00Z,,"Amazon Web Services, Inc.",AWS,Anniversary,595673262386,2026-02-01T00:00:00Z,2026-03-01T00:00:00Z,353545917793,Usage,2026-02-02T10:00:00Z,2026-02-02T11:00:00Z,AmazonS3,USW2-DataTransfer-Out-Bytes,ReadLocation,,s3bucketforizza,0.0000001276,,,USD,0.0000000000,0.0000000000,0.0000000000,0.0000000000,$0.000 per GB - data transfer out under the monthly global free tier,,"Amazon Web Services, Inc.",Amazon Simple Storage Service,,,,,,,,,,,,,,,,,,,,,,,,,,US West (Oregon),AWS Region,us-west-2,,,,,,,,,,,,,,,,,,,,,,,,,,,,,,,,,Data Transfer,,,,us-west-2,,,,,,AWSDataTransfer,AWS Data Transfer,5M4327XEUKBBTWAT,,,,,,External,Other,,AWS Outbound,,USW2-DataTransfer-Out-Bytes,,,,,,5M4327XEUKBBTWAT.A429C66SYZ.6YS6EN2CT7,200603099601,USD,0.0000000115,0.0900000000,,GB,,,,,,,,,,21100991773,,,,,,,,,,,,,,,
err5k2xc44gwcklfm6jmcf3ynfyeckcg3qe3vca25dw6j7ns3h2a,2026-02-01T00:00:00Z/2026-03-01T00:00:00Z,,"Amazon Web Services, Inc.",AWS,Anniversary,595673262386,2026-02-01T00:00:00Z,2026-03-01T00:00:00Z,353545917793,Usage,2026-02-02T05:00:00Z,2026-02-02T11:00:00Z,AmazonS3,USW2-DataTransfer-Out-Bytes,ReadLocation,,s3stack-userfileuploadbucket259f036a-aoe8urrbevxw,0.0000014035,,,USD,0.0000000000,0.0000000000,0.0000000000,0.0000000000,$0.000 per GB - data transfer out under the monthly global free tier,,"Amazon Web Services, Inc.",Amazon Simple Storage Service,,,,,,,,,,,,,,,,,,,,,,,,,,US West (Oregon),AWS Region,us-west-2,,,,,,,,,,,,,,,,,,,,,,,,,,,,,,,,,Data Transfer,,,,us-west-2,,,,,,AWSDataTransfer,AWS Data Transfer,5M4327XEUKBBTWAT,,,,,,External,Other,,AWS Outbound,,USW2-DataTransfer-Out-Bytes,,,,,,5M4327XEUKBBTWAT.A429C66SYZ.6YS6EN2CT7,200603099601,USD,0.0000001263,0.0900000000,,GB,,,,,,,,,,21100991773,,,,,,,,,,,,,,,
vzac25fygsmpdlhlziefirocd3bq6uzhb4pjrfdmnwzruhfkm2oa,2026-02-01T00:00:00Z/2026-03-01T00:00:00Z,,"Amazon Web Services, Inc.",AWS,Anniversary,595673262386,2026-02-01T00:00:00Z,2026-03-01T00:00:00Z,353545917793,Usage,2026-02-02T05:00:00Z,2026-02-02T11:00:00Z,AmazonS3,USW2-DataTransfer-Out-Bytes,ReadLocation,,s3stack-userfileuploadbucketprod5670d977-cc1o6umd6ksg,0.0000015311,,,USD,0.0000000000,0.0000000000,0.0000000000,0.0000000000,$0.000 per GB - data transfer out under the monthly global free tier,,"Amazon Web Services, Inc.",Amazon Simple Storage Service,,,,,,,,,,,,,,,,,,,,,,,,,,US West (Oregon),AWS Region,us-west-2,,,,,,,,,,,,,,,,,,,,,,,,,,,,,,,,,Data Transfer,,,,us-west-2,,,,,,AWSDataTransfer,AWS Data Transfer,5M4327XEUKBBTWAT,,,,,,External,Other,,AWS Outbound,,USW2-DataTransfer-Out-Bytes,,,,,,5M4327XEUKBBTWAT.A429C66SYZ.6YS6EN2CT7,200603099601,USD,0.0000001378,0.0900000000,,GB,,,,,,,,,,21100991773,,,,,,,,,,,,,,,
6u6nvafygimkcvqma3wk3ctlo33ynwapzi5ckceydurek7n3dkna,2026-02-01T00:00:00Z/2026-03-01T00:00:00Z,,"Amazon Web Services, Inc.",AWS,Anniversary,595673262386,2026-02-01T00:00:00Z,2026-03-01T00:00:00Z,353545917793,Usage,2026-02-02T05:00:00Z,2026-02-02T11:00:00Z,AmazonS3,USW2-DataTransfer-Out-Bytes,ReadLocation,,s3stack-userfileuploadbucketuat0d968125-iadazn2jspsp,0.0000014035,,,USD,0.0000000000,0.0000000000,0.0000000000,0.0000000000,$0.000 per GB - data transfer out under the monthly global free tier,,"Amazon Web Services, Inc.",Amazon Simple Storage Service,,,,,,,,,,,,,,,,,,,,,,,,,,US West (Oregon),AWS Region,us-west-2,,,,,,,,,,,,,,,,,,,,,,,,,,,,,,,,,Data Transfer,,,,us-west-2,,,,,,AWSDataTransfer,AWS Data Transfer,5M4327XEUKBBTWAT,,,,,,External,Other,,AWS Outbound,,USW2-DataTransfer-Out-Bytes,,,,,,5M4327XEUKBBTWAT.A429C66SYZ.6YS6EN2CT7,200603099601,USD,0.0000001263,0.0900000000,,GB,,,,,,,,,,21100991773,,,,,,,,,,,,,,,
xl5ikjuxm7vttyeipwfra5yr3lfhig56upfywzha6536wnuj2ltq,2026-02-01T00:00:00Z/2026-03-01T00:00:00Z,,"Amazon Web Services, Inc.",AWS,Anniversary,595673262386,2026-02-01T00:00:00Z,2026-03-01T00:00:00Z,353545917793,Usage,2026-02-02T05:00:00Z,2026-02-02T11:00:00Z,AmazonS3,USW2-DataTransfer-Out-Bytes,ReadLocation,,so-sms-prod-scripts,0.0000014035,,,USD,0.0000000000,0.0000000000,0.0000000000,0.0000000000,$0.000 per GB - data transfer out under the monthly global free tier,,"Amazon Web Services, Inc.",Amazon Simple Storage Service,,,,,,,,,,,,,,,,,,,,,,,,,,US West (Oregon),AWS Region,us-west-2,,,,,,,,,,,,,,,,,,,,,,,,,,,,,,,,,Data Transfer,,,,us-west-2,,,,,,AWSDataTransfer,AWS Data Transfer,5M4327XEUKBBTWAT,,,,,,External,Other,,AWS Outbound,,USW2-DataTransfer-Out-Bytes,,,,,,5M4327XEUKBBTWAT.A429C66SYZ.6YS6EN2CT7,200603099601,USD,0.0000001263,0.0900000000,,GB,,,,,,,,,,21100991773,,,,,,,,,,,,,,,
5wrtztcm46nvtj3tm3gufontkumqfl7j2lxbjkwizu4xqocwl3tq,2026-02-01T00:00:00Z/2026-03-01T00:00:00Z,,"Amazon Web Services, Inc.",AWS,Anniversary,595673262386,2026-02-01T00:00:00Z,2026-03-01T00:00:00Z,353545917793,Usage,2026-02-02T07:00:00Z,2026-02-02T09:00:00Z,AmazonS3,USW2-DataTransfer-Out-Bytes,ReadLogProps,,model-usage-sindh-obudsman,0.0000008075,,,USD,0.0000000000,0.0000000000,0.0000000000,0.0000000000,$0.000 per GB - data transfer out under the monthly global free tier,,"Amazon Web Services, Inc.",Amazon Simple Storage Service,,,,,,,,,,,,,,,,,,,,,,,,,,US West (Oregon),AWS Region,us-west-2,,,,,,,,,,,,,,,,,,,,,,,,,,,,,,,,,Data Transfer,,,,us-west-2,,,,,,AWSDataTransfer,AWS Data Transfer,5M4327XEUKBBTWAT,,,,,,External,Other,,AWS Outbound,,USW2-DataTransfer-Out-Bytes,,,,,,5M4327XEUKBBTWAT.A429C66SYZ.6YS6EN2CT7,200603099601,USD,0.0000000727,0.0900000000,,GB,,,,,,,,,,21100991773,,,,,,,,,,,,,,,
5oo6vgg3ntl47bczu2kvpsnepcfglh4ilwbhb7ujucpoc2cpx2oa,2026-02-01T00:00:00Z/2026-03-01T00:00:00Z,,"Amazon Web Services, Inc.",AWS,Anniversary,595673262386,2026-02-01T00:00:00Z,2026-03-01T00:00:00Z,353545917793,Usage,2026-02-02T10:00:00Z,2026-02-02T11:00:00Z,AmazonS3,USW2-DataTransfer-Out-Bytes,ReadLogProps,,s3bucketforizza,0.0000004852,,,USD,0.0000000000,0.0000000000,0.0000000000,0.0000000000,$0.000 per GB - data transfer out under the monthly global free tier,,"Amazon Web Services, Inc.",Amazon Simple Storage Service,,,,,,,,,,,,,,,,,,,,,,,,,,US West (Oregon),AWS Region,us-west-2,,,,,,,,,,,,,,,,,,,,,,,,,,,,,,,,,Data Transfer,,,,us-west-2,,,,,,AWSDataTransfer,AWS Data Transfer,5M4327XEUKBBTWAT,,,,,,External,Other,,AWS Outbound,,USW2-DataTransfer-Out-Bytes,,,,,,5M4327XEUKBBTWAT.A429C66SYZ.6YS6EN2CT7,200603099601,USD,0.0000000437,0.0900000000,,GB,,,,,,,,,,21100991773,,,,,,,,,,,,,,,
pubo3ke47whedu42sowpamhq3gtgzqsiibq5lsxxr3opykla6yyq,2026-02-01T00:00:00Z/2026-03-01T00:00:00Z,,"Amazon Web Services, Inc.",AWS,Anniversary,595673262386,2026-02-01T00:00:00Z,2026-03-01T00:00:00Z,353545917793,Usage,2026-02-02T07:00:00Z,2026-02-02T09:00:00Z,AmazonS3,USW2-DataTransfer-Out-Bytes,ReadNotificationProps,,model-usage-sindh-obudsman,0.0000009639,,,USD,0.0000000000,0.0000000000,0.0000000000,0.0000000000,$0.000 per GB - data transfer out under the monthly global free tier,,"Amazon Web Services, Inc.",Amazon Simple Storage Service,,,,,,,,,,,,,,,,,,,,,,,,,,US West (Oregon),AWS Region,us-west-2,,,,,,,,,,,,,,,,,,,,,,,,,,,,,,,,,Data Transfer,,,,us-west-2,,,,,,AWSDataTransfer,AWS Data Transfer,5M4327XEUKBBTWAT,,,,,,External,Other,,AWS Outbound,,USW2-DataTransfer-Out-Bytes,,,,,,5M4327XEUKBBTWAT.A429C66SYZ.6YS6EN2CT7,200603099601,USD,0.0000000868,0.0900000000,,GB,,,,,,,,,,21100991773,,,,,,,,,,,,,,,
onbqfkwqgp5zhy4uf5mbecx64t3ewujllgl3qswrrovjw6anwdpq,2026-02-01T00:00:00Z/2026-03-01T00:00:00Z,,"Amazon Web Services, Inc.",AWS,Anniversary,595673262386,2026-02-01T00:00:00Z,2026-03-01T00:00:00Z,353545917793,Usage,2026-02-02T10:00:00Z,2026-02-02T11:00:00Z,AmazonS3,USW2-DataTransfer-Out-Bytes,ReadNotificationProps,,s3bucketforizza,0.0000005243,,,USD,0.0000000000,0.0000000000,0.0000000000,0.0000000000,$0.000 per GB - data transfer out under the monthly global free tier,,"Amazon Web Services, Inc.",Amazon Simple Storage Service,,,,,,,,,,,,,,,,,,,,,,,,,,US West (Oregon),AWS Region,us-west-2,,,,,,,,,,,,,,,,,,,,,,,,,,,,,,,,,Data Transfer,,,,us-west-2,,,,,,AWSDataTransfer,AWS Data Transfer,5M4327XEUKBBTWAT,,,,,,External,Other,,AWS Outbound,,USW2-DataTransfer-Out-Bytes,,,,,,5M4327XEUKBBTWAT.A429C66SYZ.6YS6EN2CT7,200603099601,USD,0.0000000472,0.0900000000,,GB,,,,,,,,,,21100991773,,,,,,,,,,,,,,,
uvk5vjpdsdcunqgd6lbeyr5ntdpyo7xwzlprfmwmpqmcgzvfhfzq,2026-02-01T00:00:00Z/2026-03-01T00:00:00Z,,"Amazon Web Services, Inc.",AWS,Anniversary,595673262386,2026-02-01T00:00:00Z,2026-03-01T00:00:00Z,353545917793,Usage,2026-02-02T07:00:00Z,2026-02-02T08:00:00Z,AmazonS3,USW2-DataTransfer-Out-Bytes,ReadObjectTagging,,model-usage-sindh-obudsman,0.0000002142,,,USD,0.0000000000,0.0000000000,0.0000000000,0.0000000000,$0.000 per GB - data transfer out under the monthly global free tier,,"Amazon Web Services, Inc.",Amazon Simple Storage Service,,,,,,,,,,,,,,,,,,,,,,,,,,US West (Oregon),AWS Region,us-west-2,,,,,,,,,,,,,,,,,,,,,,,,,,,,,,,,,Data Transfer,,,,us-west-2,,,,,,AWSDataTransfer,AWS Data Transfer,5M4327XEUKBBTWAT,,,,,,External,Other,,AWS Outbound,,USW2-DataTransfer-Out-Bytes,,,,,,5M4327XEUKBBTWAT.A429C66SYZ.6YS6EN2CT7,200603099601,USD,0.0000000193,0.0900000000,,GB,,,,,,,,,,21100991773,,,,,,,,,,,,,,,
qco5wpchk6isdkf2wkpie7h5pyrmndgmeg7p4rmymdnxdxlnd4pa,2026-02-01T00:00:00Z/2026-03-01T00:00:00Z,,"Amazon Web Services, Inc.",AWS,Anniversary,595673262386,2026-02-01T00:00:00Z,2026-03-01T00:00:00Z,353545917793,Usage,2026-02-02T07:00:00Z,2026-02-02T09:00:00Z,AmazonS3,USW2-DataTransfer-Out-Bytes,ReadRequestPaymentProps,,model-usage-sindh-obudsman,0.0000004806,,,USD,0.0000000000,0.0000000000,0.0000000000,0.0000000000,$0.000 per GB - data transfer out under the monthly global free tier,,"Amazon Web Services, Inc.",Amazon Simple Storage Service,,,,,,,,,,,,,,,,,,,,,,,,,,US West (Oregon),AWS Region,us-west-2,,,,,,,,,,,,,,,,,,,,,,,,,,,,,,,,,Data Transfer,,,,us-west-2,,,,,,AWSDataTransfer,AWS Data Transfer,5M4327XEUKBBTWAT,,,,,,External,Other,,AWS Outbound,,USW2-DataTransfer-Out-Bytes,,,,,,5M4327XEUKBBTWAT.A429C66SYZ.6YS6EN2CT7,200603099601,USD,0.0000000433,0.0900000000,,GB,,,,,,,,,,21100991773,,,,,,,,,,,,,,,
7wtfxi67j3gr5uidfp6c5t2jsd4okaqufcesckb3k7hdrjg7tzoa,2026-02-01T00:00:00Z/2026-03-01T00:00:00Z,,"Amazon Web Services, Inc.",AWS,Anniversary,595673262386,2026-02-01T00:00:00Z,2026-03-01T00:00:00Z,353545917793,Usage,2026-02-02T10:00:00Z,2026-02-02T11:00:00Z,AmazonS3,USW2-DataTransfer-Out-Bytes,ReadRequestPaymentProps,,s3bucketforizza,0.0000005281,,,USD,0.0000000000,0.0000000000,0.0000000000,0.0000000000,$0.000 per GB - data transfer out under the monthly global free tier,,"Amazon Web Services, Inc.",Amazon Simple Storage Service,,,,,,,,,,,,,,,,,,,,,,,,,,US West (Oregon),AWS Region,us-west-2,,,,,,,,,,,,,,,,,,,,,,,,,,,,,,,,,Data Transfer,,,,us-west-2,,,,,,AWSDataTransfer,AWS Data Transfer,5M4327XEUKBBTWAT,,,,,,External,Other,,AWS Outbound,,USW2-DataTransfer-Out-Bytes,,,,,,5M4327XEUKBBTWAT.A429C66SYZ.6YS6EN2CT7,200603099601,USD,0.0000000475,0.0900000000,,GB,,,,,,,,,,21100991773,,,,,,,,,,,,,,,
qqchyqbcjzqp7iw54ornw6sefkdjyn2w3kl3dxnoomoeih2pvura,2026-02-01T00:00:00Z/2026-03-01T00:00:00Z,,"Amazon Web Services, Inc.",AWS,Anniversary,595673262386,2026-02-01T00:00:00Z,2026-03-01T00:00:00Z,353545917793,Usage,2026-02-02T07:00:00Z,2026-02-02T08:00:00Z,AmazonS3,USW2-DataTransfer-Out-Bytes,ReadVersioningProps,,athena-logs-xyz123,0.0000001052,,,USD,0.0000000000,0.0000000000,0.0000000000,0.0000000000,$0.000 per GB - data transfer out under the monthly global free tier,,"Amazon Web Services, Inc.",Amazon Simple Storage Service,,,,,,,,,,,,,,,,,,,,,,,,,,US West (Oregon),AWS Region,us-west-2,,,,,,,,,,,,,,,,,,,,,,,,,,,,,,,,,Data Transfer,,,,us-west-2,,,,,,AWSDataTransfer,AWS Data Transfer,5M4327XEUKBBTWAT,,,,,,External,Other,,AWS Outbound,,USW2-DataTransfer-Out-Bytes,,,,,,5M4327XEUKBBTWAT.A429C66SYZ.6YS6EN2CT7,200603099601,USD,0.0000000095,0.0900000000,,GB,,,,,,,,,,21100991773,,,,,,,,,,,,,,,
txzqyphdowi6ployski6mvc2ueg64lshsvj3utwvkyyzdadrkjba,2026-02-01T00:00:00Z/2026-03-01T00:00:00Z,,"Amazon Web Services, Inc.",AWS,Anniversary,595673262386,2026-02-01T00:00:00Z,2026-03-01T00:00:00Z,353545917793,Usage,2026-02-02T07:00:00Z,2026-02-02T08:00:00Z,AmazonS3,USW2-DataTransfer-Out-Bytes,ReadVersioningProps,,dplit-monthly-billing-reports,0.0000001509,,,USD,0.0000000000,0.0000000000,0.0000000000,0.0000000000,$0.000 per GB - data transfer out under the monthly global free tier,,"Amazon Web Services, Inc.",Amazon Simple Storage Service,,,,,,,,,,,,,,,,,,,,,,,,,,US West (Oregon),AWS Region,us-west-2,,,,,,,,,,,,,,,,,,,,,,,,,,,,,,,,,Data Transfer,,,,us-west-2,,,,,,AWSDataTransfer,AWS Data Transfer,5M4327XEUKBBTWAT,,,,,,External,Other,,AWS Outbound,,USW2-DataTransfer-Out-Bytes,,,,,,5M4327XEUKBBTWAT.A429C66SYZ.6YS6EN2CT7,200603099601,USD,0.0000000136,0.0900000000,,GB,,,,,,,,,,21100991773,,,,,,,,,,,,,,,
2iu5xfsxdednt3ow43u6xehlfmsq6whvj24zjv2x7ajnox6o5h3a,2026-02-01T00:00:00Z/2026-03-01T00:00:00Z,,"Amazon Web Services, Inc.",AWS,Anniversary,595673262386,2026-02-01T00:00:00Z,2026-03-01T00:00:00Z,353545917793,Usage,2026-02-02T07:00:00Z,2026-02-02T09:00:00Z,AmazonS3,USW2-DataTransfer-Out-Bytes,ReadVersioningProps,,model-usage-sindh-obudsman,0.0000025258,,,USD,0.0000000000,0.0000000000,0.0000000000,0.0000000000,$0.000 per GB - data transfer out under the monthly global free tier,,"Amazon Web Services, Inc.",Amazon Simple Storage Service,,,,,,,,,,,,,,,,,,,,,,,,,,US West (Oregon),AWS Region,us-west-2,,,,,,,,,,,,,,,,,,,,,,,,,,,,,,,,,Data Transfer,,,,us-west-2,,,,,,AWSDataTransfer,AWS Data Transfer,5M4327XEUKBBTWAT,,,,,,External,Other,,AWS Outbound,,USW2-DataTransfer-Out-Bytes,,,,,,5M4327XEUKBBTWAT.A429C66SYZ.6YS6EN2CT7,200603099601,USD,0.0000002273,0.0900000000,,GB,,,,,,,,,,21100991773,,,,,,,,,,,,,,,
4rdjb3u5lu4mcn3jwqe6o5gcgrzocihlobnj32dvtbwhaavgewja,2026-02-01T00:00:00Z/2026-03-01T00:00:00Z,,"Amazon Web Services, Inc.",AWS,Anniversary,595673262386,2026-02-01T00:00:00Z,2026-03-01T00:00:00Z,353545917793,Usage,2026-02-02T09:00:00Z,2026-02-02T11:00:00Z,AmazonS3,USW2-DataTransfer-Out-Bytes,ReadVersioningProps,,s3bucketforizza,0.0000037356,,,USD,0.0000000000,0.0000000000,0.0000000000,0.0000000000,$0.000 per GB - data transfer out under the monthly global free tier,,"Amazon Web Services, Inc.",Amazon Simple Storage Service,,,,,,,,,,,,,,,,,,,,,,,,,,US West (Oregon),AWS Region,us-west-2,,,,,,,,,,,,,,,,,,,,,,,,,,,,,,,,,Data Transfer,,,,us-west-2,,,,,,AWSDataTransfer,AWS Data Transfer,5M4327XEUKBBTWAT,,,,,,External,Other,,AWS Outbound,,USW2-DataTransfer-Out-Bytes,,,,,,5M4327XEUKBBTWAT.A429C66SYZ.6YS6EN2CT7,200603099601,USD,0.0000003362,0.0900000000,,GB,,,,,,,,,,21100991773,,,,,,,,,,,,,,,
i4jvhthmrvxpb5m6jgd5gpgrvxhjvxahkphagpe457kow2lko6ja,2026-02-01T00:00:00Z/2026-03-01T00:00:00Z,,"Amazon Web Services, Inc.",AWS,Anniversary,595673262386,2026-02-01T00:00:00Z,2026-03-01T00:00:00Z,353545917793,Usage,2026-02-01T00:00:00Z,2026-02-02T11:00:00Z,AWSELB,USW2-DataTransfer-Out-Bytes,LoadBalancing,,arn:aws:elasticloadbalancing:us-west-2:353545917793:loadbalancer/app/ApplicatonLB-Dev/1e9a504c1888a0ba,0.0818910012,,,USD,0.0000000000,0.0000000000,0.0000000000,0.0000000000,$0.000 per GB - data transfer out under the monthly global free tier,,"Amazon Web Services, Inc.",Elastic Load Balancing,,,,,,,,,,,,,,,,,,,,,,,,,,US West (Oregon),AWS Region,us-west-2,,,,,,,,,,,,,,,,,,,,,,,,,,,,,,,,,Data Transfer,,,,us-west-2,,,,,,AWSDataTransfer,AWS Data Transfer,5M4327XEUKBBTWAT,,,,,,External,Other,,AWS Outbound,,USW2-DataTransfer-Out-Bytes,,,,,,5M4327XEUKBBTWAT.A429C66SYZ.6YS6EN2CT7,200603099601,USD,0.0073701901,0.0900000000,,GB,,,,,,,,,,21100991773,,,,,,,,,,,,,,,
jzzs7ruzkvr7b6j7vaxsex6wnufbrufktowqxtl7wxw6tdrlgfka,2026-02-01T00:00:00Z/2026-03-01T00:00:00Z,,"Amazon Web Services, Inc.",AWS,Anniversary,595673262386,2026-02-01T00:00:00Z,2026-03-01T00:00:00Z,353545917793,Usage,2026-02-02T08:00:00Z,2026-02-02T09:00:00Z,AWSQueueService,APN1-Requests-Tier1,List,,,2.0000000000,,,USD,0.0000000000,0.0000000000,0.0000000000,0.0000000000,"First 1,000,000 Amazon SQS Requests per month are free",,"Amazon Web Services, Inc.",Amazon Simple Queue Service,,,,,,,,,,,,,,,,,,,,,,,,,,,,,,SQS-APIRequest-Tier1,Amazon SQS Requests,,,,,,,,,Asia Pacific (Tokyo),AWS Region,,,,,,,At Least Once,Not Guaranteed,,,,,,,,,,,,API Request,,Standard,,ap-northeast-1,ap-northeast-1,,,,,AWSQueueService,Amazon Simple Queue Service,5Q2SBURHPCGERHBD,,,,,,,,,,,APN1-Requests-Tier1,,,,,,5Q2SBURHPCGERHBD.A429C66SYZ.6YS6EN2CT7,231387327375,USD,0.0000008000,0.0000004000,,Requests,,,,,,,,,,21100991765,,,,,,,,,,,,,,,
z3muuun7jqih4h6e2673frroouogp3fkmymdljzfnnxcewkcdi5a,2026-02-01T00:00:00Z/2026-03-01T00:00:00Z,,"Amazon Web Services, Inc.",AWS,Anniversary,595673262386,2026-02-01T00:00:00Z,2026-03-01T00:00:00Z,353545917793,Usage,2026-02-02T08:00:00Z,2026-02-02T09:00:00Z,AWSQueueService,APN2-Requests-Tier1,List,,,2.0000000000,,,USD,0.0000000000,0.0000000000,0.0000000000,0.0000000000,"First 1,000,000 Amazon SQS Requests per month are free",,"Amazon Web Services, Inc.",Amazon Simple Queue Service,,,,,,,,,,,,,,,,,,,,,,,,,,,,,,SQS-APIRequest-Tier1,Amazon SQS Requests,,,,,,,,,Asia Pacific (Seoul),AWS Region,,,,,,,At Least Once,Not Guaranteed,,,,,,,,,,,,API Request,,Standard,,ap-northeast-2,ap-northeast-2,,,,,AWSQueueService,Amazon Simple Queue Service,5Y72GBZYEX3K6HZD,,,,,,,,,,,APN2-Requests-Tier1,,,,,,5Y72GBZYEX3K6HZD.A429C66SYZ.6YS6EN2CT7,231387327350,USD,0.0000008000,0.0000004000,,Requests,,,,,,,,,,21100991765,,,,,,,,,,,,,,,
yw2tqryinpdgwjzxtie4qqh4bmpqdhe7iovcfuc3algo6t5by7ga,2026-02-01T00:00:00Z/2026-03-01T00:00:00Z,,"Amazon Web Services, Inc.",AWS,Anniversary,595673262386,2026-02-01T00:00:00Z,2026-03-01T00:00:00Z,353545917793,Usage,2026-02-01T00:00:00Z,2026-02-02T05:00:00Z,AmazonEC2,USW2-DataTransfer-Regional-Bytes,InterZone-In,,i-04352cb9038c39c86,0.0474221762,,,USD,0.0000000000,0.0000000000,0.0085020935,0.0004031879,$0.000 per GB - regional data transfer under the monthly global free tier,,"Amazon Web Services, Inc.",Amazon Elastic Compute Cloud,,,,,,,,,,,,,,,,,,,,,,,,,,US West (Oregon),AWS Region,us-west-2,,,,,,,,,,,,,,,,,,,,,,,,,,,,,,,,,Data Transfer,,,,us-west-2,,,,,,AWSDataTransfer,AWS Data Transfer,62WNQUZDQQ6GRJC5,,,,,,US West (Oregon),AWS Region,us-west-2,IntraRegion,,USW2-DataTransfer-Regional-Bytes,,,,,,62WNQUZDQQ6GRJC5.A429C66SYZ.6YS6EN2CT7,200603099685,USD,0.0004742218,0.0100000000,,GB,,,,,,,,,,21100991773,,,,,,,,,,,,,,,
uo2uaivelmh37jcl7oeggxrc77646xef532l7qv535krvlntzjca,2026-02-01T00:00:00Z/2026-03-01T00:00:00Z,,"Amazon Web Services, Inc.",AWS,Anniversary,595673262386,2026-02-01T00:00:00Z,2026-03-01T00:00:00Z,353545917793,Usage,2026-02-01T00:00:00Z,2026-02-02T05:00:00Z,AmazonEC2,USW2-DataTransfer-Regional-Bytes,InterZone-In,,i-05664a6d7944e348d,0.0058493055,,,USD,0.0000000000,0.0000000000,0.0085020935,0.0000497311,$0.000 per GB - regional data transfer under the monthly global free tier,,"Amazon Web Services, Inc.",Amazon Elastic Compute Cloud,,,,,,,,,,,,,,,,,,,,,,,,,,US West (Oregon),AWS Region,us-west-2,,,,,,,,,,,,,,,,,,,,,,,,,,,,,,,,,Data Transfer,,,,us-west-2,,,,,,AWSDataTransfer,AWS Data Transfer,62WNQUZDQQ6GRJC5,,,,,,US West (Oregon),AWS Region,us-west-2,IntraRegion,,USW2-DataTransfer-Regional-Bytes,,,,,,62WNQUZDQQ6GRJC5.A429C66SYZ.6YS6EN2CT7,200603099685,USD,0.0000584931,0.0100000000,,GB,,,,,,,,,,21100991773,,,,,,,,,,,,,,,
kpakliamunhm2skx6e57nfii6rhagrnimotjgnyf76qkwhrqbhqa,2026-02-01T00:00:00Z/2026-03-01T00:00:00Z,,"Amazon Web Services, Inc.",AWS,Anniversary,595673262386,2026-02-01T00:00:00Z,2026-03-01T00:00:00Z,353545917793,Usage,2026-02-01T20:00:00Z,2026-02-02T06:00:00Z,AmazonEC2,USW2-DataTransfer-Regional-Bytes,InterZone-In,,i-0737636d2e5d8a31c,0.0170188639,,,USD,0.0000000000,0.0000000000,0.0085020935,0.0001446960,$0.000 per GB - regional data transfer under the monthly global free tier,,"Amazon Web Services, Inc.",Amazon Elastic Compute Cloud,,,,,,,,,,,,,,,,,,,,,,,,,,US West (Oregon),AWS Region,us-west-2,,,,,,,,,,,,,,,,,,,,,,,,,,,,,,,,,Data Transfer,,,,us-west-2,,,,,,AWSDataTransfer,AWS Data Transfer,62WNQUZDQQ6GRJC5,,,,,,US West (Oregon),AWS Region,us-west-2,IntraRegion,,USW2-DataTransfer-Regional-Bytes,,,,,,62WNQUZDQQ6GRJC5.A429C66SYZ.6YS6EN2CT7,200603099685,USD,0.0001701886,0.0100000000,,GB,,,,,,,,,,21100991773,,,,,,,,,,,,,,,
vetyh4jgoybrcspzhwhbqnjqbqizz7zx3fjmivte5oe2bephxqna,2026-02-01T00:00:00Z/2026-03-01T00:00:00Z,,"Amazon Web Services, Inc.",AWS,Anniversary,595673262386,2026-02-01T00:00:00Z,2026-03-01T00:00:00Z,353545917793,Usage,2026-02-01T00:00:00Z,2026-02-02T06:00:00Z,AmazonEC2,USW2-DataTransfer-Regional-Bytes,InterZone-In,,i-0b76fb544c7e81b35,0.0438677083,,,USD,0.0000000000,0.0000000000,0.0085020935,0.0003729673,$0.000 per GB - regional data transfer under the monthly global free tier,,"Amazon Web Services, Inc.",Amazon Elastic Compute Cloud,,,,,,,,,,,,,,,,,,,,,,,,,,US West (Oregon),AWS Region,us-west-2,,,,,,,,,,,,,,,,,,,,,,,,,,,,,,,,,Data Transfer,,,,us-west-2,,,,,,AWSDataTransfer,AWS Data Transfer,62WNQUZDQQ6GRJC5,,,,,,US West (Oregon),AWS Region,us-west-2,IntraRegion,,USW2-DataTransfer-Regional-Bytes,,,,,,62WNQUZDQQ6GRJC5.A429C66SYZ.6YS6EN2CT7,200603099685,USD,0.0004386771,0.0100000000,,GB,,,,,,,,,,21100991773,,,,,,,,,,,,,,,
7aeosqo6inojlakenuuupup5hjea37bfbeyqqicvau4j22htnwoa,2026-02-01T00:00:00Z/2026-03-01T00:00:00Z,,"Amazon Web Services, Inc.",AWS,Anniversary,595673262386,2026-02-01T00:00:00Z,2026-03-01T00:00:00Z,353545917793,Usage,2026-02-01T02:00:00Z,2026-02-02T06:00:00Z,AmazonEC2,USW2-DataTransfer-Regional-Bytes,InterZone-In,,i-0f9087537e1a3b52b,0.7013859958,,,USD,0.0000000000,0.0000000000,0.0085020935,0.0059632493,$0.000 per GB - regional data transfer under the monthly global free tier,,"Amazon Web Services, Inc.",Amazon Elastic Compute Cloud,,,,,,,,,,,,,,,,,,,,,,,,,,US West (Oregon),AWS Region,us-west-2,,,,,,,,,,,,,,,,,,,,,,,,,,,,,,,,,Data Transfer,,,,us-west-2,,,,,,AWSDataTransfer,AWS Data Transfer,62WNQUZDQQ6GRJC5,,,,,,US West (Oregon),AWS Region,us-west-2,IntraRegion,,USW2-DataTransfer-Regional-Bytes,,,,,,62WNQUZDQQ6GRJC5.A429C66SYZ.6YS6EN2CT7,200603099685,USD,0.0070138600,0.0100000000,,GB,,,,,,,,,,21100991773,,,,,,,,,,,,,,,
3brrbixbuqnymn22hy5iqh4blsf2lg56fbpagrg3ldoi6idczb4q,2026-02-01T00:00:00Z/2026-03-01T00:00:00Z,,"Amazon Web Services, Inc.",AWS,Anniversary,595673262386,2026-02-01T00:00:00Z,2026-03-01T00:00:00Z,353545917793,Usage,2026-02-01T00:00:00Z,2026-02-02T00:00:00Z,AmazonEC2,USW2-DataTransfer-Regional-Bytes,InterZone-Out,,i-04352cb9038c39c86,0.0116984938,,,USD,0.0000000000,0.0000000000,0.0085020935,0.0000994617,$0.000 per GB - regional data transfer under the monthly global free tier,,"Amazon Web Services, Inc.",Amazon Elastic Compute Cloud,,,,,,,,,,,,,,,,,,,,,,,,,,US West (Oregon),AWS Region,us-west-2,,,,,,,,,,,,,,,,,,,,,,,,,,,,,,,,,Data Transfer,,,,us-west-2,,,,,,AWSDataTransfer,AWS Data Transfer,62WNQUZDQQ6GRJC5,,,,,,US West (Oregon),AWS Region,us-west-2,IntraRegion,,USW2-DataTransfer-Regional-Bytes,,,,,,62WNQUZDQQ6GRJC5.A429C66SYZ.6YS6EN2CT7,200603099685,USD,0.0001169849,0.0100000000,,GB,,,,,,,,,,21100991773,,,,,,,,,,,,,,,
jl5fcmqc6qxhx63np2e46kkidtzyrtv3poks776iaqottoorf3ta,2026-02-01T00:00:00Z/2026-03-01T00:00:00Z,,"Amazon Web Services, Inc.",AWS,Anniversary,595673262386,2026-02-01T00:00:00Z,2026-03-01T00:00:00Z,353545917793,Usage,2026-02-01T00:00:00Z,2026-02-02T00:00:00Z,AmazonEC2,USW2-DataTransfer-Regional-Bytes,InterZone-Out,,i-05664a6d7944e348d,0.0022280371,,,USD,0.0000000000,0.0000000000,0.0085020935,0.0000189428,$0.000 per GB - regional data transfer under the monthly global free tier,,"Amazon Web Services, Inc.",Amazon Elastic Compute Cloud,,,,,,,,,,,,,,,,,,,,,,,,,,US West (Oregon),AWS Region,us-west-2,,,,,,,,,,,,,,,,,,,,,,,,,,,,,,,,,Data Transfer,,,,us-west-2,,,,,,AWSDataTransfer,AWS Data Transfer,62WNQUZDQQ6GRJC5,,,,,,US West (Oregon),AWS Region,us-west-2,IntraRegion,,USW2-DataTransfer-Regional-Bytes,,,,,,62WNQUZDQQ6GRJC5.A429C66SYZ.6YS6EN2CT7,200603099685,USD,0.0000222804,0.0100000000,,GB,,,,,,,,,,21100991773,,,,,,,,,,,,,,,
b624vkigexatbu7ci53xcp5lmwtlgycfx7tcnsm4qakgzkoz2gfa,2026-02-01T00:00:00Z/2026-03-01T00:00:00Z,,"Amazon Web Services, Inc.",AWS,Anniversary,595673262386,2026-02-01T00:00:00Z,2026-03-01T00:00:00Z,353545917793,Usage,2026-02-01T20:00:00Z,2026-02-01T21:00:00Z,AmazonEC2,USW2-DataTransfer-Regional-Bytes,InterZone-Out,,i-0737636d2e5d8a31c,0.0000931406,,,USD,0.0000000000,0.0000000000,0.0085020935,0.0000007919,$0.000 per GB - regional data transfer under the monthly global free tier,,"Amazon Web Services, Inc.",Amazon Elastic Compute Cloud,,,,,,,,,,,,,,,,,,,,,,,,,,US West (Oregon),AWS Region,us-west-2,,,,,,,,,,,,,,,,,,,,,,,,,,,,,,,,,Data Transfer,,,,us-west-2,,,,,,AWSDataTransfer,AWS Data Transfer,62WNQUZDQQ6GRJC5,,,,,,US West (Oregon),AWS Region,us-west-2,IntraRegion,,USW2-DataTransfer-Regional-Bytes,,,,,,62WNQUZDQQ6GRJC5.A429C66SYZ.6YS6EN2CT7,200603099685,USD,0.0000009314,0.0100000000,,GB,,,,,,,,,,21100991773,,,,,,,,,,,,,,,
4tyabbzrhl7bbxvtmmausd6xujke4k4v5evuifgnxkpuospbp46q,2026-02-01T00:00:00Z/2026-03-01T00:00:00Z,,"Amazon Web Services, Inc.",AWS,Anniversary,595673262386,2026-02-01T00:00:00Z,2026-03-01T00:00:00Z,353545917793,Usage,2026-02-01T00:00:00Z,2026-02-02T00:00:00Z,AmazonEC2,USW2-DataTransfer-Regional-Bytes,InterZone-Out,,i-0b76fb544c7e81b35,0.0322157856,,,USD,0.0000000000,0.0000000000,0.0085020935,0.0002739014,$0.000 per GB - regional data transfer under the monthly global free tier,,"Amazon Web Services, Inc.",Amazon Elastic Compute Cloud,,,,,,,,,,,,,,,,,,,,,,,,,,US West (Oregon),AWS Region,us-west-2,,,,,,,,,,,,,,,,,,,,,,,,,,,,,,,,,Data Transfer,,,,us-west-2,,,,,,AWSDataTransfer,AWS Data Transfer,62WNQUZDQQ6GRJC5,,,,,,US West (Oregon),AWS Region,us-west-2,IntraRegion,,USW2-DataTransfer-Regional-Bytes,,,,,,62WNQUZDQQ6GRJC5.A429C66SYZ.6YS6EN2CT7,200603099685,USD,0.0003221579,0.0100000000,,GB,,,,,,,,,,21100991773,,,,,,,,,,,,,,,
jdsl5dvxudkvodvg4b2ftcfwanzkgo2ozjbkanil54yanqm4zlwq,2026-02-01T00:00:00Z/2026-03-01T00:00:00Z,,"Amazon Web Services, Inc.",AWS,Anniversary,595673262386,2026-02-01T00:00:00Z,2026-03-01T00:00:00Z,353545917793,Usage,2026-02-01T02:00:00Z,2026-02-02T00:00:00Z,AmazonEC2,USW2-DataTransfer-Regional-Bytes,InterZone-Out,,i-0f9087537e1a3b52b,0.0403693058,,,USD,0.0000000000,0.0000000000,0.0085020935,0.0003432236,$0.000 per GB - regional data transfer under the monthly global free tier,,"Amazon Web Services, Inc.",Amazon Elastic Compute Cloud,,,,,,,,,,,,,,,,,,,,,,,,,,US West (Oregon),AWS Region,us-west-2,,,,,,,,,,,,,,,,,,,,,,,,,,,,,,,,,Data Transfer,,,,us-west-2,,,,,,AWSDataTransfer,AWS Data Transfer,62WNQUZDQQ6GRJC5,,,,,,US West (Oregon),AWS Region,us-west-2,IntraRegion,,USW2-DataTransfer-Regional-Bytes,,,,,,62WNQUZDQQ6GRJC5.A429C66SYZ.6YS6EN2CT7,200603099685,USD,0.0004036931,0.0100000000,,GB,,,,,,,,,,21100991773,,,,,,,,,,,,,,,
lolmw7bdjbj5s76bic236ozptb4nudetrm5l4av6jxekoxujugva,2026-02-01T00:00:00Z/2026-03-01T00:00:00Z,,"Amazon Web Services, Inc.",AWS,Anniversary,595673262386,2026-02-01T00:00:00Z,2026-03-01T00:00:00Z,353545917793,Usage,2026-02-01T00:00:00Z,2026-02-01T20:00:00Z,AmazonEC2,USW2-DataTransfer-Regional-Bytes,PublicIP-In,,i-002ddab9222dfe0bc,0.0000412577,,,USD,0.0000000000,0.0000000000,0.0085020935,0.0000003507,$0.000 per GB - regional data transfer under the monthly global free tier,,"Amazon Web Services, Inc.",Amazon Elastic Compute Cloud,,,,,,,,,,,,,,,,,,,,,,,,,,US West (Oregon),AWS Region,us-west-2,,,,,,,,,,,,,,,,,,,,,,,,,,,,,,,,,Data Transfer,,,,us-west-2,,,,,,AWSDataTransfer,AWS Data Transfer,62WNQUZDQQ6GRJC5,,,,,,US West (Oregon),AWS Region,us-west-2,IntraRegion,,USW2-DataTransfer-Regional-Bytes,,,,,,62WNQUZDQQ6GRJC5.A429C66SYZ.6YS6EN2CT7,200603099685,USD,0.0000004126,0.0100000000,,GB,,,,,,,,,,21100991773,,,,,,,,,,,,,,,
2ua65plnetpuapstwee5e2dtzwdyv4vhqnviuksbriwfmmeo6jma,2026-02-01T00:00:00Z/2026-03-01T00:00:00Z,,"Amazon Web Services, Inc.",AWS,Anniversary,595673262386,2026-02-01T00:00:00Z,2026-03-01T00:00:00Z,353545917793,Usage,2026-02-01T19:00:00Z,2026-02-01T21:00:00Z,AmazonEC2,USW2-DataTransfer-Regional-Bytes,PublicIP-In,,i-027fb26adbe5ed18f,0.0000088476,,,USD,0.0000000000,0.0000000000,0.0085020935,0.0000000752,$0.000 per GB - regional data transfer under the monthly global free tier,,"Amazon Web Services, Inc.",Amazon Elastic Compute Cloud,,,,,,,,,,,,,,,,,,,,,,,,,,US West (Oregon),AWS Region,us-west-2,,,,,,,,,,,,,,,,,,,,,,,,,,,,,,,,,Data Transfer,,,,us-west-2,,,,,,AWSDataTransfer,AWS Data Transfer,62WNQUZDQQ6GRJC5,,,,,,US West (Oregon),AWS Region,us-west-2,IntraRegion,,USW2-DataTransfer-Regional-Bytes,,,,,,62WNQUZDQQ6GRJC5.A429C66SYZ.6YS6EN2CT7,200603099685,USD,0.0000000885,0.0100000000,,GB,,,,,,,,,,21100991773,,,,,,,,,,,,,,,
2w767kipi5l52gbnwzkg5t66vxaevmlgioejzvrggtvmp7smfama,2026-02-01T00:00:00Z/2026-03-01T00:00:00Z,,"Amazon Web Services, Inc.",AWS,Anniversary,595673262386,2026-02-01T00:00:00Z,2026-03-01T00:00:00Z,353545917793,Usage,2026-02-01T20:00:00Z,2026-02-02T00:00:00Z,AmazonEC2,USW2-DataTransfer-Regional-Bytes,PublicIP-In,,i-03dcf6b74c7efc8a2,0.0001606997,,,USD,0.0000000000,0.0000000000,0.0085020935,0.0000013664,$0.000 per GB - regional data transfer under the monthly global free tier,,"Amazon Web Services, Inc.",Amazon Elastic Compute Cloud,,,,,,,,,,,,,,,,,,,,,,,,,,US West (Oregon),AWS Region,us-west-2,,,,,,,,,,,,,,,,,,,,,,,,,,,,,,,,,Data Transfer,,,,us-west-2,,,,,,AWSDataTransfer,AWS Data Transfer,62WNQUZDQQ6GRJC5,,,,,,US West (Oregon),AWS Region,us-west-2,IntraRegion,,USW2-DataTransfer-Regional-Bytes,,,,,,62WNQUZDQQ6GRJC5.A429C66SYZ.6YS6EN2CT7,200603099685,USD,0.0000016070,0.0100000000,,GB,,,,,,,,,,21100991773,,,,,,,,,,,,,,,
42qr4dlerx4gpzvok2g5wzkldhezeepinvhs6xqlet7lpwv4ejwa,2026-02-01T00:00:00Z/2026-03-01T00:00:00Z,,"Amazon Web Services, Inc.",AWS,Anniversary,595673262386,2026-02-01T00:00:00Z,2026-03-01T00:00:00Z,353545917793,Usage,2026-02-01T00:00:00Z,2026-02-02T00:00:00Z,AmazonEC2,USW2-DataTransfer-Regional-Bytes,PublicIP-In,,i-04b5fa4c2a30b6718,0.0250844108,,,USD,0.0000000000,0.0000000000,0.0085020935,0.0002132702,$0.000 per GB - regional data transfer under the monthly global free tier,,"Amazon Web Services, Inc.",Amazon Elastic Compute Cloud,,,,,,,,,,,,,,,,,,,,,,,,,,US West (Oregon),AWS Region,us-west-2,,,,,,,,,,,,,,,,,,,,,,,,,,,,,,,,,Data Transfer,,,,us-west-2,,,,,,AWSDataTransfer,AWS Data Transfer,62WNQUZDQQ6GRJC5,,,,,,US West (Oregon),AWS Region,us-west-2,IntraRegion,,USW2-DataTransfer-Regional-Bytes,,,,,,62WNQUZDQQ6GRJC5.A429C66SYZ.6YS6EN2CT7,200603099685,USD,0.0002508441,0.0100000000,,GB,,,,,,,,,,21100991773,,,,,,,,,,,,,,,
zqwuzcnzls2ooboiofm4zavqvfjr5dsnn6makss4wvhk4w2m764a,2026-02-01T00:00:00Z/2026-03-01T00:00:00Z,,"Amazon Web Services, Inc.",AWS,Anniversary,595673262386,2026-02-01T00:00:00Z,2026-03-01T00:00:00Z,353545917793,Usage,2026-02-01T19:00:00Z,2026-02-01T21:00:00Z,AmazonEC2,USW2-DataTransfer-Regional-Bytes,PublicIP-In,,i-059b0e7dc012d0824,0.0000102632,,,USD,0.0000000000,0.0000000000,0.0085020935,0.0000000872,$0.000 per GB - regional data transfer under the monthly global free tier,,"Amazon Web Services, Inc.",Amazon Elastic Compute Cloud,,,,,,,,,,,,,,,,,,,,,,,,,,US West (Oregon),AWS Region,us-west-2,,,,,,,,,,,,,,,,,,,,,,,,,,,,,,,,,Data Transfer,,,,us-west-2,,,,,,AWSDataTransfer,AWS Data Transfer,62WNQUZDQQ6GRJC5,,,,,,US West (Oregon),AWS Region,us-west-2,IntraRegion,,USW2-DataTransfer-Regional-Bytes,,,,,,62WNQUZDQQ6GRJC5.A429C66SYZ.6YS6EN2CT7,200603099685,USD,0.0000001026,0.0100000000,,GB,,,,,,,,,,21100991773,,,,,,,,,,,,,,,
jlvtw6csja4rmrfqlgstjfjxsxdsbngqak4tbxg65eprmafak3eq,2026-02-01T00:00:00Z/2026-03-01T00:00:00Z,,"Amazon Web Services, Inc.",AWS,Anniversary,595673262386,2026-02-01T00:00:00Z,2026-03-01T00:00:00Z,353545917793,Usage,2026-02-01T00:00:00Z,2026-02-02T00:00:00Z,AmazonEC2,USW2-DataTransfer-Regional-Bytes,PublicIP-In,,i-0737636d2e5d8a31c,0.0000668009,,,USD,0.0000000000,0.0000000000,0.0085020935,0.0000005680,$0.000 per GB - regional data transfer under the monthly global free tier,,"Amazon Web Services, Inc.",Amazon Elastic Compute Cloud,,,,,,,,,,,,,,,,,,,,,,,,,,US West (Oregon),AWS Region,us-west-2,,,,,,,,,,,,,,,,,,,,,,,,,,,,,,,,,Data Transfer,,,,us-west-2,,,,,,AWSDataTransfer,AWS Data Transfer,62WNQUZDQQ6GRJC5,,,,,,US West (Oregon),AWS Region,us-west-2,IntraRegion,,USW2-DataTransfer-Regional-Bytes,,,,,,62WNQUZDQQ6GRJC5.A429C66SYZ.6YS6EN2CT7,200603099685,USD,0.0000006680,0.0100000000,,GB,,,,,,,,,,21100991773,,,,,,,,,,,,,,,
gxfd6yar5esgfgfpz2umugrkykfy5ylow6lgbswvud52ethnc4uq,2026-02-01T00:00:00Z/2026-03-01T00:00:00Z,,"Amazon Web Services, Inc.",AWS,Anniversary,595673262386,2026-02-01T00:00:00Z,2026-03-01T00:00:00Z,353545917793,Usage,2026-02-01T00:00:00Z,2026-02-02T00:00:00Z,AmazonEC2,USW2-DataTransfer-Regional-Bytes,PublicIP-In,,i-0ad0d864464631aea,0.0001008361,,,USD,0.0000000000,0.0000000000,0.0085020935,0.0000008575,$0.000 per GB - regional data transfer under the monthly global free tier,,"Amazon Web Services, Inc.",Amazon Elastic Compute Cloud,,,,,,,,,,,,,,,,,,,,,,,,,,US West (Oregon),AWS Region,us-west-2,,,,,,,,,,,,,,,,,,,,,,,,,,,,,,,,,Data Transfer,,,,us-west-2,,,,,,AWSDataTransfer,AWS Data Transfer,62WNQUZDQQ6GRJC5,,,,,,US West (Oregon),AWS Region,us-west-2,IntraRegion,,USW2-DataTransfer-Regional-Bytes,,,,,,62WNQUZDQQ6GRJC5.A429C66SYZ.6YS6EN2CT7,200603099685,USD,0.0000010084,0.0100000000,,GB,,,,,,,,,,21100991773,,,,,,,,,,,,,,,
4qscimxpiftpv5fgb7i7z3cqfuzn3dokzug6bdviooimbilxe36a,2026-02-01T00:00:00Z/2026-03-01T00:00:00Z,,"Amazon Web Services, Inc.",AWS,Anniversary,595673262386,2026-02-01T00:00:00Z,2026-03-01T00:00:00Z,353545917793,Usage,2026-02-01T00:00:00Z,2026-02-02T00:00:00Z,AmazonEC2,USW2-DataTransfer-Regional-Bytes,PublicIP-In,,i-0b76fb544c7e81b35,0.0078510345,,,USD,0.0000000000,0.0000000000,0.0085020935,0.0000667505,$0.000 per GB - regional data transfer under the monthly global free tier,,"Amazon Web Services, Inc.",Amazon Elastic Compute Cloud,,,,,,,,,,,,,,,,,,,,,,,,,,US West (Oregon),AWS Region,us-west-2,,,,,,,,,,,,,,,,,,,,,,,,,,,,,,,,,Data Transfer,,,,us-west-2,,,,,,AWSDataTransfer,AWS Data Transfer,62WNQUZDQQ6GRJC5,,,,,,US West (Oregon),AWS Region,us-west-2,IntraRegion,,USW2-DataTransfer-Regional-Bytes,,,,,,62WNQUZDQQ6GRJC5.A429C66SYZ.6YS6EN2CT7,200603099685,USD,0.0000785103,0.0100000000,,GB,,,,,,,,,,21100991773,,,,,,,,,,,,,,,
afuvrymrw7uhl6y7z6ogwzhs7atgtoiuiudqv66aq3w6dwooq2fa,2026-02-01T00:00:00Z/2026-03-01T00:00:00Z,,"Amazon Web Services, Inc.",AWS,Anniversary,595673262386,2026-02-01T00:00:00Z,2026-03-01T00:00:00Z,353545917793,Usage,2026-02-01T00:00:00Z,2026-02-01T20:00:00Z,AmazonEC2,USW2-DataTransfer-Regional-Bytes,PublicIP-In,,i-0b9d34c5972a322eb,0.0000235298,,,USD,0.0000000000,0.0000000000,0.0085020935,0.0000001995,$0.000 per GB - regional data transfer under the monthly global free tier,,"Amazon Web Services, Inc.",Amazon Elastic Compute Cloud,,,,,,,,,,,,,,,,,,,,,,,,,,US West (Oregon),AWS Region,us-west-2,,,,,,,,,,,,,,,,,,,,,,,,,,,,,,,,,Data Transfer,,,,us-west-2,,,,,,AWSDataTransfer,AWS Data Transfer,62WNQUZDQQ6GRJC5,,,,,,US West (Oregon),AWS Region,us-west-2,IntraRegion,,USW2-DataTransfer-Regional-Bytes,,,,,,62WNQUZDQQ6GRJC5.A429C66SYZ.6YS6EN2CT7,200603099685,USD,0.0000002353,0.0100000000,,GB,,,,,,,,,,21100991773,,,,,,,,,,,,,,,
l5bz4md2bn77c4f4swq6gc7qiay5pd75iwpweextxsfguar7q6yq,2026-02-01T00:00:00Z/2026-03-01T00:00:00Z,,"Amazon Web Services, Inc.",AWS,Anniversary,595673262386,2026-02-01T00:00:00Z,2026-03-01T00:00:00Z,353545917793,Usage,2026-02-01T00:00:00Z,2026-02-02T00:00:00Z,AmazonEC2,USW2-DataTransfer-Regional-Bytes,PublicIP-In,,i-0ee8635d596bf3d8b,0.0000302836,,,USD,0.0000000000,0.0000000000,0.0085020935,0.0000002568,$0.000 per GB - regional data transfer under the monthly global free tier,,"Amazon Web Services, Inc.",Amazon Elastic Compute Cloud,,,,,,,,,,,,,,,,,,,,,,,,,,US West (Oregon),AWS Region,us-west-2,,,,,,,,,,,,,,,,,,,,,,,,,,,,,,,,,Data Transfer,,,,us-west-2,,,,,,AWSDataTransfer,AWS Data Transfer,62WNQUZDQQ6GRJC5,,,,,,US West (Oregon),AWS Region,us-west-2,IntraRegion,,USW2-DataTransfer-Regional-Bytes,,,,,,62WNQUZDQQ6GRJC5.A429C66SYZ.6YS6EN2CT7,200603099685,USD,0.0000003028,0.0100000000,,GB,,,,,,,,,,21100991773,,,,,,,,,,,,,,,
76nirdzl24mqn4ruychgscrgwxtdfdotkinm5zhror5yrfbbwmhq,2026-02-01T00:00:00Z/2026-03-01T00:00:00Z,,"Amazon Web Services, Inc.",AWS,Anniversary,595673262386,2026-02-01T00:00:00Z,2026-03-01T00:00:00Z,353545917793,Usage,2026-02-01T00:00:00Z,2026-02-02T00:00:00Z,AmazonEC2,USW2-DataTransfer-Regional-Bytes,PublicIP-In,,i-0f9087537e1a3b52b,0.0000904546,,,USD,0.0000000000,0.0000000000,0.0085020935,0.0000007690,$0.000 per GB - regional data transfer under the monthly global free tier,,"Amazon Web Services, Inc.",Amazon Elastic Compute Cloud,,,,,,,,,,,,,,,,,,,,,,,,,,US West (Oregon),AWS Region,us-west-2,,,,,,,,,,,,,,,,,,,,,,,,,,,,,,,,,Data Transfer,,,,us-west-2,,,,,,AWSDataTransfer,AWS Data Transfer,62WNQUZDQQ6GRJC5,,,,,,US West (Oregon),AWS Region,us-west-2,IntraRegion,,USW2-DataTransfer-Regional-Bytes,,,,,,62WNQUZDQQ6GRJC5.A429C66SYZ.6YS6EN2CT7,200603099685,USD,0.0000009045,0.0100000000,,GB,,,,,,,,,,21100991773,,,,,,,,,,,,,,,
gpbdwlg4lmlgsagsg4t5luq6uqhnh4gfd6e5tqkab3eimqi5frsq,2026-02-01T00:00:00Z/2026-03-01T00:00:00Z,,"Amazon Web Services, Inc.",AWS,Anniversary,595673262386,2026-02-01T00:00:00Z,2026-03-01T00:00:00Z,353545917793,Usage,2026-02-01T00:00:00Z,2026-02-01T20:00:00Z,AmazonEC2,USW2-DataTransfer-Regional-Bytes,PublicIP-Out,,i-002ddab9222dfe0bc,0.0000411310,,,USD,0.0000000000,0.0000000000,0.0085020935,0.0000003496,$0.000 per GB - regional data transfer under the monthly global free tier,,"Amazon Web Services, Inc.",Amazon Elastic Compute Cloud,,,,,,,,,,,,,,,,,,,,,,,,,,US West (Oregon),AWS Region,us-west-2,,,,,,,,,,,,,,,,,,,,,,,,,,,,,,,,,Data Transfer,,,,us-west-2,,,,,,AWSDataTransfer,AWS Data Transfer,62WNQUZDQQ6GRJC5,,,,,,US West (Oregon),AWS Region,us-west-2,IntraRegion,,USW2-DataTransfer-Regional-Bytes,,,,,,62WNQUZDQQ6GRJC5.A429C66SYZ.6YS6EN2CT7,200603099685,USD,0.0000004113,0.0100000000,,GB,,,,,,,,,,21100991773,,,,,,,,,,,,,,,
ks747qpijxpr7tkdw5ihx3i2e43sbsoa3n3ulwdz3dq7dwktnaaa,2026-02-01T00:00:00Z/2026-03-01T00:00:00Z,,"Amazon Web Services, Inc.",AWS,Anniversary,595673262386,2026-02-01T00:00:00Z,2026-03-01T00:00:00Z,353545917793,Usage,2026-02-01T19:00:00Z,2026-02-01T21:00:00Z,AmazonEC2,USW2-DataTransfer-Regional-Bytes,PublicIP-Out,,i-027fb26adbe5ed18f,0.0000088476,,,USD,0.0000000000,0.0000000000,0.0085020935,0.0000000752,$0.000 per GB - regional data transfer under the monthly global free tier,,"Amazon Web Services, Inc.",Amazon Elastic Compute Cloud,,,,,,,,,,,,,,,,,,,,,,,,,,US West (Oregon),AWS Region,us-west-2,,,,,,,,,,,,,,,,,,,,,,,,,,,,,,,,,Data Transfer,,,,us-west-2,,,,,,AWSDataTransfer,AWS Data Transfer,62WNQUZDQQ6GRJC5,,,,,,US West (Oregon),AWS Region,us-west-2,IntraRegion,,USW2-DataTransfer-Regional-Bytes,,,,,,62WNQUZDQQ6GRJC5.A429C66SYZ.6YS6EN2CT7,200603099685,USD,0.0000000885,0.0100000000,,GB,,,,,,,,,,21100991773,,,,,,,,,,,,,,,
awepo5kh3coi4e6dcsgffeu33hje7jsnxi36ydx7qqzqouhjdmra,2026-02-01T00:00:00Z/2026-03-01T00:00:00Z,,"Amazon Web Services, Inc.",AWS,Anniversary,595673262386,2026-02-01T00:00:00Z,2026-03-01T00:00:00Z,353545917793,Usage,2026-02-01T20:00:00Z,2026-02-02T00:00:00Z,AmazonEC2,USW2-DataTransfer-Regional-Bytes,PublicIP-Out,,i-03dcf6b74c7efc8a2,0.0000739992,,,USD,0.0000000000,0.0000000000,0.0085020935,0.0000006292,$0.000 per GB - regional data transfer under the monthly global free tier,,"Amazon Web Services, Inc.",Amazon Elastic Compute Cloud,,,,,,,,,,,,,,,,,,,,,,,,,,US West (Oregon),AWS Region,us-west-2,,,,,,,,,,,,,,,,,,,,,,,,,,,,,,,,,Data Transfer,,,,us-west-2,,,,,,AWSDataTransfer,AWS Data Transfer,62WNQUZDQQ6GRJC5,,,,,,US West (Oregon),AWS Region,us-west-2,IntraRegion,,USW2-DataTransfer-Regional-Bytes,,,,,,62WNQUZDQQ6GRJC5.A429C66SYZ.6YS6EN2CT7,200603099685,USD,0.0000007400,0.0100000000,,GB,,,,,,,,,,21100991773,,,,,,,,,,,,,,,
kj7tiai5jcd3uasrhenwyuwa2qvv45x5abdg37k3cclx6f3c2txq,2026-02-01T00:00:00Z/2026-03-01T00:00:00Z,,"Amazon Web Services, Inc.",AWS,Anniversary,595673262386,2026-02-01T00:00:00Z,2026-03-01T00:00:00Z,353545917793,Usage,2026-02-01T00:00:00Z,2026-02-02T00:00:00Z,AmazonEC2,USW2-DataTransfer-Regional-Bytes,PublicIP-Out,,i-04b5fa4c2a30b6718,0.0167135924,,,USD,0.0000000000,0.0000000000,0.0085020935,0.0001421005,$0.000 per GB - regional data transfer under the monthly global free tier,,"Amazon Web Services, Inc.",Amazon Elastic Compute Cloud,,,,,,,,,,,,,,,,,,,,,,,,,,US West (Oregon),AWS Region,us-west-2,,,,,,,,,,,,,,,,,,,,,,,,,,,,,,,,,Data Transfer,,,,us-west-2,,,,,,AWSDataTransfer,AWS Data Transfer,62WNQUZDQQ6GRJC5,,,,,,US West (Oregon),AWS Region,us-west-2,IntraRegion,,USW2-DataTransfer-Regional-Bytes,,,,,,62WNQUZDQQ6GRJC5.A429C66SYZ.6YS6EN2CT7,200603099685,USD,0.0001671359,0.0100000000,,GB,,,,,,,,,,21100991773,,,,,,,,,,,,,,,
whcsh6rttnfawtou65pnc4ks4yx5oob3taojllkrp7gbdptrpzta,2026-02-01T00:00:00Z/2026-03-01T00:00:00Z,,"Amazon Web Services, Inc.",AWS,Anniversary,595673262386,2026-02-01T00:00:00Z,2026-03-01T00:00:00Z,353545917793,Usage,2026-02-01T19:00:00Z,2026-02-01T21:00:00Z,AmazonEC2,USW2-DataTransfer-Regional-Bytes,PublicIP-Out,,i-059b0e7dc012d0824,0.0000102632,,,USD,0.0000000000,0.0000000000,0.0085020935,0.0000000872,$0.000 per GB - regional data transfer under the monthly global free tier,,"Amazon Web Services, Inc.",Amazon Elastic Compute Cloud,,,,,,,,,,,,,,,,,,,,,,,,,,US West (Oregon),AWS Region,us-west-2,,,,,,,,,,,,,,,,,,,,,,,,,,,,,,,,,Data Transfer,,,,us-west-2,,,,,,AWSDataTransfer,AWS Data Transfer,62WNQUZDQQ6GRJC5,,,,,,US West (Oregon),AWS Region,us-west-2,IntraRegion,,USW2-DataTransfer-Regional-Bytes,,,,,,62WNQUZDQQ6GRJC5.A429C66SYZ.6YS6EN2CT7,200603099685,USD,0.0000001026,0.0100000000,,GB,,,,,,,,,,21100991773,,,,,,,,,,,,,,,
qj3sws6wclsys3yq6ael44yxulf52e4p3fl2plxgdmeyxjg26cia,2026-02-01T00:00:00Z/2026-03-01T00:00:00Z,,"Amazon Web Services, Inc.",AWS,Anniversary,595673262386,2026-02-01T00:00:00Z,2026-03-01T00:00:00Z,353545917793,Usage,2026-02-01T00:00:00Z,2026-02-02T00:00:00Z,AmazonEC2,USW2-DataTransfer-Regional-Bytes,PublicIP-Out,,i-0737636d2e5d8a31c,0.0000585839,,,USD,0.0000000000,0.0000000000,0.0085020935,0.0000004985,$0.000 per GB - regional data transfer under the monthly global free tier,,"Amazon Web Services, Inc.",Amazon Elastic Compute Cloud,,,,,,,,,,,,,,,,,,,,,,,,,,US West (Oregon),AWS Region,us-west-2,,,,,,,,,,,,,,,,,,,,,,,,,,,,,,,,,Data Transfer,,,,us-west-2,,,,,,AWSDataTransfer,AWS Data Transfer,62WNQUZDQQ6GRJC5,,,,,,US West (Oregon),AWS Region,us-west-2,IntraRegion,,USW2-DataTransfer-Regional-Bytes,,,,,,62WNQUZDQQ6GRJC5.A429C66SYZ.6YS6EN2CT7,200603099685,USD,0.0000005858,0.0100000000,,GB,,,,,,,,,,21100991773,,,,,,,,,,,,,,,
wgjxek6fkwptugrdfhj6mic7hfp5rd77qv4b4oddjxb7ji35tsiq,2026-02-01T00:00:00Z/2026-03-01T00:00:00Z,,"Amazon Web Services, Inc.",AWS,Anniversary,595673262386,2026-02-01T00:00:00Z,2026-03-01T00:00:00Z,353545917793,Usage,2026-02-01T00:00:00Z,2026-02-02T00:00:00Z,AmazonEC2,USW2-DataTransfer-Regional-Bytes,PublicIP-Out,,i-0ad0d864464631aea,0.0001006573,,,USD,0.0000000000,0.0000000000,0.0085020935,0.0000008559,$0.000 per GB - regional data transfer under the monthly global free tier,,"Amazon Web Services, Inc.",Amazon Elastic Compute Cloud,,,,,,,,,,,,,,,,,,,,,,,,,,US West (Oregon),AWS Region,us-west-2,,,,,,,,,,,,,,,,,,,,,,,,,,,,,,,,,Data Transfer,,,,us-west-2,,,,,,AWSDataTransfer,AWS Data Transfer,62WNQUZDQQ6GRJC5,,,,,,US West (Oregon),AWS Region,us-west-2,IntraRegion,,USW2-DataTransfer-Regional-Bytes,,,,,,62WNQUZDQQ6GRJC5.A429C66SYZ.6YS6EN2CT7,200603099685,USD,0.0000010066,0.0100000000,,GB,,,,,,,,,,21100991773,,,,,,,,,,,,,,,
7rhizql764mquy7cl3ewokdsthppvqfimwkdxs2fyuqbkfdmtknq,2026-02-01T00:00:00Z/2026-03-01T00:00:00Z,,"Amazon Web Services, Inc.",AWS,Anniversary,595673262386,2026-02-01T00:00:00Z,2026-03-01T00:00:00Z,353545917793,Usage,2026-02-01T00:00:00Z,2026-02-02T00:00:00Z,AmazonEC2,USW2-DataTransfer-Regional-Bytes,PublicIP-Out,,i-0b76fb544c7e81b35,0.0058389455,,,USD,0.0000000000,0.0000000000,0.0085020935,0.0000496433,$0.000 per GB - regional data transfer under the monthly global free tier,,"Amazon Web Services, Inc.",Amazon Elastic Compute Cloud,,,,,,,,,,,,,,,,,,,,,,,,,,US West (Oregon),AWS Region,us-west-2,,,,,,,,,,,,,,,,,,,,,,,,,,,,,,,,,Data Transfer,,,,us-west-2,,,,,,AWSDataTransfer,AWS Data Transfer,62WNQUZDQQ6GRJC5,,,,,,US West (Oregon),AWS Region,us-west-2,IntraRegion,,USW2-DataTransfer-Regional-Bytes,,,,,,62WNQUZDQQ6GRJC5.A429C66SYZ.6YS6EN2CT7,200603099685,USD,0.0000583895,0.0100000000,,GB,,,,,,,,,,21100991773,,,,,,,,,,,,,,,
nqsjcdngtrumq22li4chval2jsbwnuwifoi6ohrsl3iohh2or5yq,2026-02-01T00:00:00Z/2026-03-01T00:00:00Z,,"Amazon Web Services, Inc.",AWS,Anniversary,595673262386,2026-02-01T00:00:00Z,2026-03-01T00:00:00Z,353545917793,Usage,2026-02-01T00:00:00Z,2026-02-01T20:00:00Z,AmazonEC2,USW2-DataTransfer-Regional-Bytes,PublicIP-Out,,i-0b9d34c5972a322eb,0.0000233324,,,USD,0.0000000000,0.0000000000,0.0085020935,0.0000001978,$0.000 per GB - regional data transfer under the monthly global free tier,,"Amazon Web Services, Inc.",Amazon Elastic Compute Cloud,,,,,,,,,,,,,,,,,,,,,,,,,,US West (Oregon),AWS Region,us-west-2,,,,,,,,,,,,,,,,,,,,,,,,,,,,,,,,,Data Transfer,,,,us-west-2,,,,,,AWSDataTransfer,AWS Data Transfer,62WNQUZDQQ6GRJC5,,,,,,US West (Oregon),AWS Region,us-west-2,IntraRegion,,USW2-DataTransfer-Regional-Bytes,,,,,,62WNQUZDQQ6GRJC5.A429C66SYZ.6YS6EN2CT7,200603099685,USD,0.0000002333,0.0100000000,,GB,,,,,,,,,,21100991773,,,,,,,,,,,,,,,
jdsmmc7f54ql2haiiwr4jur2x5cgs24nutjtghjvzu36sigrx7tq,2026-02-01T00:00:00Z/2026-03-01T00:00:00Z,,"Amazon Web Services, Inc.",AWS,Anniversary,595673262386,2026-02-01T00:00:00Z,2026-03-01T00:00:00Z,353545917793,Usage,2026-02-01T00:00:00Z,2026-02-02T00:00:00Z,AmazonEC2,USW2-DataTransfer-Regional-Bytes,PublicIP-Out,,i-0ee8635d596bf3d8b,0.0000301494,,,USD,0.0000000000,0.0000000000,0.0085020935,0.0000002557,$0.000 per GB - regional data transfer under the monthly global free tier,,"Amazon Web Services, Inc.",Amazon Elastic Compute Cloud,,,,,,,,,,,,,,,,,,,,,,,,,,US West (Oregon),AWS Region,us-west-2,,,,,,,,,,,,,,,,,,,,,,,,,,,,,,,,,Data Transfer,,,,us-west-2,,,,,,AWSDataTransfer,AWS Data Transfer,62WNQUZDQQ6GRJC5,,,,,,US West (Oregon),AWS Region,us-west-2,IntraRegion,,USW2-DataTransfer-Regional-Bytes,,,,,,62WNQUZDQQ6GRJC5.A429C66SYZ.6YS6EN2CT7,200603099685,USD,0.0000003015,0.0100000000,,GB,,,,,,,,,,21100991773,,,,,,,,,,,,,,,
x7bidpq7b52b42hnxlistsr7qhxiffzbzhvzoclfofaeqaf3ioea,2026-02-01T00:00:00Z/2026-03-01T00:00:00Z,,"Amazon Web Services, Inc.",AWS,Anniversary,595673262386,2026-02-01T00:00:00Z,2026-03-01T00:00:00Z,353545917793,Usage,2026-02-01T00:00:00Z,2026-02-02T00:00:00Z,AmazonEC2,USW2-DataTransfer-Regional-Bytes,PublicIP-Out,,i-0f9087537e1a3b52b,0.0001025664,,,USD,0.0000000000,0.0000000000,0.0085020935,0.0000008718,$0.000 per GB - regional data transfer under the monthly global free tier,,"Amazon Web Services, Inc.",Amazon Elastic Compute Cloud,,,,,,,,,,,,,,,,,,,,,,,,,,US West (Oregon),AWS Region,us-west-2,,,,,,,,,,,,,,,,,,,,,,,,,,,,,,,,,Data Transfer,,,,us-west-2,,,,,,AWSDataTransfer,AWS Data Transfer,62WNQUZDQQ6GRJC5,,,,,,US West (Oregon),AWS Region,us-west-2,IntraRegion,,USW2-DataTransfer-Regional-Bytes,,,,,,62WNQUZDQQ6GRJC5.A429C66SYZ.6YS6EN2CT7,200603099685,USD,0.0000010257,0.0100000000,,GB,,,,,,,,,,21100991773,,,,,,,,,,,,,,,
hqku7vpao2743f476iiwlmhcj4btqqxoyk6yirwx7kklk3oyh63a,2026-02-01T00:00:00Z/2026-03-01T00:00:00Z,,"Amazon Web Services, Inc.",AWS,Anniversary,595673262386,2026-02-01T00:00:00Z,2026-03-01T00:00:00Z,353545917793,Usage,2026-02-01T03:00:00Z,2026-02-02T00:00:00Z,AWSELB,USW2-DataTransfer-Regional-Bytes,LoadBalancing-PublicIP-In,,arn:aws:elasticloadbalancing:us-west-2:353545917793:loadbalancer/app/ApplicatonLB-Dev/1e9a504c1888a0ba,0.0165455109,,,USD,0.0000000000,0.0000000000,0.0085020935,0.0001406715,$0.000 per GB - regional data transfer under the monthly global free tier,,"Amazon Web Services, Inc.",Elastic Load Balancing,,,,,,,,,,,,,,,,,,,,,,,,,,US West (Oregon),AWS Region,us-west-2,,,,,,,,,,,,,,,,,,,,,,,,,,,,,,,,,Data Transfer,,,,us-west-2,,,,,,AWSDataTransfer,AWS Data Transfer,62WNQUZDQQ6GRJC5,,,,,,US West (Oregon),AWS Region,us-west-2,IntraRegion,,USW2-DataTransfer-Regional-Bytes,,,,,,62WNQUZDQQ6GRJC5.A429C66SYZ.6YS6EN2CT7,200603099685,USD,0.0001654551,0.0100000000,,GB,,,,,,,,,,21100991773,,,,,,,,,,,,,,,
qr2xz24sgdtziffqlo66px6djtdp2po3ekzfc6gkssw5najl7zhq,2026-02-01T00:00:00Z/2026-03-01T00:00:00Z,,"Amazon Web Services, Inc.",AWS,Anniversary,595673262386,2026-02-01T00:00:00Z,2026-03-01T00:00:00Z,353545917793,Usage,2026-02-01T03:00:00Z,2026-02-02T00:00:00Z,AWSELB,USW2-DataTransfer-Regional-Bytes,LoadBalancing-PublicIP-Out,,arn:aws:elasticloadbalancing:us-west-2:353545917793:loadbalancer/app/ApplicatonLB-Dev/1e9a504c1888a0ba,0.0248352352,,,USD,0.0000000000,0.0000000000,0.0085020935,0.0002111514,$0.000 per GB - regional data transfer under the monthly global free tier,,"Amazon Web Services, Inc.",Elastic Load Balancing,,,,,,,,,,,,,,,,,,,,,,,,,,US West (Oregon),AWS Region,us-west-2,,,,,,,,,,,,,,,,,,,,,,,,,,,,,,,,,Data Transfer,,,,us-west-2,,,,,,AWSDataTransfer,AWS Data Transfer,62WNQUZDQQ6GRJC5,,,,,,US West (Oregon),AWS Region,us-west-2,IntraRegion,,USW2-DataTransfer-Regional-Bytes,,,,,,62WNQUZDQQ6GRJC5.A429C66SYZ.6YS6EN2CT7,200603099685,USD,0.0002483524,0.0100000000,,GB,,,,,,,,,,21100991773,,,,,,,,,,,,,,,
6epzl7kvz5me4szzmnflvsc36kjfkpffliqc2dgfzov3bomq6rlq,2026-02-01T00:00:00Z/2026-03-01T00:00:00Z,,"Amazon Web Services, Inc.",AWS,Anniversary,595673262386,2026-02-01T00:00:00Z,2026-03-01T00:00:00Z,353545917793,Usage,2026-02-02T05:00:00Z,2026-02-02T11:00:00Z,AmazonEC2,USW2-DataTransfer-Regional-Bytes,InterZone-In,,i-04352cb9038c39c86,0.0403751843,,,USD,0.0100000000,0.0004037519,0.0085020935,0.0003432735,$0.010 per GB - regional data transfer - in/out/between EC2 AZs or using elastic IPs or ELB,,"Amazon Web Services, Inc.",Amazon Elastic Compute Cloud,,,,,,,,,,,,,,,,,,,,,,,,,,US West (Oregon),AWS Region,us-west-2,,,,,,,,,,,,,,,,,,,,,,,,,,,,,,,,,Data Transfer,,,,us-west-2,,,,,,AWSDataTransfer,AWS Data Transfer,62WNQUZDQQ6GRJC5,,,,,,US West (Oregon),AWS Region,us-west-2,IntraRegion,,USW2-DataTransfer-Regional-Bytes,,,,,,62WNQUZDQQ6GRJC5.JRTCKXETXF.6YS6EN2CT7,200619034327,USD,0.0004037518,0.0100000000,OnDemand,GB,,,,,,,,,,21100991773,,,,,,,,,,,,,,,
f5slzkr52dlv4p77wp2hozmeitxqfdwsh5yncf44ywy65zxp52fq,2026-02-01T00:00:00Z/2026-03-01T00:00:00Z,,"Amazon Web Services, Inc.",AWS,Anniversary,595673262386,2026-02-01T00:00:00Z,2026-03-01T00:00:00Z,353545917793,Usage,2026-02-02T05:00:00Z,2026-02-02T11:00:00Z,AmazonEC2,USW2-DataTransfer-Regional-Bytes,InterZone-In,,i-05664a6d7944e348d,0.0021210004,,,USD,0.0100000000,0.0000212100,0.0085020935,0.0000180330,$0.010 per GB - regional data transfer - in/out/between EC2 AZs or using elastic IPs or ELB,,"Amazon Web Services, Inc.",Amazon Elastic Compute Cloud,,,,,,,,,,,,,,,,,,,,,,,,,,US West (Oregon),AWS Region,us-west-2,,,,,,,,,,,,,,,,,,,,,,,,,,,,,,,,,Data Transfer,,,,us-west-2,,,,,,AWSDataTransfer,AWS Data Transfer,62WNQUZDQQ6GRJC5,,,,,,US West (Oregon),AWS Region,us-west-2,IntraRegion,,USW2-DataTransfer-Regional-Bytes,,,,,,62WNQUZDQQ6GRJC5.JRTCKXETXF.6YS6EN2CT7,200619034327,USD,0.0000212100,0.0100000000,OnDemand,GB,,,,,,,,,,21100991773,,,,,,,,,,,,,,,
p7ua5liiyxomqpg3jexwirt5l2ozih3tjnhmdmrqs3hj633hb7wa,2026-02-01T00:00:00Z/2026-03-01T00:00:00Z,,"Amazon Web Services, Inc.",AWS,Anniversary,595673262386,2026-02-01T00:00:00Z,2026-03-01T00:00:00Z,353545917793,Usage,2026-02-02T06:00:00Z,2026-02-02T11:00:00Z,AmazonEC2,USW2-DataTransfer-Regional-Bytes,InterZone-In,,i-0737636d2e5d8a31c,0.2259934245,,,USD,0.0100000000,0.0022599341,0.0085020935,0.0019214172,$0.010 per GB - regional data transfer - in/out/between EC2 AZs or using elastic IPs or ELB,,"Amazon Web Services, Inc.",Amazon Elastic Compute Cloud,,,,,,,,,,,,,,,,,,,,,,,,,,US West (Oregon),AWS Region,us-west-2,,,,,,,,,,,,,,,,,,,,,,,,,,,,,,,,,Data Transfer,,,,us-west-2,,,,,,AWSDataTransfer,AWS Data Transfer,62WNQUZDQQ6GRJC5,,,,,,US West (Oregon),AWS Region,us-west-2,IntraRegion,,USW2-DataTransfer-Regional-Bytes,,,,,,62WNQUZDQQ6GRJC5.JRTCKXETXF.6YS6EN2CT7,200619034327,USD,0.0022599342,0.0100000000,OnDemand,GB,,,,,,,,,,21100991773,,,,,,,,,,,,,,,
jrpzsi7k2s25tmgcpd255sreclbrlzccmgbcewwnq34ntgjafmyq,2026-02-01T00:00:00Z/2026-03-01T00:00:00Z,,"Amazon Web Services, Inc.",AWS,Anniversary,595673262386,2026-02-01T00:00:00Z,2026-03-01T00:00:00Z,353545917793,Usage,2026-02-02T06:00:00Z,2026-02-02T07:00:00Z,AmazonEC2,USW2-DataTransfer-Regional-Bytes,InterZone-In,,i-0ad0d864464631aea,0.0000011697,,,USD,0.0100000000,0.0000000117,0.0085020935,0.0000000099,$0.010 per GB - regional data transfer - in/out/between EC2 AZs or using elastic IPs or ELB,,"Amazon Web Services, Inc.",Amazon Elastic Compute Cloud,,,,,,,,,,,,,,,,,,,,,,,,,,US West (Oregon),AWS Region,us-west-2,,,,,,,,,,,,,,,,,,,,,,,,,,,,,,,,,Data Transfer,,,,us-west-2,,,,,,AWSDataTransfer,AWS Data Transfer,62WNQUZDQQ6GRJC5,,,,,,US West (Oregon),AWS Region,us-west-2,IntraRegion,,USW2-DataTransfer-Regional-Bytes,,,,,,62WNQUZDQQ6GRJC5.JRTCKXETXF.6YS6EN2CT7,200619034327,USD,0.0000000117,0.0100000000,OnDemand,GB,,,,,,,,,,21100991773,,,,,,,,,,,,,,,
r7fe2mgcl5r2mp5qpni4swdzhm57ivxr57z2rvl4twlprjipmioa,2026-02-01T00:00:00Z/2026-03-01T00:00:00Z,,"Amazon Web Services, Inc.",AWS,Anniversary,595673262386,2026-02-01T00:00:00Z,2026-03-01T00:00:00Z,353545917793,Usage,2026-02-02T06:00:00Z,2026-02-02T11:00:00Z,AmazonEC2,USW2-DataTransfer-Regional-Bytes,InterZone-In,,i-0b76fb544c7e81b35,0.0134268804,,,USD,0.0100000000,0.0001342687,0.0085020935,0.0001141566,$0.010 per GB - regional data transfer - in/out/between EC2 AZs or using elastic IPs or ELB,,"Amazon Web Services, Inc.",Amazon Elastic Compute Cloud,,,,,,,,,,,,,,,,,,,,,,,,,,US West (Oregon),AWS Region,us-west-2,,,,,,,,,,,,,,,,,,,,,,,,,,,,,,,,,Data Transfer,,,,us-west-2,,,,,,AWSDataTransfer,AWS Data Transfer,62WNQUZDQQ6GRJC5,,,,,,US West (Oregon),AWS Region,us-west-2,IntraRegion,,USW2-DataTransfer-Regional-Bytes,,,,,,62WNQUZDQQ6GRJC5.JRTCKXETXF.6YS6EN2CT7,200619034327,USD,0.0001342688,0.0100000000,OnDemand,GB,,,,,,,,,,21100991773,,,,,,,,,,,,,,,
pqxoul6phoc6gyt2ydsdwjaoxgtibf7qncttc73gqo6x6jf7xtoq,2026-02-01T00:00:00Z/2026-03-01T00:00:00Z,,"Amazon Web Services, Inc.",AWS,Anniversary,595673262386,2026-02-01T00:00:00Z,2026-03-01T00:00:00Z,353545917793,Usage,2026-02-02T05:00:00Z,2026-02-02T11:00:00Z,AmazonEC2,USW2-DataTransfer-Regional-Bytes,InterZone-In,,i-0f9087537e1a3b52b,3.9880239281,,,USD,0.0100000000,0.0398802392,0.0085020935,0.0339065523,$0.010 per GB - regional data transfer - in/out/between EC2 AZs or using elastic IPs or ELB,,"Amazon Web Services, Inc.",Amazon Elastic Compute Cloud,,,,,,,,,,,,,,,,,,,,,,,,,,US West (Oregon),AWS Region,us-west-2,,,,,,,,,,,,,,,,,,,,,,,,,,,,,,,,,Data Transfer,,,,us-west-2,,,,,,AWSDataTransfer,AWS Data Transfer,62WNQUZDQQ6GRJC5,,,,,,US West (Oregon),AWS Region,us-west-2,IntraRegion,,USW2-DataTransfer-Regional-Bytes,,,,,,62WNQUZDQQ6GRJC5.JRTCKXETXF.6YS6EN2CT7,200619034327,USD,0.0398802393,0.0100000000,OnDemand,GB,,,,,,,,,,21100991773,,,,,,,,,,,,,,,
qftii5rka56h63obztcopwun5dklbfjxf6eqxod5k5pxbl7uzerq,2026-02-01T00:00:00Z/2026-03-01T00:00:00Z,,"Amazon Web Services, Inc.",AWS,Anniversary,595673262386,2026-02-01T00:00:00Z,2026-03-01T00:00:00Z,353545917793,Usage,2026-02-02T00:00:00Z,2026-02-02T11:00:00Z,AmazonEC2,USW2-DataTransfer-Regional-Bytes,InterZone-Out,,i-04352cb9038c39c86,0.0054758070,,,USD,0.0100000000,0.0000547581,0.0085020935,0.0000465560,$0.010 per GB - regional data transfer - in/out/between EC2 AZs or using elastic IPs or ELB,,"Amazon Web Services, Inc.",Amazon Elastic Compute Cloud,,,,,,,,,,,,,,,,,,,,,,,,,,US West (Oregon),AWS Region,us-west-2,,,,,,,,,,,,,,,,,,,,,,,,,,,,,,,,,Data Transfer,,,,us-west-2,,,,,,AWSDataTransfer,AWS Data Transfer,62WNQUZDQQ6GRJC5,,,,,,US West (Oregon),AWS Region,us-west-2,IntraRegion,,USW2-DataTransfer-Regional-Bytes,,,,,,62WNQUZDQQ6GRJC5.JRTCKXETXF.6YS6EN2CT7,200619034327,USD,0.0000547581,0.0100000000,OnDemand,GB,,,,,,,,,,21100991773,,,,,,,,,,,,,,,
ayt7pig2bcrxo5kl5o6ctdyvof3fyz77cucexse5conoha2pnxeq,2026-02-01T00:00:00Z/2026-03-01T00:00:00Z,,"Amazon Web Services, Inc.",AWS,Anniversary,595673262386,2026-02-01T00:00:00Z,2026-03-01T00:00:00Z,353545917793,Usage,2026-02-02T00:00:00Z,2026-02-02T11:00:00Z,AmazonEC2,USW2-DataTransfer-Regional-Bytes,InterZone-Out,,i-05664a6d7944e348d,0.0012170002,,,USD,0.0100000000,0.0000121700,0.0085020935,0.0000103470,$0.010 per GB - regional data transfer - in/out/between EC2 AZs or using elastic IPs or ELB,,"Amazon Web Services, Inc.",Amazon Elastic Compute Cloud,,,,,,,,,,,,,,,,,,,,,,,,,,US West (Oregon),AWS Region,us-west-2,,,,,,,,,,,,,,,,,,,,,,,,,,,,,,,,,Data Transfer,,,,us-west-2,,,,,,AWSDataTransfer,AWS Data Transfer,62WNQUZDQQ6GRJC5,,,,,,US West (Oregon),AWS Region,us-west-2,IntraRegion,,USW2-DataTransfer-Regional-Bytes,,,,,,62WNQUZDQQ6GRJC5.JRTCKXETXF.6YS6EN2CT7,200619034327,USD,0.0000121700,0.0100000000,OnDemand,GB,,,,,,,,,,21100991773,,,,,,,,,,,,,,,
cixqal32ew52myclgptrb22rf6mfvrmhmsvr657aa52nmvw5ysda,2026-02-01T00:00:00Z/2026-03-01T00:00:00Z,,"Amazon Web Services, Inc.",AWS,Anniversary,595673262386,2026-02-01T00:00:00Z,2026-03-01T00:00:00Z,353545917793,Usage,2026-02-02T04:00:00Z,2026-02-02T11:00:00Z,AmazonEC2,USW2-DataTransfer-Regional-Bytes,InterZone-Out,,i-0737636d2e5d8a31c,0.0252826447,,,USD,0.0100000000,0.0002528263,0.0085020935,0.0002149554,$0.010 per GB - regional data transfer - in/out/between EC2 AZs or using elastic IPs or ELB,,"Amazon Web Services, Inc.",Amazon Elastic Compute Cloud,,,,,,,,,,,,,,,,,,,,,,,,,,US West (Oregon),AWS Region,us-west-2,,,,,,,,,,,,,,,,,,,,,,,,,,,,,,,,,Data Transfer,,,,us-west-2,,,,,,AWSDataTransfer,AWS Data Transfer,62WNQUZDQQ6GRJC5,,,,,,US West (Oregon),AWS Region,us-west-2,IntraRegion,,USW2-DataTransfer-Regional-Bytes,,,,,,62WNQUZDQQ6GRJC5.JRTCKXETXF.6YS6EN2CT7,200619034327,USD,0.0002528264,0.0100000000,OnDemand,GB,,,,,,,,,,21100991773,,,,,,,,,,,,,,,
k3efvru7awsrblq4xye5x23mgramsn4pv3bxaaoqnz7yqzqk4fgq,2026-02-01T00:00:00Z/2026-03-01T00:00:00Z,,"Amazon Web Services, Inc.",AWS,Anniversary,595673262386,2026-02-01T00:00:00Z,2026-03-01T00:00:00Z,353545917793,Usage,2026-02-02T06:00:00Z,2026-02-02T07:00:00Z,AmazonEC2,USW2-DataTransfer-Regional-Bytes,InterZone-Out,,i-0ad0d864464631aea,0.0000075120,,,USD,0.0100000000,0.0000000751,0.0085020935,0.0000000639,$0.010 per GB - regional data transfer - in/out/between EC2 AZs or using elastic IPs or ELB,,"Amazon Web Services, Inc.",Amazon Elastic Compute Cloud,,,,,,,,,,,,,,,,,,,,,,,,,,US West (Oregon),AWS Region,us-west-2,,,,,,,,,,,,,,,,,,,,,,,,,,,,,,,,,Data Transfer,,,,us-west-2,,,,,,AWSDataTransfer,AWS Data Transfer,62WNQUZDQQ6GRJC5,,,,,,US West (Oregon),AWS Region,us-west-2,IntraRegion,,USW2-DataTransfer-Regional-Bytes,,,,,,62WNQUZDQQ6GRJC5.JRTCKXETXF.6YS6EN2CT7,200619034327,USD,0.0000000751,0.0100000000,OnDemand,GB,,,,,,,,,,21100991773,,,,,,,,,,,,,,,
hwhkk2j7pipq6ykqvyyczxvuavxbjxtxnktt3kgyiluqp6c3y73a,2026-02-01T00:00:00Z/2026-03-01T00:00:00Z,,"Amazon Web Services, Inc.",AWS,Anniversary,595673262386,2026-02-01T00:00:00Z,2026-03-01T00:00:00Z,353545917793,Usage,2026-02-02T00:00:00Z,2026-02-02T11:00:00Z,AmazonEC2,USW2-DataTransfer-Regional-Bytes,InterZone-Out,,i-0b76fb544c7e81b35,0.0360466931,,,USD,0.0100000000,0.0003604671,0.0085020935,0.0003064722,$0.010 per GB - regional data transfer - in/out/between EC2 AZs or using elastic IPs or ELB,,"Amazon Web Services, Inc.",Amazon Elastic Compute Cloud,,,,,,,,,,,,,,,,,,,,,,,,,,US West (Oregon),AWS Region,us-west-2,,,,,,,,,,,,,,,,,,,,,,,,,,,,,,,,,Data Transfer,,,,us-west-2,,,,,,AWSDataTransfer,AWS Data Transfer,62WNQUZDQQ6GRJC5,,,,,,US West (Oregon),AWS Region,us-west-2,IntraRegion,,USW2-DataTransfer-Regional-Bytes,,,,,,62WNQUZDQQ6GRJC5.JRTCKXETXF.6YS6EN2CT7,200619034327,USD,0.0003604669,0.0100000000,OnDemand,GB,,,,,,,,,,21100991773,,,,,,,,,,,,,,,
lkkgk3q2x4ji5lbii43k3b7jnkefyz26nwazg55xmgef2c7b4apq,2026-02-01T00:00:00Z/2026-03-01T00:00:00Z,,"Amazon Web Services, Inc.",AWS,Anniversary,595673262386,2026-02-01T00:00:00Z,2026-03-01T00:00:00Z,353545917793,Usage,2026-02-02T00:00:00Z,2026-02-02T11:00:00Z,AmazonEC2,USW2-DataTransfer-Regional-Bytes,InterZone-Out,,i-0f9087537e1a3b52b,0.3151575195,,,USD,0.0100000000,0.0031515752,0.0085020935,0.0026794987,$0.010 per GB - regional data transfer - in/out/between EC2 AZs or using elastic IPs or ELB,,"Amazon Web Services, Inc.",Amazon Elastic Compute Cloud,,,,,,,,,,,,,,,,,,,,,,,,,,US West (Oregon),AWS Region,us-west-2,,,,,,,,,,,,,,,,,,,,,,,,,,,,,,,,,Data Transfer,,,,us-west-2,,,,,,AWSDataTransfer,AWS Data Transfer,62WNQUZDQQ6GRJC5,,,,,,US West (Oregon),AWS Region,us-west-2,IntraRegion,,USW2-DataTransfer-Regional-Bytes,,,,,,62WNQUZDQQ6GRJC5.JRTCKXETXF.6YS6EN2CT7,200619034327,USD,0.0031515752,0.0100000000,OnDemand,GB,,,,,,,,,,21100991773,,,,,,,,,,,,,,,
vljvmohs6mevenchnx24j4fq6cqradm47fanzc6eoeearukwlxgq,2026-02-01T00:00:00Z/2026-03-01T00:00:00Z,,"Amazon Web Services, Inc.",AWS,Anniversary,595673262386,2026-02-01T00:00:00Z,2026-03-01T00:00:00Z,353545917793,Usage,2026-02-02T00:00:00Z,2026-02-02T11:00:00Z,AmazonEC2,USW2-DataTransfer-Regional-Bytes,PublicIP-In,,i-03dcf6b74c7efc8a2,0.0186867750,,,USD,0.0100000000,0.0001868678,0.0085020935,0.0001588767,$0.010 per GB - regional data transfer - in/out/between EC2 AZs or using elastic IPs or ELB,,"Amazon Web Services, Inc.",Amazon Elastic Compute Cloud,,,,,,,,,,,,,,,,,,,,,,,,,,US West (Oregon),AWS Region,us-west-2,,,,,,,,,,,,,,,,,,,,,,,,,,,,,,,,,Data Transfer,,,,us-west-2,,,,,,AWSDataTransfer,AWS Data Transfer,62WNQUZDQQ6GRJC5,,,,,,US West (Oregon),AWS Region,us-west-2,IntraRegion,,USW2-DataTransfer-Regional-Bytes,,,,,,62WNQUZDQQ6GRJC5.JRTCKXETXF.6YS6EN2CT7,200619034327,USD,0.0001868678,0.0100000000,OnDemand,GB,,,,,,,,,,21100991773,,,,,,,,,,,,,,,
ae5brmyce2a2gj325xgba3brnm6uw75bcriukvolxbcgog23ew4q,2026-02-01T00:00:00Z/2026-03-01T00:00:00Z,,"Amazon Web Services, Inc.",AWS,Anniversary,595673262386,2026-02-01T00:00:00Z,2026-03-01T00:00:00Z,353545917793,Usage,2026-02-02T00:00:00Z,2026-02-02T11:00:00Z,AmazonEC2,USW2-DataTransfer-Regional-Bytes,PublicIP-In,,i-04b5fa4c2a30b6718,0.2788203256,,,USD,0.0100000000,0.0027882032,0.0085020935,0.0023705564,$0.010 per GB - regional data transfer - in/out/between EC2 AZs or using elastic IPs or ELB,,"Amazon Web Services, Inc.",Amazon Elastic Compute Cloud,,,,,,,,,,,,,,,,,,,,,,,,,,US West (Oregon),AWS Region,us-west-2,,,,,,,,,,,,,,,,,,,,,,,,,,,,,,,,,Data Transfer,,,,us-west-2,,,,,,AWSDataTransfer,AWS Data Transfer,62WNQUZDQQ6GRJC5,,,,,,US West (Oregon),AWS Region,us-west-2,IntraRegion,,USW2-DataTransfer-Regional-Bytes,,,,,,62WNQUZDQQ6GRJC5.JRTCKXETXF.6YS6EN2CT7,200619034327,USD,0.0027882033,0.0100000000,OnDemand,GB,,,,,,,,,,21100991773,,,,,,,,,,,,,,,
i6mhrpg24khplncgxnwzgzwihw2cn2u4tozjdikw5qscynomqmpa,2026-02-01T00:00:00Z/2026-03-01T00:00:00Z,,"Amazon Web Services, Inc.",AWS,Anniversary,595673262386,2026-02-01T00:00:00Z,2026-03-01T00:00:00Z,353545917793,Usage,2026-02-02T00:00:00Z,2026-02-02T11:00:00Z,AmazonEC2,USW2-DataTransfer-Regional-Bytes,PublicIP-In,,i-0737636d2e5d8a31c,0.0001329387,,,USD,0.0100000000,0.0000013294,0.0085020935,0.0000011303,$0.010 per GB - regional data transfer - in/out/between EC2 AZs or using elastic IPs or ELB,,"Amazon Web Services, Inc.",Amazon Elastic Compute Cloud,,,,,,,,,,,,,,,,,,,,,,,,,,US West (Oregon),AWS Region,us-west-2,,,,,,,,,,,,,,,,,,,,,,,,,,,,,,,,,Data Transfer,,,,us-west-2,,,,,,AWSDataTransfer,AWS Data Transfer,62WNQUZDQQ6GRJC5,,,,,,US West (Oregon),AWS Region,us-west-2,IntraRegion,,USW2-DataTransfer-Regional-Bytes,,,,,,62WNQUZDQQ6GRJC5.JRTCKXETXF.6YS6EN2CT7,200619034327,USD,0.0000013294,0.0100000000,OnDemand,GB,,,,,,,,,,21100991773,,,,,,,,,,,,,,,
pb5p2tq2ekg2ek7vuhpldlgfa37mabv5rtggkbjjk5cj34cglmzq,2026-02-01T00:00:00Z/2026-03-01T00:00:00Z,,"Amazon Web Services, Inc.",AWS,Anniversary,595673262386,2026-02-01T00:00:00Z,2026-03-01T00:00:00Z,353545917793,Usage,2026-02-02T00:00:00Z,2026-02-02T11:00:00Z,AmazonEC2,USW2-DataTransfer-Regional-Bytes,PublicIP-In,,i-0ad0d864464631aea,0.0000718282,,,USD,0.0100000000,0.0000007182,0.0085020935,0.0000006109,$0.010 per GB - regional data transfer - in/out/between EC2 AZs or using elastic IPs or ELB,,"Amazon Web Services, Inc.",Amazon Elastic Compute Cloud,,,,,,,,,,,,,,,,,,,,,,,,,,US West (Oregon),AWS Region,us-west-2,,,,,,,,,,,,,,,,,,,,,,,,,,,,,,,,,Data Transfer,,,,us-west-2,,,,,,AWSDataTransfer,AWS Data Transfer,62WNQUZDQQ6GRJC5,,,,,,US West (Oregon),AWS Region,us-west-2,IntraRegion,,USW2-DataTransfer-Regional-Bytes,,,,,,62WNQUZDQQ6GRJC5.JRTCKXETXF.6YS6EN2CT7,200619034327,USD,0.0000007183,0.0100000000,OnDemand,GB,,,,,,,,,,21100991773,,,,,,,,,,,,,,,
a5kaxdr3l5rquuhn2vccltp74s7mstnfytpkdwh6b3qwljzf3kxa,2026-02-01T00:00:00Z/2026-03-01T00:00:00Z,,"Amazon Web Services, Inc.",AWS,Anniversary,595673262386,2026-02-01T00:00:00Z,2026-03-01T00:00:00Z,353545917793,Usage,2026-02-02T00:00:00Z,2026-02-02T11:00:00Z,AmazonEC2,USW2-DataTransfer-Regional-Bytes,PublicIP-In,,i-0b76fb544c7e81b35,0.0145079569,,,USD,0.0100000000,0.0001450796,0.0085020935,0.0001233481,$0.010 per GB - regional data transfer - in/out/between EC2 AZs or using elastic IPs or ELB,,"Amazon Web Services, Inc.",Amazon Elastic Compute Cloud,,,,,,,,,,,,,,,,,,,,,,,,,,US West (Oregon),AWS Region,us-west-2,,,,,,,,,,,,,,,,,,,,,,,,,,,,,,,,,Data Transfer,,,,us-west-2,,,,,,AWSDataTransfer,AWS Data Transfer,62WNQUZDQQ6GRJC5,,,,,,US West (Oregon),AWS Region,us-west-2,IntraRegion,,USW2-DataTransfer-Regional-Bytes,,,,,,62WNQUZDQQ6GRJC5.JRTCKXETXF.6YS6EN2CT7,200619034327,USD,0.0001450796,0.0100000000,OnDemand,GB,,,,,,,,,,21100991773,,,,,,,,,,,,,,,
zdc47f7gxvgx7kf6gmssteau4dgaa3hs6wyoivqtr6pecb5traia,2026-02-01T00:00:00Z/2026-03-01T00:00:00Z,,"Amazon Web Services, Inc.",AWS,Anniversary,595673262386,2026-02-01T00:00:00Z,2026-03-01T00:00:00Z,353545917793,Usage,2026-02-02T00:00:00Z,2026-02-02T11:00:00Z,AmazonEC2,USW2-DataTransfer-Regional-Bytes,PublicIP-In,,i-0ee8635d596bf3d8b,0.0023541805,,,USD,0.0100000000,0.0000235418,0.0085020935,0.0000200155,$0.010 per GB - regional data transfer - in/out/between EC2 AZs or using elastic IPs or ELB,,"Amazon Web Services, Inc.",Amazon Elastic Compute Cloud,,,,,,,,,,,,,,,,,,,,,,,,,,US West (Oregon),AWS Region,us-west-2,,,,,,,,,,,,,,,,,,,,,,,,,,,,,,,,,Data Transfer,,,,us-west-2,,,,,,AWSDataTransfer,AWS Data Transfer,62WNQUZDQQ6GRJC5,,,,,,US West (Oregon),AWS Region,us-west-2,IntraRegion,,USW2-DataTransfer-Regional-Bytes,,,,,,62WNQUZDQQ6GRJC5.JRTCKXETXF.6YS6EN2CT7,200619034327,USD,0.0000235418,0.0100000000,OnDemand,GB,,,,,,,,,,21100991773,,,,,,,,,,,,,,,
m3m7m2meql2444zjaohvmbrtzgom5xbzudwaxdwz4pada7oiq3ya,2026-02-01T00:00:00Z/2026-03-01T00:00:00Z,,"Amazon Web Services, Inc.",AWS,Anniversary,595673262386,2026-02-01T00:00:00Z,2026-03-01T00:00:00Z,353545917793,Usage,2026-02-02T00:00:00Z,2026-02-02T11:00:00Z,AmazonEC2,USW2-DataTransfer-Regional-Bytes,PublicIP-In,,i-0f9087537e1a3b52b,0.0001010737,,,USD,0.0100000000,0.0000010107,0.0085020935,0.0000008592,$0.010 per GB - regional data transfer - in/out/between EC2 AZs or using elastic IPs or ELB,,"Amazon Web Services, Inc.",Amazon Elastic Compute Cloud,,,,,,,,,,,,,,,,,,,,,,,,,,US West (Oregon),AWS Region,us-west-2,,,,,,,,,,,,,,,,,,,,,,,,,,,,,,,,,Data Transfer,,,,us-west-2,,,,,,AWSDataTransfer,AWS Data Transfer,62WNQUZDQQ6GRJC5,,,,,,US West (Oregon),AWS Region,us-west-2,IntraRegion,,USW2-DataTransfer-Regional-Bytes,,,,,,62WNQUZDQQ6GRJC5.JRTCKXETXF.6YS6EN2CT7,200619034327,USD,0.0000010107,0.0100000000,OnDemand,GB,,,,,,,,,,21100991773,,,,,,,,,,,,,,,
zaaaowi6w57pu3zpmis55fhxesevstd5wsvawntyf4gijkrdsfsa,2026-02-01T00:00:00Z/2026-03-01T00:00:00Z,,"Amazon Web Services, Inc.",AWS,Anniversary,595673262386,2026-02-01T00:00:00Z,2026-03-01T00:00:00Z,353545917793,Usage,2026-02-02T00:00:00Z,2026-02-02T11:00:00Z,AmazonEC2,USW2-DataTransfer-Regional-Bytes,PublicIP-Out,,i-03dcf6b74c7efc8a2,0.0094129155,,,USD,0.0100000000,0.0000941292,0.0085020935,0.0000800293,$0.010 per GB - regional data transfer - in/out/between EC2 AZs or using elastic IPs or ELB,,"Amazon Web Services, Inc.",Amazon Elastic Compute Cloud,,,,,,,,,,,,,,,,,,,,,,,,,,US West (Oregon),AWS Region,us-west-2,,,,,,,,,,,,,,,,,,,,,,,,,,,,,,,,,Data Transfer,,,,us-west-2,,,,,,AWSDataTransfer,AWS Data Transfer,62WNQUZDQQ6GRJC5,,,,,,US West (Oregon),AWS Region,us-west-2,IntraRegion,,USW2-DataTransfer-Regional-Bytes,,,,,,62WNQUZDQQ6GRJC5.JRTCKXETXF.6YS6EN2CT7,200619034327,USD,0.0000941292,0.0100000000,OnDemand,GB,,,,,,,,,,21100991773,,,,,,,,,,,,,,,
t5rygwoni2tqcixkqyhgvuxh44wtbhjhihb2an6ldn7wxsqz3hwq,2026-02-01T00:00:00Z/2026-03-01T00:00:00Z,,"Amazon Web Services, Inc.",AWS,Anniversary,595673262386,2026-02-01T00:00:00Z,2026-03-01T00:00:00Z,353545917793,Usage,2026-02-02T00:00:00Z,2026-02-02T11:00:00Z,AmazonEC2,USW2-DataTransfer-Regional-Bytes,PublicIP-Out,,i-04b5fa4c2a30b6718,0.1868885244,,,USD,0.0100000000,0.0018688853,0.0085020935,0.0015889437,$0.010 per GB - regional data transfer - in/out/between EC2 AZs or using elastic IPs or ELB,,"Amazon Web Services, Inc.",Amazon Elastic Compute Cloud,,,,,,,,,,,,,,,,,,,,,,,,,,US West (Oregon),AWS Region,us-west-2,,,,,,,,,,,,,,,,,,,,,,,,,,,,,,,,,Data Transfer,,,,us-west-2,,,,,,AWSDataTransfer,AWS Data Transfer,62WNQUZDQQ6GRJC5,,,,,,US West (Oregon),AWS Region,us-west-2,IntraRegion,,USW2-DataTransfer-Regional-Bytes,,,,,,62WNQUZDQQ6GRJC5.JRTCKXETXF.6YS6EN2CT7,200619034327,USD,0.0018688852,0.0100000000,OnDemand,GB,,,,,,,,,,21100991773,,,,,,,,,,,,,,,
oayyovzvch57jov4gen7vkjoxh4lim3odmhe5oedrnv2nemhudlq,2026-02-01T00:00:00Z/2026-03-01T00:00:00Z,,"Amazon Web Services, Inc.",AWS,Anniversary,595673262386,2026-02-01T00:00:00Z,2026-03-01T00:00:00Z,353545917793,Usage,2026-02-02T00:00:00Z,2026-02-02T11:00:00Z,AmazonEC2,USW2-DataTransfer-Regional-Bytes,PublicIP-Out,,i-0737636d2e5d8a31c,0.0000829185,,,USD,0.0100000000,0.0000008292,0.0085020935,0.0000007050,$0.010 per GB - regional data transfer - in/out/between EC2 AZs or using elastic IPs or ELB,,"Amazon Web Services, Inc.",Amazon Elastic Compute Cloud,,,,,,,,,,,,,,,,,,,,,,,,,,US West (Oregon),AWS Region,us-west-2,,,,,,,,,,,,,,,,,,,,,,,,,,,,,,,,,Data Transfer,,,,us-west-2,,,,,,AWSDataTransfer,AWS Data Transfer,62WNQUZDQQ6GRJC5,,,,,,US West (Oregon),AWS Region,us-west-2,IntraRegion,,USW2-DataTransfer-Regional-Bytes,,,,,,62WNQUZDQQ6GRJC5.JRTCKXETXF.6YS6EN2CT7,200619034327,USD,0.0000008292,0.0100000000,OnDemand,GB,,,,,,,,,,21100991773,,,,,,,,,,,,,,,
s4ukp7jdmqghg7s3o66ci5e6bn4c7ji36ucitlzukxlcrjb7u3ja,2026-02-01T00:00:00Z/2026-03-01T00:00:00Z,,"Amazon Web Services, Inc.",AWS,Anniversary,595673262386,2026-02-01T00:00:00Z,2026-03-01T00:00:00Z,353545917793,Usage,2026-02-02T00:00:00Z,2026-02-02T11:00:00Z,AmazonEC2,USW2-DataTransfer-Regional-Bytes,PublicIP-Out,,i-0ad0d864464631aea,0.0000637731,,,USD,0.0100000000,0.0000006376,0.0085020935,0.0000005424,$0.010 per GB - regional data transfer - in/out/between EC2 AZs or using elastic IPs or ELB,,"Amazon Web Services, Inc.",Amazon Elastic Compute Cloud,,,,,,,,,,,,,,,,,,,,,,,,,,US West (Oregon),AWS Region,us-west-2,,,,,,,,,,,,,,,,,,,,,,,,,,,,,,,,,Data Transfer,,,,us-west-2,,,,,,AWSDataTransfer,AWS Data Transfer,62WNQUZDQQ6GRJC5,,,,,,US West (Oregon),AWS Region,us-west-2,IntraRegion,,USW2-DataTransfer-Regional-Bytes,,,,,,62WNQUZDQQ6GRJC5.JRTCKXETXF.6YS6EN2CT7,200619034327,USD,0.0000006377,0.0100000000,OnDemand,GB,,,,,,,,,,21100991773,,,,,,,,,,,,,,,
wsncftky2fmc2j2zutapyiiqd34d3t3l4vv34n4feihbqawjyn2a,2026-02-01T00:00:00Z/2026-03-01T00:00:00Z,,"Amazon Web Services, Inc.",AWS,Anniversary,595673262386,2026-02-01T00:00:00Z,2026-03-01T00:00:00Z,353545917793,Usage,2026-02-02T00:00:00Z,2026-02-02T11:00:00Z,AmazonEC2,USW2-DataTransfer-Regional-Bytes,PublicIP-Out,,i-0b76fb544c7e81b35,0.0164790292,,,USD,0.0100000000,0.0001647902,0.0085020935,0.0001401061,$0.010 per GB - regional data transfer - in/out/between EC2 AZs or using elastic IPs or ELB,,"Amazon Web Services, Inc.",Amazon Elastic Compute Cloud,,,,,,,,,,,,,,,,,,,,,,,,,,US West (Oregon),AWS Region,us-west-2,,,,,,,,,,,,,,,,,,,,,,,,,,,,,,,,,Data Transfer,,,,us-west-2,,,,,,AWSDataTransfer,AWS Data Transfer,62WNQUZDQQ6GRJC5,,,,,,US West (Oregon),AWS Region,us-west-2,IntraRegion,,USW2-DataTransfer-Regional-Bytes,,,,,,62WNQUZDQQ6GRJC5.JRTCKXETXF.6YS6EN2CT7,200619034327,USD,0.0001647903,0.0100000000,OnDemand,GB,,,,,,,,,,21100991773,,,,,,,,,,,,,,,
jpll2ycpqnwtpkha45f4hmz7je6onsvtr56e6hk5j2pqa3elfbiq,2026-02-01T00:00:00Z/2026-03-01T00:00:00Z,,"Amazon Web Services, Inc.",AWS,Anniversary,595673262386,2026-02-01T00:00:00Z,2026-03-01T00:00:00Z,353545917793,Usage,2026-02-02T00:00:00Z,2026-02-02T11:00:00Z,AmazonEC2,USW2-DataTransfer-Regional-Bytes,PublicIP-Out,,i-0ee8635d596bf3d8b,0.0009032190,,,USD,0.0100000000,0.0000090322,0.0085020935,0.0000076793,$0.010 per GB - regional data transfer - in/out/between EC2 AZs or using elastic IPs or ELB,,"Amazon Web Services, Inc.",Amazon Elastic Compute Cloud,,,,,,,,,,,,,,,,,,,,,,,,,,US West (Oregon),AWS Region,us-west-2,,,,,,,,,,,,,,,,,,,,,,,,,,,,,,,,,Data Transfer,,,,us-west-2,,,,,,AWSDataTransfer,AWS Data Transfer,62WNQUZDQQ6GRJC5,,,,,,US West (Oregon),AWS Region,us-west-2,IntraRegion,,USW2-DataTransfer-Regional-Bytes,,,,,,62WNQUZDQQ6GRJC5.JRTCKXETXF.6YS6EN2CT7,200619034327,USD,0.0000090322,0.0100000000,OnDemand,GB,,,,,,,,,,21100991773,,,,,,,,,,,,,,,
egeadaj2kiolajkjbxbb7lwvevt75yluhngri5qerrwcrsyk6i5q,2026-02-01T00:00:00Z/2026-03-01T00:00:00Z,,"Amazon Web Services, Inc.",AWS,Anniversary,595673262386,2026-02-01T00:00:00Z,2026-03-01T00:00:00Z,353545917793,Usage,2026-02-02T00:00:00Z,2026-02-02T11:00:00Z,AmazonEC2,USW2-DataTransfer-Regional-Bytes,PublicIP-Out,,i-0f9087537e1a3b52b,0.0001225220,,,USD,0.0100000000,0.0000012253,0.0085020935,0.0000010418,$0.010 per GB - regional data transfer - in/out/between EC2 AZs or using elastic IPs or ELB,,"Amazon Web Services, Inc.",Amazon Elastic Compute Cloud,,,,,,,,,,,,,,,,,,,,,,,,,,US West (Oregon),AWS Region,us-west-2,,,,,,,,,,,,,,,,,,,,,,,,,,,,,,,,,Data Transfer,,,,us-west-2,,,,,,AWSDataTransfer,AWS Data Transfer,62WNQUZDQQ6GRJC5,,,,,,US West (Oregon),AWS Region,us-west-2,IntraRegion,,USW2-DataTransfer-Regional-Bytes,,,,,,62WNQUZDQQ6GRJC5.JRTCKXETXF.6YS6EN2CT7,200619034327,USD,0.0000012252,0.0100000000,OnDemand,GB,,,,,,,,,,21100991773,,,,,,,,,,,,,,,
yho6nnbf462pkw2iqpmdzvcsjrmi4xr4nc2jjyj2xwzqymcd2pfq,2026-02-01T00:00:00Z/2026-03-01T00:00:00Z,,"Amazon Web Services, Inc.",AWS,Anniversary,595673262386,2026-02-01T00:00:00Z,2026-03-01T00:00:00Z,353545917793,Usage,2026-02-02T01:00:00Z,2026-02-02T11:00:00Z,AWSELB,USW2-DataTransfer-Regional-Bytes,LoadBalancing-PublicIP-In,,arn:aws:elasticloadbalancing:us-west-2:353545917793:loadbalancer/app/ApplicatonLB-Dev/1e9a504c1888a0ba,0.1964525906,,,USD,0.0100000000,0.0019645259,0.0085020935,0.0016702584,$0.010 per GB - regional data transfer - in/out/between EC2 AZs or using elastic IPs or ELB,,"Amazon Web Services, Inc.",Elastic Load Balancing,,,,,,,,,,,,,,,,,,,,,,,,,,US West (Oregon),AWS Region,us-west-2,,,,,,,,,,,,,,,,,,,,,,,,,,,,,,,,,Data Transfer,,,,us-west-2,,,,,,AWSDataTransfer,AWS Data Transfer,62WNQUZDQQ6GRJC5,,,,,,US West (Oregon),AWS Region,us-west-2,IntraRegion,,USW2-DataTransfer-Regional-Bytes,,,,,,62WNQUZDQQ6GRJC5.JRTCKXETXF.6YS6EN2CT7,200619034327,USD,0.0019645259,0.0100000000,OnDemand,GB,,,,,,,,,,21100991773,,,,,,,,,,,,,,,
iksixuk2qmbif7s5m3e7svrmdkhn3fsiv7dfbdt2apacyrojufeq,2026-02-01T00:00:00Z/2026-03-01T00:00:00Z,,"Amazon Web Services, Inc.",AWS,Anniversary,595673262386,2026-02-01T00:00:00Z,2026-03-01T00:00:00Z,353545917793,Usage,2026-02-02T01:00:00Z,2026-02-02T11:00:00Z,AWSELB,USW2-DataTransfer-Regional-Bytes,LoadBalancing-PublicIP-Out,,arn:aws:elasticloadbalancing:us-west-2:353545917793:loadbalancer/app/ApplicatonLB-Dev/1e9a504c1888a0ba,0.2977747247,,,USD,0.0100000000,0.0029777473,0.0085020935,0.0025317086,$0.010 per GB - regional data transfer - in/out/between EC2 AZs or using elastic IPs or ELB,,"Amazon Web Services, Inc.",Elastic Load Balancing,,,,,,,,,,,,,,,,,,,,,,,,,,US West (Oregon),AWS Region,us-west-2,,,,,,,,,,,,,,,,,,,,,,,,,,,,,,,,,Data Transfer,,,,us-west-2,,,,,,AWSDataTransfer,AWS Data Transfer,62WNQUZDQQ6GRJC5,,,,,,US West (Oregon),AWS Region,us-west-2,IntraRegion,,USW2-DataTransfer-Regional-Bytes,,,,,,62WNQUZDQQ6GRJC5.JRTCKXETXF.6YS6EN2CT7,200619034327,USD,0.0029777472,0.0100000000,OnDemand,GB,,,,,,,,,,21100991773,,,,,,,,,,,,,,,
kpjew6hbjicyicigvcpuj7r4tn2zbmqeeee33j2fnahscdfxadbq,2026-02-01T00:00:00Z/2026-03-01T00:00:00Z,,"Amazon Web Services, Inc.",AWS,Anniversary,595673262386,2026-02-01T00:00:00Z,2026-03-01T00:00:00Z,353545917793,Usage,2026-02-01T00:00:00Z,2026-02-01T16:00:00Z,AmazonEC2,USW2-USE2-AWS-In-Bytes,PublicIP-In,,i-002ddab9222dfe0bc,0.0000128831,,,USD,0.0000000000,0.0000000000,0.0000000000,0.0000000000,$0.00 per GB - US West (Oregon) data transfer from US East (Ohio),,"Amazon Web Services, Inc.",Amazon Elastic Compute Cloud,,,,,,,,,,,,,,,,,,,,,,,,,,US West (Oregon),AWS Region,us-west-2,,,,,,,,,,,,,,,,,,,,,,,,,,,,,,,,,Data Transfer,,,,us-west-2,,,,,,AWSDataTransfer,AWS Data Transfer,64NBCRS5N9447R4P,,,,,,US East (Ohio),AWS Region,us-east-2,InterRegion Inbound,,USW2-USE2-AWS-In-Bytes,,,,,,64NBCRS5N9447R4P.JRTCKXETXF.6YS6EN2CT7,200619028714,USD,0.0000000000,0.0000000000,OnDemand,GB,,,,,,,,,,21100991773,,,,,,,,,,,,,,,
bhzj6jagb7lixhpx5nmpktyobv7phrnqpyyyjgewst5xfvjvfmoa,2026-02-01T00:00:00Z/2026-03-01T00:00:00Z,,"Amazon Web Services, Inc.",AWS,Anniversary,595673262386,2026-02-01T00:00:00Z,2026-03-01T00:00:00Z,353545917793,Usage,2026-02-02T00:00:00Z,2026-02-02T11:00:00Z,AmazonEC2,USW2-USE2-AWS-In-Bytes,PublicIP-In,,i-03dcf6b74c7efc8a2,0.0000109588,,,USD,0.0000000000,0.0000000000,0.0000000000,0.0000000000,$0.00 per GB - US West (Oregon) data transfer from US East (Ohio),,"Amazon Web Services, Inc.",Amazon Elastic Compute Cloud,,,,,,,,,,,,,,,,,,,,,,,,,,US West (Oregon),AWS Region,us-west-2,,,,,,,,,,,,,,,,,,,,,,,,,,,,,,,,,Data Transfer,,,,us-west-2,,,,,,AWSDataTransfer,AWS Data Transfer,64NBCRS5N9447R4P,,,,,,US East (Ohio),AWS Region,us-east-2,InterRegion Inbound,,USW2-USE2-AWS-In-Bytes,,,,,,64NBCRS5N9447R4P.JRTCKXETXF.6YS6EN2CT7,200619028714,USD,0.0000000000,0.0000000000,OnDemand,GB,,,,,,,,,,21100991773,,,,,,,,,,,,,,,
tfb4l7htg3jf4uaqk5f6rss2rquj5sc4hvxmjwvr5qzshcp2ck3q,2026-02-01T00:00:00Z/2026-03-01T00:00:00Z,,"Amazon Web Services, Inc.",AWS,Anniversary,595673262386,2026-02-01T00:00:00Z,2026-03-01T00:00:00Z,353545917793,Usage,2026-02-01T00:00:00Z,2026-02-02T11:00:00Z,AmazonEC2,USW2-USE2-AWS-In-Bytes,PublicIP-In,,i-0737636d2e5d8a31c,0.0000141693,,,USD,0.0000000000,0.0000000000,0.0000000000,0.0000000000,$0.00 per GB - US West (Oregon) data transfer from US East (Ohio),,"Amazon Web Services, Inc.",Amazon Elastic Compute Cloud,,,,,,,,,,,,,,,,,,,,,,,,,,US West (Oregon),AWS Region,us-west-2,,,,,,,,,,,,,,,,,,,,,,,,,,,,,,,,,Data Transfer,,,,us-west-2,,,,,,AWSDataTransfer,AWS Data Transfer,64NBCRS5N9447R4P,,,,,,US East (Ohio),AWS Region,us-east-2,InterRegion Inbound,,USW2-USE2-AWS-In-Bytes,,,,,,64NBCRS5N9447R4P.JRTCKXETXF.6YS6EN2CT7,200619028714,USD,0.0000000000,0.0000000000,OnDemand,GB,,,,,,,,,,21100991773,,,,,,,,,,,,,,,
ifys2ox52hkyf3mezmm6frtq7adjt3hkwyxbmqufz75lgsrv752a,2026-02-01T00:00:00Z/2026-03-01T00:00:00Z,,"Amazon Web Services, Inc.",AWS,Anniversary,595673262386,2026-02-01T00:00:00Z,2026-03-01T00:00:00Z,353545917793,Usage,2026-02-01T00:00:00Z,2026-02-02T11:00:00Z,AmazonEC2,USW2-USE2-AWS-In-Bytes,PublicIP-In,,i-0ad0d864464631aea,0.0000146620,,,USD,0.0000000000,0.0000000000,0.0000000000,0.0000000000,$0.00 per GB - US West (Oregon) data transfer from US East (Ohio),,"Amazon Web Services, Inc.",Amazon Elastic Compute Cloud,,,,,,,,,,,,,,,,,,,,,,,,,,US West (Oregon),AWS Region,us-west-2,,,,,,,,,,,,,,,,,,,,,,,,,,,,,,,,,Data Transfer,,,,us-west-2,,,,,,AWSDataTransfer,AWS Data Transfer,64NBCRS5N9447R4P,,,,,,US East (Ohio),AWS Region,us-east-2,InterRegion Inbound,,USW2-USE2-AWS-In-Bytes,,,,,,64NBCRS5N9447R4P.JRTCKXETXF.6YS6EN2CT7,200619028714,USD,0.0000000000,0.0000000000,OnDemand,GB,,,,,,,,,,21100991773,,,,,,,,,,,,,,,
kmo6uywsi5ij4ioq54zonihzz3pwvjvpwupp7t6nxkovzaa5kkea,2026-02-01T00:00:00Z/2026-03-01T00:00:00Z,,"Amazon Web Services, Inc.",AWS,Anniversary,595673262386,2026-02-01T00:00:00Z,2026-03-01T00:00:00Z,353545917793,Usage,2026-02-01T00:00:00Z,2026-02-01T16:00:00Z,AmazonEC2,USW2-USE2-AWS-In-Bytes,PublicIP-In,,i-0b9d34c5972a322eb,0.0000169539,,,USD,0.0000000000,0.0000000000,0.0000000000,0.0000000000,$0.00 per GB - US West (Oregon) data transfer from US East (Ohio),,"Amazon Web Services, Inc.",Amazon Elastic Compute Cloud,,,,,,,,,,,,,,,,,,,,,,,,,,US West (Oregon),AWS Region,us-west-2,,,,,,,,,,,,,,,,,,,,,,,,,,,,,,,,,Data Transfer,,,,us-west-2,,,,,,AWSDataTransfer,AWS Data Transfer,64NBCRS5N9447R4P,,,,,,US East (Ohio),AWS Region,us-east-2,InterRegion Inbound,,USW2-USE2-AWS-In-Bytes,,,,,,64NBCRS5N9447R4P.JRTCKXETXF.6YS6EN2CT7,200619028714,USD,0.0000000000,0.0000000000,OnDemand,GB,,,,,,,,,,21100991773,,,,,,,,,,,,,,,
adplfoo55r6at6nglzmlqfzfl7jh2onzfuq3douduvpzvidaecaq,2026-02-01T00:00:00Z/2026-03-01T00:00:00Z,,"Amazon Web Services, Inc.",AWS,Anniversary,595673262386,2026-02-01T00:00:00Z,2026-03-01T00:00:00Z,353545917793,Usage,2026-02-01T00:00:00Z,2026-02-02T11:00:00Z,AmazonEC2,USW2-USE2-AWS-In-Bytes,PublicIP-In,,i-0ee8635d596bf3d8b,0.0000206911,,,USD,0.0000000000,0.0000000000,0.0000000000,0.0000000000,$0.00 per GB - US West (Oregon) data transfer from US East (Ohio),,"Amazon Web Services, Inc.",Amazon Elastic Compute Cloud,,,,,,,,,,,,,,,,,,,,,,,,,,US West (Oregon),AWS Region,us-west-2,,,,,,,,,,,,,,,,,,,,,,,,,,,,,,,,,Data Transfer,,,,us-west-2,,,,,,AWSDataTransfer,AWS Data Transfer,64NBCRS5N9447R4P,,,,,,US East (Ohio),AWS Region,us-east-2,InterRegion Inbound,,USW2-USE2-AWS-In-Bytes,,,,,,64NBCRS5N9447R4P.JRTCKXETXF.6YS6EN2CT7,200619028714,USD,0.0000000000,0.0000000000,OnDemand,GB,,,,,,,,,,21100991773,,,,,,,,,,,,,,,
ya5pv6el77zax4djqnzxuckw3bxf4m7zcd6qmqf2uv4nfqhhjdqq,2026-02-01T00:00:00Z/2026-03-01T00:00:00Z,,"Amazon Web Services, Inc.",AWS,Anniversary,595673262386,2026-02-01T00:00:00Z,2026-03-01T00:00:00Z,353545917793,Usage,2026-02-01T02:00:00Z,2026-02-02T09:00:00Z,AWSELB,USW2-USE2-AWS-In-Bytes,LoadBalancing-PublicIP-In,,arn:aws:elasticloadbalancing:us-west-2:353545917793:loadbalancer/app/ApplicatonLB-Dev/1e9a504c1888a0ba,0.0000247630,,,USD,0.0000000000,0.0000000000,0.0000000000,0.0000000000,$0.00 per GB - US West (Oregon) data transfer from US East (Ohio),,"Amazon Web Services, Inc.",Elastic Load Balancing,,,,,,,,,,,,,,,,,,,,,,,,,,US West (Oregon),AWS Region,us-west-2,,,,,,,,,,,,,,,,,,,,,,,,,,,,,,,,,Data Transfer,,,,us-west-2,,,,,,AWSDataTransfer,AWS Data Transfer,64NBCRS5N9447R4P,,,,,,US East (Ohio),AWS Region,us-east-2,InterRegion Inbound,,USW2-USE2-AWS-In-Bytes,,,,,,64NBCRS5N9447R4P.JRTCKXETXF.6YS6EN2CT7,200619028714,USD,0.0000000000,0.0000000000,OnDemand,GB,,,,,,,,,,21100991773,,,,,,,,,,,,,,,
2i323mgjsn4t3r4hafshkivwvpijipeyhb65l6k27icwwj4m7lva,2026-02-01T00:00:00Z/2026-03-01T00:00:00Z,,"Amazon Web Services, Inc.",AWS,Anniversary,595673262386,2026-02-01T00:00:00Z,2026-03-01T00:00:00Z,353545917793,Usage,2026-02-02T08:00:00Z,2026-02-02T09:00:00Z,AmazonSNS,USW2-Requests-Tier1,CreateTopic,,,2.0000000000,,,USD,0.0000000000,0.0000000000,0.0000000000,0.0000000000,"First 1,000,000 Amazon SNS API Requests per month are free",,"Amazon Web Services, Inc.",Amazon Simple Notification Service,,,,,,,,,,,,,,,,,,,,,,,,,,,,,,SNS-Requests-Tier1,Amazon SNS API Requests,,,,,,,,,US West (Oregon),AWS Region,,,,,,,,,,,,,,,,,,,,API Request,,,,us-west-2,us-west-2,,,,,AmazonSNS,Amazon Simple Notification Service,667MB9HP98ZNFD4Z,,,,,,,,,,,USW2-Requests-Tier1,,,,,,667MB9HP98ZNFD4Z.JRTCKXETXF.SB2VSFF4TP,198282506067,USD,0.0000010000,0.0000005000,OnDemand,Requests,,,,,,,,,,21100991774,,,,,,,,,,,,,,,
xnqzazaze334ulgnh2unkvwtfppfbc76tmok3hetyzagytvqeava,2026-02-01T00:00:00Z/2026-03-01T00:00:00Z,,"Amazon Web Services, Inc.",AWS,Anniversary,595673262386,2026-02-01T00:00:00Z,2026-03-01T00:00:00Z,353545917793,Usage,2026-02-02T08:00:00Z,2026-02-02T09:00:00Z,AmazonSNS,USW2-Requests-Tier1,DeleteTopic,,arn:aws:sns:us-west-2:353545917793:MonthlyBillingReport,1.0000000000,,,USD,0.0000000000,0.0000000000,0.0000000000,0.0000000000,"First 1,000,000 Amazon SNS API Requests per month are free",,"Amazon Web Services, Inc.",Amazon Simple Notification Service,,,,,,,,,,,,,,,,,,,,,,,,,,,,,,SNS-Requests-Tier1,Amazon SNS API Requests,,,,,,,,,US West (Oregon),AWS Region,,,,,,,,,,,,,,,,,,,,API Request,,,,us-west-2,us-west-2,,,,,AmazonSNS,Amazon Simple Notification Service,667MB9HP98ZNFD4Z,,,,,,,,,,,USW2-Requests-Tier1,,,,,,667MB9HP98ZNFD4Z.JRTCKXETXF.SB2VSFF4TP,198282506067,USD,0.0000005000,0.0000005000,OnDemand,Requests,,,,,,,,,,21100991774,,,,,,,,,,,,,,,
kwpqbs4nf3zghbo3crfwyujd2nimuhlz3mfdufv7udwcyzuw3s3a,2026-02-01T00:00:00Z/2026-03-01T00:00:00Z,,"Amazon Web Services, Inc.",AWS,Anniversary,595673262386,2026-02-01T00:00:00Z,2026-03-01T00:00:00Z,353545917793,Usage,2026-02-02T08:00:00Z,2026-02-02T10:00:00Z,AmazonSNS,USW2-Requests-Tier1,GetDataProtectionPolicy,,arn:aws:sns:us-west-2:353545917793:FinanceMonthlyBilling,4.0000000000,,,USD,0.0000000000,0.0000000000,0.0000000000,0.0000000000,"First 1,000,000 Amazon SNS API Requests per month are free",,"Amazon Web Services, Inc.",Amazon Simple Notification Service,,,,,,,,,,,,,,,,,,,,,,,,,,,,,,SNS-Requests-Tier1,Amazon SNS API Requests,,,,,,,,,US West (Oregon),AWS Region,,,,,,,,,,,,,,,,,,,,API Request,,,,us-west-2,us-west-2,,,,,AmazonSNS,Amazon Simple Notification Service,667MB9HP98ZNFD4Z,,,,,,,,,,,USW2-Requests-Tier1,,,,,,667MB9HP98ZNFD4Z.JRTCKXETXF.SB2VSFF4TP,198282506067,USD,0.0000020000,0.0000005000,OnDemand,Requests,,,,,,,,,,21100991774,,,,,,,,,,,,,,,
qrrbjkodb45wwgydxulkjqpeihewqtx2aoohfstpj2d3ouawm35q,2026-02-01T00:00:00Z/2026-03-01T00:00:00Z,,"Amazon Web Services, Inc.",AWS,Anniversary,595673262386,2026-02-01T00:00:00Z,2026-03-01T00:00:00Z,353545917793,Usage,2026-02-02T08:00:00Z,2026-02-02T09:00:00Z,AmazonSNS,USW2-Requests-Tier1,GetDataProtectionPolicy,,arn:aws:sns:us-west-2:353545917793:MonthlyBillingReport,3.0000000000,,,USD,0.0000000000,0.0000000000,0.0000000000,0.0000000000,"First 1,000,000 Amazon SNS API Requests per month are free",,"Amazon Web Services, Inc.",Amazon Simple Notification Service,,,,,,,,,,,,,,,,,,,,,,,,,,,,,,SNS-Requests-Tier1,Amazon SNS API Requests,,,,,,,,,US West (Oregon),AWS Region,,,,,,,,,,,,,,,,,,,,API Request,,,,us-west-2,us-west-2,,,,,AmazonSNS,Amazon Simple Notification Service,667MB9HP98ZNFD4Z,,,,,,,,,,,USW2-Requests-Tier1,,,,,,667MB9HP98ZNFD4Z.JRTCKXETXF.SB2VSFF4TP,198282506067,USD,0.0000015000,0.0000005000,OnDemand,Requests,,,,,,,,,,21100991774,,,,,,,,,,,,,,,
2kc2gsp3hpvgwkumtzj62rprvs6td54aw4wcaiftvd77yiwpmkpq,2026-02-01T00:00:00Z/2026-03-01T00:00:00Z,,"Amazon Web Services, Inc.",AWS,Anniversary,595673262386,2026-02-01T00:00:00Z,2026-03-01T00:00:00Z,353545917793,Usage,2026-02-02T08:00:00Z,2026-02-02T10:00:00Z,AmazonSNS,USW2-Requests-Tier1,GetTopicAttributes,,arn:aws:sns:us-west-2:353545917793:FinanceMonthlyBilling,4.0000000000,,,USD,0.0000000000,0.0000000000,0.0000000000,0.0000000000,"First 1,000,000 Amazon SNS API Requests per month are free",,"Amazon Web Services, Inc.",Amazon Simple Notification Service,,,,,,,,,,,,,,,,,,,,,,,,,,,,,,SNS-Requests-Tier1,Amazon SNS API Requests,,,,,,,,,US West (Oregon),AWS Region,,,,,,,,,,,,,,,,,,,,API Request,,,,us-west-2,us-west-2,,,,,AmazonSNS,Amazon Simple Notification Service,667MB9HP98ZNFD4Z,,,,,,,,,,,USW2-Requests-Tier1,,,,,,667MB9HP98ZNFD4Z.JRTCKXETXF.SB2VSFF4TP,198282506067,USD,0.0000020000,0.0000005000,OnDemand,Requests,,,,,,,,,,21100991774,,,,,,,,,,,,,,,
2q7bqxopu7svedxs4e2eeqkg5qtikajf2nkq3qp4cktj4oa5bloq,2026-02-01T00:00:00Z/2026-03-01T00:00:00Z,,"Amazon Web Services, Inc.",AWS,Anniversary,595673262386,2026-02-01T00:00:00Z,2026-03-01T00:00:00Z,353545917793,Usage,2026-02-02T08:00:00Z,2026-02-02T09:00:00Z,AmazonSNS,USW2-Requests-Tier1,GetTopicAttributes,,arn:aws:sns:us-west-2:353545917793:MonthlyBillingReport,4.0000000000,,,USD,0.0000000000,0.0000000000,0.0000000000,0.0000000000,"First 1,000,000 Amazon SNS API Requests per month are free",,"Amazon Web Services, Inc.",Amazon Simple Notification Service,,,,,,,,,,,,,,,,,,,,,,,,,,,,,,SNS-Requests-Tier1,Amazon SNS API Requests,,,,,,,,,US West (Oregon),AWS Region,,,,,,,,,,,,,,,,,,,,API Request,,,,us-west-2,us-west-2,,,,,AmazonSNS,Amazon Simple Notification Service,667MB9HP98ZNFD4Z,,,,,,,,,,,USW2-Requests-Tier1,,,,,,667MB9HP98ZNFD4Z.JRTCKXETXF.SB2VSFF4TP,198282506067,USD,0.0000020000,0.0000005000,OnDemand,Requests,,,,,,,,,,21100991774,,,,,,,,,,,,,,,
4okk3gyayr2zobw3x5p2yhr4jxbawrgl6obr75rj7lh6qznfswda,2026-02-01T00:00:00Z/2026-03-01T00:00:00Z,,"Amazon Web Services, Inc.",AWS,Anniversary,595673262386,2026-02-01T00:00:00Z,2026-03-01T00:00:00Z,353545917793,Usage,2026-02-01T19:00:00Z,2026-02-02T10:00:00Z,AmazonSNS,USW2-Requests-Tier1,ListSubscriptions,,,16.0000000000,,,USD,0.0000000000,0.0000000000,0.0000000000,0.0000000000,"First 1,000,000 Amazon SNS API Requests per month are free",,"Amazon Web Services, Inc.",Amazon Simple Notification Service,,,,,,,,,,,,,,,,,,,,,,,,,,,,,,SNS-Requests-Tier1,Amazon SNS API Requests,,,,,,,,,US West (Oregon),AWS Region,,,,,,,,,,,,,,,,,,,,API Request,,,,us-west-2,us-west-2,,,,,AmazonSNS,Amazon Simple Notification Service,667MB9HP98ZNFD4Z,,,,,,,,,,,USW2-Requests-Tier1,,,,,,667MB9HP98ZNFD4Z.JRTCKXETXF.SB2VSFF4TP,198282506067,USD,0.0000080000,0.0000005000,OnDemand,Requests,,,,,,,,,,21100991774,,,,,,,,,,,,,,,
gd2mexhrijc7e7kbnu3w6dlkttilbxx23sluc4flfqgixpd5lxtq,2026-02-01T00:00:00Z/2026-03-01T00:00:00Z,,"Amazon Web Services, Inc.",AWS,Anniversary,595673262386,2026-02-01T00:00:00Z,2026-03-01T00:00:00Z,353545917793,Usage,2026-02-02T08:00:00Z,2026-02-02T10:00:00Z,AmazonSNS,USW2-Requests-Tier1,ListSubscriptionsByTopic,,arn:aws:sns:us-west-2:353545917793:FinanceMonthlyBilling,4.0000000000,,,USD,0.0000000000,0.0000000000,0.0000000000,0.0000000000,"First 1,000,000 Amazon SNS API Requests per month are free",,"Amazon Web Services, Inc.",Amazon Simple Notification Service,,,,,,,,,,,,,,,,,,,,,,,,,,,,,,SNS-Requests-Tier1,Amazon SNS API Requests,,,,,,,,,US West (Oregon),AWS Region,,,,,,,,,,,,,,,,,,,,API Request,,,,us-west-2,us-west-2,,,,,AmazonSNS,Amazon Simple Notification Service,667MB9HP98ZNFD4Z,,,,,,,,,,,USW2-Requests-Tier1,,,,,,667MB9HP98ZNFD4Z.JRTCKXETXF.SB2VSFF4TP,198282506067,USD,0.0000020000,0.0000005000,OnDemand,Requests,,,,,,,,,,21100991774,,,,,,,,,,,,,,,
2fpjjiwkpusbnhv3nni6ervun4yfnw3tk7iyvxs4sx5ibhh7v5pa,2026-02-01T00:00:00Z/2026-03-01T00:00:00Z,,"Amazon Web Services, Inc.",AWS,Anniversary,595673262386,2026-02-01T00:00:00Z,2026-03-01T00:00:00Z,353545917793,Usage,2026-02-02T08:00:00Z,2026-02-02T09:00:00Z,AmazonSNS,USW2-Requests-Tier1,ListSubscriptionsByTopic,,arn:aws:sns:us-west-2:353545917793:MonthlyBillingReport,3.0000000000,,,USD,0.0000000000,0.0000000000,0.0000000000,0.0000000000,"First 1,000,000 Amazon SNS API Requests per month are free",,"Amazon Web Services, Inc.",Amazon Simple Notification Service,,,,,,,,,,,,,,,,,,,,,,,,,,,,,,SNS-Requests-Tier1,Amazon SNS API Requests,,,,,,,,,US West (Oregon),AWS Region,,,,,,,,,,,,,,,,,,,,API Request,,,,us-west-2,us-west-2,,,,,AmazonSNS,Amazon Simple Notification Service,667MB9HP98ZNFD4Z,,,,,,,,,,,USW2-Requests-Tier1,,,,,,667MB9HP98ZNFD4Z.JRTCKXETXF.SB2VSFF4TP,198282506067,USD,0.0000015000,0.0000005000,OnDemand,Requests,,,,,,,,,,21100991774,,,,,,,,,,,,,,,
ny5yxvuziixjt52l3bvmxlhveu4orz3uhuwndzwj4ciklyicihha,2026-02-01T00:00:00Z/2026-03-01T00:00:00Z,,"Amazon Web Services, Inc.",AWS,Anniversary,595673262386,2026-02-01T00:00:00Z,2026-03-01T00:00:00Z,353545917793,Usage,2026-02-02T08:00:00Z,2026-02-02T10:00:00Z,AmazonSNS,USW2-Requests-Tier1,ListTagsForResource,,arn:aws:sns:us-west-2:353545917793:FinanceMonthlyBilling,4.0000000000,,,USD,0.0000000000,0.0000000000,0.0000000000,0.0000000000,"First 1,000,000 Amazon SNS API Requests per month are free",,"Amazon Web Services, Inc.",Amazon Simple Notification Service,,,,,,,,,,,,,,,,,,,,,,,,,,,,,,SNS-Requests-Tier1,Amazon SNS API Requests,,,,,,,,,US West (Oregon),AWS Region,,,,,,,,,,,,,,,,,,,,API Request,,,,us-west-2,us-west-2,,,,,AmazonSNS,Amazon Simple Notification Service,667MB9HP98ZNFD4Z,,,,,,,,,,,USW2-Requests-Tier1,,,,,,667MB9HP98ZNFD4Z.JRTCKXETXF.SB2VSFF4TP,198282506067,USD,0.0000020000,0.0000005000,OnDemand,Requests,,,,,,,,,,21100991774,,,,,,,,,,,,,,,
sjyifegjmrsxk7ryfdz5uv4pupfxlxknmqp6vdmjypcg7btt433q,2026-02-01T00:00:00Z/2026-03-01T00:00:00Z,,"Amazon Web Services, Inc.",AWS,Anniversary,595673262386,2026-02-01T00:00:00Z,2026-03-01T00:00:00Z,353545917793,Usage,2026-02-02T08:00:00Z,2026-02-02T09:00:00Z,AmazonSNS,USW2-Requests-Tier1,ListTagsForResource,,arn:aws:sns:us-west-2:353545917793:MonthlyBillingReport,3.0000000000,,,USD,0.0000000000,0.0000000000,0.0000000000,0.0000000000,"First 1,000,000 Amazon SNS API Requests per month are free",,"Amazon Web Services, Inc.",Amazon Simple Notification Service,,,,,,,,,,,,,,,,,,,,,,,,,,,,,,SNS-Requests-Tier1,Amazon SNS API Requests,,,,,,,,,US West (Oregon),AWS Region,,,,,,,,,,,,,,,,,,,,API Request,,,,us-west-2,us-west-2,,,,,AmazonSNS,Amazon Simple Notification Service,667MB9HP98ZNFD4Z,,,,,,,,,,,USW2-Requests-Tier1,,,,,,667MB9HP98ZNFD4Z.JRTCKXETXF.SB2VSFF4TP,198282506067,USD,0.0000015000,0.0000005000,OnDemand,Requests,,,,,,,,,,21100991774,,,,,,,,,,,,,,,
ckq3rmprem565ouzdji4ikws7sslc2e3nvas4brbnmbmm6qfvy3q,2026-02-01T00:00:00Z/2026-03-01T00:00:00Z,,"Amazon Web Services, Inc.",AWS,Anniversary,595673262386,2026-02-01T00:00:00Z,2026-03-01T00:00:00Z,353545917793,Usage,2026-02-01T19:00:00Z,2026-02-02T10:00:00Z,AmazonSNS,USW2-Requests-Tier1,ListTopics,,,18.0000000000,,,USD,0.0000000000,0.0000000000,0.0000000000,0.0000000000,"First 1,000,000 Amazon SNS API Requests per month are free",,"Amazon Web Services, Inc.",Amazon Simple Notification Service,,,,,,,,,,,,,,,,,,,,,,,,,,,,,,SNS-Requests-Tier1,Amazon SNS API Requests,,,,,,,,,US West (Oregon),AWS Region,,,,,,,,,,,,,,,,,,,,API Request,,,,us-west-2,us-west-2,,,,,AmazonSNS,Amazon Simple Notification Service,667MB9HP98ZNFD4Z,,,,,,,,,,,USW2-Requests-Tier1,,,,,,667MB9HP98ZNFD4Z.JRTCKXETXF.SB2VSFF4TP,198282506067,USD,0.0000090000,0.0000005000,OnDemand,Requests,,,,,,,,,,21100991774,,,,,,,,,,,,,,,
wcbi7tgyoqg2emhuklblomvzwhhf3pgifa2fpqx2igjm3onqlnya,2026-02-01T00:00:00Z/2026-03-01T00:00:00Z,,"Amazon Web Services, Inc.",AWS,Anniversary,595673262386,2026-02-01T00:00:00Z,2026-03-01T00:00:00Z,353545917793,Usage,2026-02-02T08:00:00Z,2026-02-02T09:00:00Z,AmazonSNS,USW2-Requests-Tier1,Subscribe,,arn:aws:sns:us-west-2:353545917793:FinanceMonthlyBilling,1.0000000000,,,USD,0.0000000000,0.0000000000,0.0000000000,0.0000000000,"First 1,000,000 Amazon SNS API Requests per month are free",,"Amazon Web Services, Inc.",Amazon Simple Notification Service,,,,,,,,,,,,,,,,,,,,,,,,,,,,,,SNS-Requests-Tier1,Amazon SNS API Requests,,,,,,,,,US West (Oregon),AWS Region,,,,,,,,,,,,,,,,,,,,API Request,,,,us-west-2,us-west-2,,,,,AmazonSNS,Amazon Simple Notification Service,667MB9HP98ZNFD4Z,,,,,,,,,,,USW2-Requests-Tier1,,,,,,667MB9HP98ZNFD4Z.JRTCKXETXF.SB2VSFF4TP,198282506067,USD,0.0000005000,0.0000005000,OnDemand,Requests,,,,,,,,,,21100991774,,,,,,,,,,,,,,,
7egcnyiueipudmeoxddxsj6ee4o44nsgydfwrkrzii2tzp4hqw2a,2026-02-01T00:00:00Z/2026-03-01T00:00:00Z,,"Amazon Web Services, Inc.",AWS,Anniversary,595673262386,2026-02-01T00:00:00Z,2026-03-01T00:00:00Z,353545917793,Usage,2026-02-02T08:00:00Z,2026-02-02T09:00:00Z,AmazonSNS,USW2-Requests-Tier1,Subscribe,,arn:aws:sns:us-west-2:353545917793:MonthlyBillingReport,1.0000000000,,,USD,0.0000000000,0.0000000000,0.0000000000,0.0000000000,"First 1,000,000 Amazon SNS API Requests per month are free",,"Amazon Web Services, Inc.",Amazon Simple Notification Service,,,,,,,,,,,,,,,,,,,,,,,,,,,,,,SNS-Requests-Tier1,Amazon SNS API Requests,,,,,,,,,US West (Oregon),AWS Region,,,,,,,,,,,,,,,,,,,,API Request,,,,us-west-2,us-west-2,,,,,AmazonSNS,Amazon Simple Notification Service,667MB9HP98ZNFD4Z,,,,,,,,,,,USW2-Requests-Tier1,,,,,,667MB9HP98ZNFD4Z.JRTCKXETXF.SB2VSFF4TP,198282506067,USD,0.0000005000,0.0000005000,OnDemand,Requests,,,,,,,,,,21100991774,,,,,,,,,,,,,,,
qx5rbc2t3ia652rgdsjsxsnufyig44izzms7peuaq66ohihbdnpq,2026-02-01T00:00:00Z/2026-03-01T00:00:00Z,,"Amazon Web Services, Inc.",AWS,Anniversary,595673262386,2026-02-01T00:00:00Z,2026-03-01T00:00:00Z,353545917793,Usage,2026-02-01T11:00:00Z,2026-02-02T11:00:00Z,AmazonCloudFront,EU-Requests-HTTPS-Proxy,POST,,arn:aws:cloudfront::353545917793:distribution/E3IJX9IUF6SHIC,230.0000000000,,,USD,0.0000000000,0.0000000000,0.0000000000,0.0000000000,$0.000 per request - HTTP or HTTPS under the global monthly free tier,,"Amazon Web Services, Inc.",Amazon CloudFront,,,,,,,,,,,,,,,,,,,,,,,,,,,,,,,,,,,,,,,,Europe,AWS Edge Location,,,,,,,,,,,,,,,,,,,,Request,,,,eu-west-1,,"HTTPS DELETE, OPTIONS, PATCH, POST, and PUT requests that CloudFront forwards to your origin",CloudFront-Request-HTTPS-Proxy,,,AmazonCloudFront,Amazon CloudFront,6DSK78RX8E8ZV684,,,,,,,,,,,EU-Requests-HTTPS-Proxy,,,,,,6DSK78RX8E8ZV684.A429C66SYZ.6YS6EN2CT7,165482683430,USD,0.0002760000,0.0000012000,,Requests,,,,,,,,,,21100991767,,,,,,,,,,,,,,,
rtuyplxa2lcka42ugyvbeglbuzqmwuwc33zkris4e4anqo2hy2ua,2026-02-01T00:00:00Z/2026-03-01T00:00:00Z,,"Amazon Web Services, Inc.",AWS,Anniversary,595673262386,2026-02-01T00:00:00Z,2026-03-01T00:00:00Z,353545917793,Usage,2026-02-02T05:00:00Z,2026-02-02T11:00:00Z,AmazonCloudFront,EU-Requests-HTTPS-Proxy,PUT,,arn:aws:cloudfront::353545917793:distribution/E3IJX9IUF6SHIC,30.0000000000,,,USD,0.0000000000,0.0000000000,0.0000000000,0.0000000000,$0.000 per request - HTTP or HTTPS under the global monthly free tier,,"Amazon Web Services, Inc.",Amazon CloudFront,,,,,,,,,,,,,,,,,,,,,,,,,,,,,,,,,,,,,,,,Europe,AWS Edge Location,,,,,,,,,,,,,,,,,,,,Request,,,,eu-west-1,,"HTTPS DELETE, OPTIONS, PATCH, POST, and PUT requests that CloudFront forwards to your origin",CloudFront-Request-HTTPS-Proxy,,,AmazonCloudFront,Amazon CloudFront,6DSK78RX8E8ZV684,,,,,,,,,,,EU-Requests-HTTPS-Proxy,,,,,,6DSK78RX8E8ZV684.A429C66SYZ.6YS6EN2CT7,165482683430,USD,0.0000360000,0.0000012000,,Requests,,,,,,,,,,21100991767,,,,,,,,,,,,,,,
eflunnt3mvpb3tjvm2kwknflwkijiiu7zqplgd53bwcshrjsin3q,2026-02-01T00:00:00Z/2026-03-01T00:00:00Z,,"Amazon Web Services, Inc.",AWS,Anniversary,595673262386,2026-02-01T00:00:00Z,2026-03-01T00:00:00Z,353545917793,Usage,2026-02-02T02:00:00Z,2026-02-02T03:00:00Z,AmazonCloudFront,AP-Requests-HTTPS-Proxy,OPTIONS,,arn:aws:cloudfront::353545917793:distribution/E3LQ4K487Q3OU4,1.0000000000,,,USD,0.0000000000,0.0000000000,0.0000000000,0.0000000000,$0.000 per request - HTTP or HTTPS under the global monthly free tier,,"Amazon Web Services, Inc.",Amazon CloudFront,,,,,,,,,,,,,,,,,,,,,,,,,,,,,,,,,,,,,,,,Asia Pacific,AWS Edge Location,,,,,,,,,,,,,,,,,,,,Request,,,,ap-southeast-1,,"HTTPS DELETE, OPTIONS, PATCH, POST, and PUT requests that CloudFront forwards to your origin",CloudFront-Request-HTTPS-Proxy,,,AmazonCloudFront,Amazon CloudFront,6J62KXVUTY288CJX,,,,,,,,,,,AP-Requests-HTTPS-Proxy,,,,,,6J62KXVUTY288CJX.A429C66SYZ.6YS6EN2CT7,165482683456,USD,0.0000012000,0.0000012000,,Requests,,,,,,,,,,21100991767,,,,,,,,,,,,,,,
7wuwiuxq4h7yxvgs43ftxe6xsovnd5ciwfgszqicivcjskw63pqa,2026-02-01T00:00:00Z/2026-03-01T00:00:00Z,,"Amazon Web Services, Inc.",AWS,Anniversary,595673262386,2026-02-01T00:00:00Z,2026-03-01T00:00:00Z,353545917793,Usage,2026-02-01T12:00:00Z,2026-02-02T10:00:00Z,AmazonCloudFront,AP-Requests-HTTPS-Proxy,POST,,arn:aws:cloudfront::353545917793:distribution/E3IJX9IUF6SHIC,21.0000000000,,,USD,0.0000000000,0.0000000000,0.0000000000,0.0000000000,$0.000 per request - HTTP or HTTPS under the global monthly free tier,,"Amazon Web Services, Inc.",Amazon CloudFront,,,,,,,,,,,,,,,,,,,,,,,,,,,,,,,,,,,,,,,,Asia Pacific,AWS Edge Location,,,,,,,,,,,,,,,,,,,,Request,,,,ap-southeast-1,,"HTTPS DELETE, OPTIONS, PATCH, POST, and PUT requests that CloudFront forwards to your origin",CloudFront-Request-HTTPS-Proxy,,,AmazonCloudFront,Amazon CloudFront,6J62KXVUTY288CJX,,,,,,,,,,,AP-Requests-HTTPS-Proxy,,,,,,6J62KXVUTY288CJX.A429C66SYZ.6YS6EN2CT7,165482683456,USD,0.0000252000,0.0000012000,,Requests,,,,,,,,,,21100991767,,,,,,,,,,,,,,,
ljbzkuqschy6gs2jgsjgk3hshollduowd6kis73isyqkv6jjlxpa,2026-02-01T00:00:00Z/2026-03-01T00:00:00Z,,"Amazon Web Services, Inc.",AWS,Anniversary,595673262386,2026-02-01T00:00:00Z,2026-03-01T00:00:00Z,353545917793,Usage,2026-02-02T02:00:00Z,2026-02-02T08:00:00Z,AmazonCloudFront,AP-Requests-HTTPS-Proxy,POST,,arn:aws:cloudfront::353545917793:distribution/E3LQ4K487Q3OU4,41.0000000000,,,USD,0.0000000000,0.0000000000,0.0000000000,0.0000000000,$0.000 per request - HTTP or HTTPS under the global monthly free tier,,"Amazon Web Services, Inc.",Amazon CloudFront,,,,,,,,,,,,,,,,,,,,,,,,,,,,,,,,,,,,,,,,Asia Pacific,AWS Edge Location,,,,,,,,,,,,,,,,,,,,Request,,,,ap-southeast-1,,"HTTPS DELETE, OPTIONS, PATCH, POST, and PUT requests that CloudFront forwards to your origin",CloudFront-Request-HTTPS-Proxy,,,AmazonCloudFront,Amazon CloudFront,6J62KXVUTY288CJX,,,,,,,,,,,AP-Requests-HTTPS-Proxy,,,,,,6J62KXVUTY288CJX.A429C66SYZ.6YS6EN2CT7,165482683456,USD,0.0000492000,0.0000012000,,Requests,,,,,,,,,,21100991767,,,,,,,,,,,,,,,
srjjwqsy3hmbcawoy3f6l6aqvnrc6xr4brqmui6mtgfde3kh7tna,2026-02-01T00:00:00Z/2026-03-01T00:00:00Z,,"Amazon Web Services, Inc.",AWS,Anniversary,595673262386,2026-02-01T00:00:00Z,2026-03-01T00:00:00Z,353545917793,Usage,2026-02-02T05:00:00Z,2026-02-02T08:00:00Z,AmazonCloudFront,AP-Requests-HTTPS-Proxy,PUT,,arn:aws:cloudfront::353545917793:distribution/E3IJX9IUF6SHIC,4.0000000000,,,USD,0.0000000000,0.0000000000,0.0000000000,0.0000000000,$0.000 per request - HTTP or HTTPS under the global monthly free tier,,"Amazon Web Services, Inc.",Amazon CloudFront,,,,,,,,,,,,,,,,,,,,,,,,,,,,,,,,,,,,,,,,Asia Pacific,AWS Edge Location,,,,,,,,,,,,,,,,,,,,Request,,,,ap-southeast-1,,"HTTPS DELETE, OPTIONS, PATCH, POST, and PUT requests that CloudFront forwards to your origin",CloudFront-Request-HTTPS-Proxy,,,AmazonCloudFront,Amazon CloudFront,6J62KXVUTY288CJX,,,,,,,,,,,AP-Requests-HTTPS-Proxy,,,,,,6J62KXVUTY288CJX.A429C66SYZ.6YS6EN2CT7,165482683456,USD,0.0000048000,0.0000012000,,Requests,,,,,,,,,,21100991767,,,,,,,,,,,,,,,
mylbo4v5ssmvbnluutr6o7w64hgxm2ocrnmrdstxyzcetkceta6a,2026-02-01T00:00:00Z/2026-03-01T00:00:00Z,,"Amazon Web Services, Inc.",AWS,Anniversary,595673262386,2026-02-01T00:00:00Z,2026-03-01T00:00:00Z,353545917793,Usage,2026-02-01T00:00:00Z,2026-02-01T16:00:00Z,AmazonEC2,USW2-USE2-AWS-Out-Bytes,PublicIP-Out,,i-002ddab9222dfe0bc,0.0000321473,,,USD,0.0200000000,0.0000006431,0.0200000000,0.0000006431,$0.02 per GB - US West (Oregon) data transfer to US East (Ohio),,"Amazon Web Services, Inc.",Amazon Elastic Compute Cloud,,,,,,,,,,,,,,,,,,,,,,,,,,US West (Oregon),AWS Region,us-west-2,,,,,,,,,,,,,,,,,,,,,,,,,,,,,,,,,Data Transfer,,,,us-west-2,,,,,,AWSDataTransfer,AWS Data Transfer,6NWTCSQZSRK6ZHTN,,,,,,US East (Ohio),AWS Region,us-east-2,InterRegion Outbound,,USW2-USE2-AWS-Out-Bytes,,,,,,6NWTCSQZSRK6ZHTN.JRTCKXETXF.6YS6EN2CT7,200619028354,USD,0.0000006429,0.0200000000,OnDemand,GB,,,,,,,,,,21100991773,,,,,,,,,,,,,,,
l3aoav2purtpvs5rxg5br5vjtbg7rdox6gsyceqzk4aefdlccubq,2026-02-01T00:00:00Z/2026-03-01T00:00:00Z,,"Amazon Web Services, Inc.",AWS,Anniversary,595673262386,2026-02-01T00:00:00Z,2026-03-01T00:00:00Z,353545917793,Usage,2026-02-02T00:00:00Z,2026-02-02T11:00:00Z,AmazonEC2,USW2-USE2-AWS-Out-Bytes,PublicIP-Out,,i-03dcf6b74c7efc8a2,0.0000205414,,,USD,0.0200000000,0.0000004107,0.0200000000,0.0000004107,$0.02 per GB - US West (Oregon) data transfer to US East (Ohio),,"Amazon Web Services, Inc.",Amazon Elastic Compute Cloud,,,,,,,,,,,,,,,,,,,,,,,,,,US West (Oregon),AWS Region,us-west-2,,,,,,,,,,,,,,,,,,,,,,,,,,,,,,,,,Data Transfer,,,,us-west-2,,,,,,AWSDataTransfer,AWS Data Transfer,6NWTCSQZSRK6ZHTN,,,,,,US East (Ohio),AWS Region,us-east-2,InterRegion Outbound,,USW2-USE2-AWS-Out-Bytes,,,,,,6NWTCSQZSRK6ZHTN.JRTCKXETXF.6YS6EN2CT7,200619028354,USD,0.0000004108,0.0200000000,OnDemand,GB,,,,,,,,,,21100991773,,,,,,,,,,,,,,,
nbv24hq454pelbc6bmznjq45b6g5lxwwur3tgofdtcig4r6ligqq,2026-02-01T00:00:00Z/2026-03-01T00:00:00Z,,"Amazon Web Services, Inc.",AWS,Anniversary,595673262386,2026-02-01T00:00:00Z,2026-03-01T00:00:00Z,353545917793,Usage,2026-02-01T00:00:00Z,2026-02-02T11:00:00Z,AmazonEC2,USW2-USE2-AWS-Out-Bytes,PublicIP-Out,,i-0737636d2e5d8a31c,0.0000112680,,,USD,0.0200000000,0.0000002257,0.0200000000,0.0000002257,$0.02 per GB - US West (Oregon) data transfer to US East (Ohio),,"Amazon Web Services, Inc.",Amazon Elastic Compute Cloud,,,,,,,,,,,,,,,,,,,,,,,,,,US West (Oregon),AWS Region,us-west-2,,,,,,,,,,,,,,,,,,,,,,,,,,,,,,,,,Data Transfer,,,,us-west-2,,,,,,AWSDataTransfer,AWS Data Transfer,6NWTCSQZSRK6ZHTN,,,,,,US East (Ohio),AWS Region,us-east-2,InterRegion Outbound,,USW2-USE2-AWS-Out-Bytes,,,,,,6NWTCSQZSRK6ZHTN.JRTCKXETXF.6YS6EN2CT7,200619028354,USD,0.0000002254,0.0200000000,OnDemand,GB,,,,,,,,,,21100991773,,,,,,,,,,,,,,,
4ezkym6bvr4dnyn4iblfzgwa5r3usfmkzk3tm2nvrpo7zf3al26a,2026-02-01T00:00:00Z/2026-03-01T00:00:00Z,,"Amazon Web Services, Inc.",AWS,Anniversary,595673262386,2026-02-01T00:00:00Z,2026-03-01T00:00:00Z,353545917793,Usage,2026-02-01T00:00:00Z,2026-02-02T11:00:00Z,AmazonEC2,USW2-USE2-AWS-Out-Bytes,PublicIP-Out,,i-0ad0d864464631aea,0.0000113204,,,USD,0.0200000000,0.0000002265,0.0200000000,0.0000002265,$0.02 per GB - US West (Oregon) data transfer to US East (Ohio),,"Amazon Web Services, Inc.",Amazon Elastic Compute Cloud,,,,,,,,,,,,,,,,,,,,,,,,,,US West (Oregon),AWS Region,us-west-2,,,,,,,,,,,,,,,,,,,,,,,,,,,,,,,,,Data Transfer,,,,us-west-2,,,,,,AWSDataTransfer,AWS Data Transfer,6NWTCSQZSRK6ZHTN,,,,,,US East (Ohio),AWS Region,us-east-2,InterRegion Outbound,,USW2-USE2-AWS-Out-Bytes,,,,,,6NWTCSQZSRK6ZHTN.JRTCKXETXF.6YS6EN2CT7,200619028354,USD,0.0000002264,0.0200000000,OnDemand,GB,,,,,,,,,,21100991773,,,,,,,,,,,,,,,
eo6pnp5zmggkrtcpjf23vmlujopm5koh3niny3vi5bcvvy5hafxa,2026-02-01T00:00:00Z/2026-03-01T00:00:00Z,,"Amazon Web Services, Inc.",AWS,Anniversary,595673262386,2026-02-01T00:00:00Z,2026-03-01T00:00:00Z,353545917793,Usage,2026-02-01T00:00:00Z,2026-02-01T16:00:00Z,AmazonEC2,USW2-USE2-AWS-Out-Bytes,PublicIP-Out,,i-0b9d34c5972a322eb,0.0000355077,,,USD,0.0200000000,0.0000007101,0.0200000000,0.0000007101,$0.02 per GB - US West (Oregon) data transfer to US East (Ohio),,"Amazon Web Services, Inc.",Amazon Elastic Compute Cloud,,,,,,,,,,,,,,,,,,,,,,,,,,US West (Oregon),AWS Region,us-west-2,,,,,,,,,,,,,,,,,,,,,,,,,,,,,,,,,Data Transfer,,,,us-west-2,,,,,,AWSDataTransfer,AWS Data Transfer,6NWTCSQZSRK6ZHTN,,,,,,US East (Ohio),AWS Region,us-east-2,InterRegion Outbound,,USW2-USE2-AWS-Out-Bytes,,,,,,6NWTCSQZSRK6ZHTN.JRTCKXETXF.6YS6EN2CT7,200619028354,USD,0.0000007102,0.0200000000,OnDemand,GB,,,,,,,,,,21100991773,,,,,,,,,,,,,,,
ehuo7o7srhkom5usk6x44lgneebps3ns6ybtvd63oa74lb5sryyq,2026-02-01T00:00:00Z/2026-03-01T00:00:00Z,,"Amazon Web Services, Inc.",AWS,Anniversary,595673262386,2026-02-01T00:00:00Z,2026-03-01T00:00:00Z,353545917793,Usage,2026-02-01T00:00:00Z,2026-02-02T11:00:00Z,AmazonEC2,USW2-USE2-AWS-Out-Bytes,PublicIP-Out,,i-0ee8635d596bf3d8b,0.0000500038,,,USD,0.0200000000,0.0000010001,0.0200000000,0.0000010001,$0.02 per GB - US West (Oregon) data transfer to US East (Ohio),,"Amazon Web Services, Inc.",Amazon Elastic Compute Cloud,,,,,,,,,,,,,,,,,,,,,,,,,,US West (Oregon),AWS Region,us-west-2,,,,,,,,,,,,,,,,,,,,,,,,,,,,,,,,,Data Transfer,,,,us-west-2,,,,,,AWSDataTransfer,AWS Data Transfer,6NWTCSQZSRK6ZHTN,,,,,,US East (Ohio),AWS Region,us-east-2,InterRegion Outbound,,USW2-USE2-AWS-Out-Bytes,,,,,,6NWTCSQZSRK6ZHTN.JRTCKXETXF.6YS6EN2CT7,200619028354,USD,0.0000010001,0.0200000000,OnDemand,GB,,,,,,,,,,21100991773,,,,,,,,,,,,,,,
asum7l2qkz4kan65llf7gyhza3oezg5nynucid57jlabfkx5apoq,2026-02-01T00:00:00Z/2026-03-01T00:00:00Z,,"Amazon Web Services, Inc.",AWS,Anniversary,595673262386,2026-02-01T00:00:00Z,2026-03-01T00:00:00Z,353545917793,Usage,2026-02-01T02:00:00Z,2026-02-02T09:00:00Z,AWSELB,USW2-USE2-AWS-Out-Bytes,LoadBalancing-PublicIP-Out,,arn:aws:elasticloadbalancing:us-west-2:353545917793:loadbalancer/app/ApplicatonLB-Dev/1e9a504c1888a0ba,0.0000560274,,,USD,0.0200000000,0.0000011207,0.0200000000,0.0000011207,$0.02 per GB - US West (Oregon) data transfer to US East (Ohio),,"Amazon Web Services, Inc.",Elastic Load Balancing,,,,,,,,,,,,,,,,,,,,,,,,,,US West (Oregon),AWS Region,us-west-2,,,,,,,,,,,,,,,,,,,,,,,,,,,,,,,,,Data Transfer,,,,us-west-2,,,,,,AWSDataTransfer,AWS Data Transfer,6NWTCSQZSRK6ZHTN,,,,,,US East (Ohio),AWS Region,us-east-2,InterRegion Outbound,,USW2-USE2-AWS-Out-Bytes,,,,,,6NWTCSQZSRK6ZHTN.JRTCKXETXF.6YS6EN2CT7,200619028354,USD,0.0000011205,0.0200000000,OnDemand,GB,,,,,,,,,,21100991773,,,,,,,,,,,,,,,
ouyd2xjejk7bfhkj5qiddk5c7wdnpivcyxpmvy7qcv6zfobdwejq,2026-02-01T00:00:00Z/2026-03-01T00:00:00Z,,"Amazon Web Services, Inc.",AWS,Anniversary,595673262386,2026-02-01T00:00:00Z,2026-03-01T00:00:00Z,353545917793,Usage,2026-02-01T07:00:00Z,2026-02-01T08:00:00Z,AmazonEC2,USW2-APN2-AWS-Out-Bytes,PublicIP-Out,,i-002ddab9222dfe0bc,0.0000000475,,,USD,0.0200000000,0.0000000010,0.0200000000,0.0000000010,$0.02 per GB - US West (Oregon) data transfer to Asia Pacific (Seoul),,"Amazon Web Services, Inc.",Amazon Elastic Compute Cloud,,,,,,,,,,,,,,,,,,,,,,,,,,US West (Oregon),AWS Region,us-west-2,,,,,,,,,,,,,,,,,,,,,,,,,,,,,,,,,Data Transfer,,,,us-west-2,,,,,,AWSDataTransfer,AWS Data Transfer,75MKNR5C9SPZBNC9,,,,,,Asia Pacific (Seoul),AWS Region,ap-northeast-2,InterRegion Outbound,,USW2-APN2-AWS-Out-Bytes,,,,,,75MKNR5C9SPZBNC9.JRTCKXETXF.6YS6EN2CT7,200619051606,USD,0.0000000010,0.0200000000,OnDemand,GB,,,,,,,,,,21100991773,,,,,,,,,,,,,,,
mzlgnxpdnrarvssu2ec34fqx7jqer6y6mne6ptlsjsifhucf6y7a,2026-02-01T00:00:00Z/2026-03-01T00:00:00Z,,"Amazon Web Services, Inc.",AWS,Anniversary,595673262386,2026-02-01T00:00:00Z,2026-03-01T00:00:00Z,353545917793,Usage,2026-02-01T04:00:00Z,2026-02-01T05:00:00Z,AmazonEC2,USW2-APN2-AWS-Out-Bytes,PublicIP-Out,,i-0737636d2e5d8a31c,0.0000000745,,,USD,0.0200000000,0.0000000015,0.0200000000,0.0000000015,$0.02 per GB - US West (Oregon) data transfer to Asia Pacific (Seoul),,"Amazon Web Services, Inc.",Amazon Elastic Compute Cloud,,,,,,,,,,,,,,,,,,,,,,,,,,US West (Oregon),AWS Region,us-west-2,,,,,,,,,,,,,,,,,,,,,,,,,,,,,,,,,Data Transfer,,,,us-west-2,,,,,,AWSDataTransfer,AWS Data Transfer,75MKNR5C9SPZBNC9,,,,,,Asia Pacific (Seoul),AWS Region,ap-northeast-2,InterRegion Outbound,,USW2-APN2-AWS-Out-Bytes,,,,,,75MKNR5C9SPZBNC9.JRTCKXETXF.6YS6EN2CT7,200619051606,USD,0.0000000015,0.0200000000,OnDemand,GB,,,,,,,,,,21100991773,,,,,,,,,,,,,,,
aepmpclmrxbgr5qaresxzogg7c26irpaelm7ocny5oxewgtacmzq,2026-02-01T00:00:00Z/2026-03-01T00:00:00Z,,"Amazon Web Services, Inc.",AWS,Anniversary,595673262386,2026-02-01T00:00:00Z,2026-03-01T00:00:00Z,353545917793,Usage,2026-02-01T01:00:00Z,2026-02-01T02:00:00Z,AmazonEC2,USW2-APN2-AWS-Out-Bytes,PublicIP-Out,,i-0ee8635d596bf3d8b,0.0000000745,,,USD,0.0200000000,0.0000000015,0.0200000000,0.0000000015,$0.02 per GB - US West (Oregon) data transfer to Asia Pacific (Seoul),,"Amazon Web Services, Inc.",Amazon Elastic Compute Cloud,,,,,,,,,,,,,,,,,,,,,,,,,,US West (Oregon),AWS Region,us-west-2,,,,,,,,,,,,,,,,,,,,,,,,,,,,,,,,,Data Transfer,,,,us-west-2,,,,,,AWSDataTransfer,AWS Data Transfer,75MKNR5C9SPZBNC9,,,,,,Asia Pacific (Seoul),AWS Region,ap-northeast-2,InterRegion Outbound,,USW2-APN2-AWS-Out-Bytes,,,,,,75MKNR5C9SPZBNC9.JRTCKXETXF.6YS6EN2CT7,200619051606,USD,0.0000000015,0.0200000000,OnDemand,GB,,,,,,,,,,21100991773,,,,,,,,,,,,,,,
vgqiwhvt5iwnrmjj3tsvvicdsawbibmejh434e2oh46kx2k5ivsa,2026-02-01T00:00:00Z/2026-03-01T00:00:00Z,,"Amazon Web Services, Inc.",AWS,Anniversary,595673262386,2026-02-01T00:00:00Z,2026-03-01T00:00:00Z,353545917793,Usage,2026-02-01T00:00:00Z,2026-02-02T10:00:00Z,AWSELB,USW2-LoadBalancerUsage,LoadBalancing:Application,,arn:aws:elasticloadbalancing:us-west-2:353545917793:loadbalancer/app/ApplicatonLB-Dev/1e9a504c1888a0ba,34.0000000000,,,USD,0.0000000000,0.0000000000,0.0000000000,0.0000000000,$0.00 per Application LoadBalancer-hour (or partial hour) under monthly free tier,,"Amazon Web Services, Inc.",Elastic Load Balancing,,,,,,,,,,,,,,,,,,,,,,,,,,,,,,ELB:Balancing,LoadBalancer hourly usage by Application Load Balancer,,,,,,,,,US West (Oregon),AWS Region,,,,,,,,,,,,,,LoadBalancing:Application,,,,,,Load Balancer-Application,,,,us-west-2,us-west-2,,,,,AWSELB,Elastic Load Balancing,7AKU6NT3G9ZEJTB5,,,,,,,,,,,USW2-LoadBalancerUsage,,,,,,7AKU6NT3G9ZEJTB5.A429C66SYZ.6YS6EN2CT7,281317888763,USD,0.7650000000,0.0225000000,,Hrs,,,,,,,,,,21100991925,,,,,,,,,,,,,,,
hg62jkggeaqqxre6riktjjdlmjsa72geqodh2ty2jtlgkzk3ofma,2026-02-01T00:00:00Z/2026-03-01T00:00:00Z,,"Amazon Web Services, Inc.",AWS,Anniversary,595673262386,2026-02-01T00:00:00Z,2026-03-01T00:00:00Z,353545917793,Usage,2026-02-02T08:00:00Z,2026-02-02T09:00:00Z,AWSQueueService,EUW2-Requests-Tier1,List,,,2.0000000000,,,USD,0.0000000000,0.0000000000,0.0000000000,0.0000000000,"First 1,000,000 Amazon SQS Requests per month are free",,"Amazon Web Services, Inc.",Amazon Simple Queue Service,,,,,,,,,,,,,,,,,,,,,,,,,,,,,,SQS-APIRequest-Tier1,Amazon SQS Requests,,,,,,,,,EU (London),AWS Region,,,,,,,At Least Once,Not Guaranteed,,,,,,,,,,,,API Request,,Standard,,eu-west-2,eu-west-2,,,,,AWSQueueService,Amazon Simple Queue Service,7DSEXZJZCF4MMFKF,,,,,,,,,,,EUW2-Requests-Tier1,,,,,,7DSEXZJZCF4MMFKF.A429C66SYZ.6YS6EN2CT7,231387327367,USD,0.0000008000,0.0000004000,,Requests,,,,,,,,,,21100991765,,,,,,,,,,,,,,,
wnxngw47yskyl2jlpbvana7kuvljl22fo7fnjvz7pfjqrhudelka,2026-02-01T00:00:00Z/2026-03-01T00:00:00Z,,"Amazon Web Services, Inc.",AWS,Anniversary,595673262386,2026-02-01T00:00:00Z,2026-03-01T00:00:00Z,353545917793,Usage,2026-02-01T06:00:00Z,2026-02-01T07:00:00Z,AmazonEC2,USW2-APN1-AWS-In-Bytes,PublicIP-In,,i-002ddab9222dfe0bc,0.0000000512,,,USD,0.0000000000,0.0000000000,0.0000000000,0.0000000000,$0.00 per GB - US West (Oregon) data transfer from Asia Pacific (Tokyo),,"Amazon Web Services, Inc.",Amazon Elastic Compute Cloud,,,,,,,,,,,,,,,,,,,,,,,,,,US West (Oregon),AWS Region,us-west-2,,,,,,,,,,,,,,,,,,,,,,,,,,,,,,,,,Data Transfer,,,,us-west-2,,,,,,AWSDataTransfer,AWS Data Transfer,7HH2VGPCYJMCN4J5,,,,,,Asia Pacific (Tokyo),AWS Region,ap-northeast-1,InterRegion Inbound,,USW2-APN1-AWS-In-Bytes,,,,,,7HH2VGPCYJMCN4J5.JRTCKXETXF.6YS6EN2CT7,200619053458,USD,0.0000000000,0.0000000000,OnDemand,GB,,,,,,,,,,21100991773,,,,,,,,,,,,,,,
bd5wychpycszht5y55dpunqztp5dzzadxmnv3l3ynd5vqknownya,2026-02-01T00:00:00Z/2026-03-01T00:00:00Z,,"Amazon Web Services, Inc.",AWS,Anniversary,595673262386,2026-02-01T00:00:00Z,2026-03-01T00:00:00Z,353545917793,Usage,2026-02-01T03:00:00Z,2026-02-02T11:00:00Z,AmazonEC2,USW2-APN1-AWS-In-Bytes,PublicIP-In,,i-0ee8635d596bf3d8b,0.0000001491,,,USD,0.0000000000,0.0000000000,0.0000000000,0.0000000000,$0.00 per GB - US West (Oregon) data transfer from Asia Pacific (Tokyo),,"Amazon Web Services, Inc.",Amazon Elastic Compute Cloud,,,,,,,,,,,,,,,,,,,,,,,,,,US West (Oregon),AWS Region,us-west-2,,,,,,,,,,,,,,,,,,,,,,,,,,,,,,,,,Data Transfer,,,,us-west-2,,,,,,AWSDataTransfer,AWS Data Transfer,7HH2VGPCYJMCN4J5,,,,,,Asia Pacific (Tokyo),AWS Region,ap-northeast-1,InterRegion Inbound,,USW2-APN1-AWS-In-Bytes,,,,,,7HH2VGPCYJMCN4J5.JRTCKXETXF.6YS6EN2CT7,200619053458,USD,0.0000000000,0.0000000000,OnDemand,GB,,,,,,,,,,21100991773,,,,,,,,,,,,,,,
tkspe3i2bfobeseymr2ls426axfqfuhlq3lghbo6jrdnaoarmbya,2026-02-01T00:00:00Z/2026-03-01T00:00:00Z,,"Amazon Web Services, Inc.",AWS,Anniversary,595673262386,2026-02-01T00:00:00Z,2026-03-01T00:00:00Z,353545917793,Usage,2026-02-02T06:00:00Z,2026-02-02T11:00:00Z,AmazonCloudWatch,USW2-VendedLog-Bytes,PutLogEvents,,arn:aws:logs:us-west-2:353545917793:log-group:/aws/lambda/AIFunction-dev,0.0000010524,,,USD,0.0000000000,0.0000000000,0.0000000000,0.0000000000,First 5GB per month of log data ingested is free.,,"Amazon Web Services, Inc.",AmazonCloudWatch,,,,,,,,,,,,,,,,,,,,,,,,,,,,,,Ingested Logs,Log files generated by AWS services,,,,,,,,,US West (Oregon),AWS Region,Amazon CloudWatch Logs,,,,,,,,,,,,,PutLogEvents,,,,,,Data Payload,,,,us-west-2,us-west-2,,,,,AmazonCloudWatch,AmazonCloudWatch,828F3YCWG3C62QPP,,,,,,,,,,,USW2-VendedLog-Bytes,,Current,,,,828F3YCWG3C62QPP.A429C66SYZ.6YS6EN2CT7,313536233010,USD,0.0000005262,0.5000000000,,GB,,,,,,,,,,21100991796,,,,,,,,,,,,,,,
i6gl3gbc57w24yko24elvfqqcilybsaexei4iw4s6ajapn36e74a,2026-02-01T00:00:00Z/2026-03-01T00:00:00Z,,"Amazon Web Services, Inc.",AWS,Anniversary,595673262386,2026-02-01T00:00:00Z,2026-03-01T00:00:00Z,353545917793,Usage,2026-02-01T00:00:00Z,2026-02-02T11:00:00Z,AmazonCloudWatch,USW2-VendedLog-Bytes,PutLogEvents,,arn:aws:logs:us-west-2:353545917793:log-group:/aws/lambda/DEV-LambdaStack-EscalationSchedulerFunction46234BD-4sj8bAmmQuVj,0.0001206698,,,USD,0.0000000000,0.0000000000,0.0000000000,0.0000000000,First 5GB per month of log data ingested is free.,,"Amazon Web Services, Inc.",AmazonCloudWatch,,,,,,,,,,,,,,,,,,,,,,,,,,,,,,Ingested Logs,Log files generated by AWS services,,,,,,,,,US West (Oregon),AWS Region,Amazon CloudWatch Logs,,,,,,,,,,,,,PutLogEvents,,,,,,Data Payload,,,,us-west-2,us-west-2,,,,,AmazonCloudWatch,AmazonCloudWatch,828F3YCWG3C62QPP,,,,,,,,,,,USW2-VendedLog-Bytes,,Current,,,,828F3YCWG3C62QPP.A429C66SYZ.6YS6EN2CT7,313536233010,USD,0.0000603349,0.5000000000,,GB,,,,,,,,,,21100991796,,,,,,,,,,,,,,,
e2egheb5an6ky43zrgseus32hwmli4rwcreic4ni7a4cb5q7d7pa,2026-02-01T00:00:00Z/2026-03-01T00:00:00Z,,"Amazon Web Services, Inc.",AWS,Anniversary,595673262386,2026-02-01T00:00:00Z,2026-03-01T00:00:00Z,353545917793,Usage,2026-02-02T05:00:00Z,2026-02-02T11:00:00Z,AmazonCloudWatch,USW2-VendedLog-Bytes,PutLogEvents,,arn:aws:logs:us-west-2:353545917793:log-group:/aws/lambda/DEV-LambdaStack-NotificationFunction0492F7EA-lk5mfUDcAvSa,0.0001096251,,,USD,0.0000000000,0.0000000000,0.0000000000,0.0000000000,First 5GB per month of log data ingested is free.,,"Amazon Web Services, Inc.",AmazonCloudWatch,,,,,,,,,,,,,,,,,,,,,,,,,,,,,,Ingested Logs,Log files generated by AWS services,,,,,,,,,US West (Oregon),AWS Region,Amazon CloudWatch Logs,,,,,,,,,,,,,PutLogEvents,,,,,,Data Payload,,,,us-west-2,us-west-2,,,,,AmazonCloudWatch,AmazonCloudWatch,828F3YCWG3C62QPP,,,,,,,,,,,USW2-VendedLog-Bytes,,Current,,,,828F3YCWG3C62QPP.A429C66SYZ.6YS6EN2CT7,313536233010,USD,0.0000548126,0.5000000000,,GB,,,,,,,,,,21100991796,,,,,,,,,,,,,,,
zgho47gk2ujfua56erd7kfu3kvem6jor7asjk7mvtgh5mmleemla,2026-02-01T00:00:00Z/2026-03-01T00:00:00Z,,"Amazon Web Services, Inc.",AWS,Anniversary,595673262386,2026-02-01T00:00:00Z,2026-03-01T00:00:00Z,353545917793,Usage,2026-02-02T09:00:00Z,2026-02-02T10:00:00Z,AmazonCloudWatch,USW2-VendedLog-Bytes,PutLogEvents,,arn:aws:logs:us-west-2:353545917793:log-group:/aws/lambda/FilterMonthlyBillingReport,0.0000005206,,,USD,0.0000000000,0.0000000000,0.0000000000,0.0000000000,First 5GB per month of log data ingested is free.,,"Amazon Web Services, Inc.",AmazonCloudWatch,,,,,,,,,,,,,,,,,,,,,,,,,,,,,,Ingested Logs,Log files generated by AWS services,,,,,,,,,US West (Oregon),AWS Region,Amazon CloudWatch Logs,,,,,,,,,,,,,PutLogEvents,,,,,,Data Payload,,,,us-west-2,us-west-2,,,,,AmazonCloudWatch,AmazonCloudWatch,828F3YCWG3C62QPP,,,,,,,,,,,USW2-VendedLog-Bytes,,Current,,,,828F3YCWG3C62QPP.A429C66SYZ.6YS6EN2CT7,313536233010,USD,0.0000002603,0.5000000000,,GB,,,,,,,,,,21100991796,,,,,,,,,,,,,,,
7vdiwyyzlwnydjn3c4mlkdghdcgel6xjyp2ql56mlacxv24dyjuq,2026-02-01T00:00:00Z/2026-03-01T00:00:00Z,,"Amazon Web Services, Inc.",AWS,Anniversary,595673262386,2026-02-01T00:00:00Z,2026-03-01T00:00:00Z,353545917793,Usage,2026-02-01T03:00:00Z,2026-02-02T06:00:00Z,AmazonCloudWatch,USW2-VendedLog-Bytes,PutLogEvents,,arn:aws:logs:us-west-2:353545917793:log-group:/aws/lambda/PROD-LambdaStack-EscalationSchedulerFunction46234B-eoY289IdBqOB,0.0000174539,,,USD,0.0000000000,0.0000000000,0.0000000000,0.0000000000,First 5GB per month of log data ingested is free.,,"Amazon Web Services, Inc.",AmazonCloudWatch,,,,,,,,,,,,,,,,,,,,,,,,,,,,,,Ingested Logs,Log files generated by AWS services,,,,,,,,,US West (Oregon),AWS Region,Amazon CloudWatch Logs,,,,,,,,,,,,,PutLogEvents,,,,,,Data Payload,,,,us-west-2,us-west-2,,,,,AmazonCloudWatch,AmazonCloudWatch,828F3YCWG3C62QPP,,,,,,,,,,,USW2-VendedLog-Bytes,,Current,,,,828F3YCWG3C62QPP.A429C66SYZ.6YS6EN2CT7,313536233010,USD,0.0000087270,0.5000000000,,GB,,,,,,,,,,21100991796,,,,,,,,,,,,,,,
t6n7si2warlowbxw2nk4wnqz6lgxecflgnhnvaam2egac6icicoq,2026-02-01T00:00:00Z/2026-03-01T00:00:00Z,,"Amazon Web Services, Inc.",AWS,Anniversary,595673262386,2026-02-01T00:00:00Z,2026-03-01T00:00:00Z,353545917793,Usage,2026-02-01T03:00:00Z,2026-02-02T11:00:00Z,AmazonCloudWatch,USW2-VendedLog-Bytes,PutLogEvents,,arn:aws:logs:us-west-2:353545917793:log-group:/aws/lambda/PROD-LambdaStack-NotificationFunction0492F7EA-LPjctkICcF0l,0.0099516920,,,USD,0.0000000000,0.0000000000,0.0000000000,0.0000000000,First 5GB per month of log data ingested is free.,,"Amazon Web Services, Inc.",AmazonCloudWatch,,,,,,,,,,,,,,,,,,,,,,,,,,,,,,Ingested Logs,Log files generated by AWS services,,,,,,,,,US West (Oregon),AWS Region,Amazon CloudWatch Logs,,,,,,,,,,,,,PutLogEvents,,,,,,Data Payload,,,,us-west-2,us-west-2,,,,,AmazonCloudWatch,AmazonCloudWatch,828F3YCWG3C62QPP,,,,,,,,,,,USW2-VendedLog-Bytes,,Current,,,,828F3YCWG3C62QPP.A429C66SYZ.6YS6EN2CT7,313536233010,USD,0.0049758460,0.5000000000,,GB,,,,,,,,,,21100991796,,,,,,,,,,,,,,,
mp7f3a3xrwqz7spjlg4p4afbnqi53q2ls7t5x7zg4cxmgzpukziq,2026-02-01T00:00:00Z/2026-03-01T00:00:00Z,,"Amazon Web Services, Inc.",AWS,Anniversary,595673262386,2026-02-01T00:00:00Z,2026-03-01T00:00:00Z,353545917793,Usage,2026-02-01T03:00:00Z,2026-02-02T06:00:00Z,AmazonCloudWatch,USW2-VendedLog-Bytes,PutLogEvents,,arn:aws:logs:us-west-2:353545917793:log-group:/aws/lambda/UAT-LambdaStack-EscalationSchedulerFunction46234BD-c0AoIybJpNCt,0.0000171708,,,USD,0.0000000000,0.0000000000,0.0000000000,0.0000000000,First 5GB per month of log data ingested is free.,,"Amazon Web Services, Inc.",AmazonCloudWatch,,,,,,,,,,,,,,,,,,,,,,,,,,,,,,Ingested Logs,Log files generated by AWS services,,,,,,,,,US West (Oregon),AWS Region,Amazon CloudWatch Logs,,,,,,,,,,,,,PutLogEvents,,,,,,Data Payload,,,,us-west-2,us-west-2,,,,,AmazonCloudWatch,AmazonCloudWatch,828F3YCWG3C62QPP,,,,,,,,,,,USW2-VendedLog-Bytes,,Current,,,,828F3YCWG3C62QPP.A429C66SYZ.6YS6EN2CT7,313536233010,USD,0.0000085854,0.5000000000,,GB,,,,,,,,,,21100991796,,,,,,,,,,,,,,,
cws6ppthbiumdsi5763habagkpdpcrlmqyyltzomk65knt3xonnq,2026-02-01T00:00:00Z/2026-03-01T00:00:00Z,,"Amazon Web Services, Inc.",AWS,Anniversary,595673262386,2026-02-01T00:00:00Z,2026-03-01T00:00:00Z,353545917793,Usage,2026-02-02T06:00:00Z,2026-02-02T08:00:00Z,AmazonCloudWatch,USW2-VendedLog-Bytes,PutLogEvents,,arn:aws:logs:us-west-2:353545917793:log-group:/aws/lambda/UAT-LambdaStack-NotificationFunction0492F7EA-TTqt039Wp38r,0.0000564763,,,USD,0.0000000000,0.0000000000,0.0000000000,0.0000000000,First 5GB per month of log data ingested is free.,,"Amazon Web Services, Inc.",AmazonCloudWatch,,,,,,,,,,,,,,,,,,,,,,,,,,,,,,Ingested Logs,Log files generated by AWS services,,,,,,,,,US West (Oregon),AWS Region,Amazon CloudWatch Logs,,,,,,,,,,,,,PutLogEvents,,,,,,Data Payload,,,,us-west-2,us-west-2,,,,,AmazonCloudWatch,AmazonCloudWatch,828F3YCWG3C62QPP,,,,,,,,,,,USW2-VendedLog-Bytes,,Current,,,,828F3YCWG3C62QPP.A429C66SYZ.6YS6EN2CT7,313536233010,USD,0.0000282382,0.5000000000,,GB,,,,,,,,,,21100991796,,,,,,,,,,,,,,,
34nv4n3qvbcjdwe5zxijl2cshrpuejllgcpx5mbs5qholabesfma,2026-02-01T00:00:00Z/2026-03-01T00:00:00Z,,"Amazon Web Services, Inc.",AWS,Anniversary,595673262386,2026-02-01T00:00:00Z,2026-03-01T00:00:00Z,353545917793,Usage,2026-02-01T02:00:00Z,2026-02-02T11:00:00Z,awswaf,Global-RequestV2-Tier1,CF,,arn:aws:wafv2:us-east-1:353545917793:global/webacl/CloudFront-WAF/8906bc48-1391-477b-ad75-3bcff25701d3,117606.0000000000,,,USD,0.0000006000,0.0705636000,0.0000006000,0.0705636000,$0.60 per million requests processed,,"Amazon Web Services, Inc.",AWS WAF,,,,,,,,,,,,,,,,,,,,,,,,,,,,,,Request,Request Processed Tier1,,,,,,,,,Any,AWS Edge Location,,,,,,,,,,,,,,,,,,,,Web Application Firewall,,,,global,,,,,,awswaf,AWS WAF,8D94VMB3JSN7FAX3,,,,,,,,,,,Global-RequestV2-Tier1,,,,,,8D94VMB3JSN7FAX3.JRTCKXETXF.6YS6EN2CT7,330916516053,USD,0.0705636000,0.0000006000,OnDemand,Request,,,,,,,,,,21100991817,,,,,,,,,,,,,,,
crv4dtuzrtp4zka4fx7vf7q75rvloufjpaiamrsztepqk645we6a,2026-02-01T00:00:00Z/2026-03-01T00:00:00Z,,"Amazon Web Services, Inc.",AWS,Anniversary,595673262386,2026-02-01T00:00:00Z,2026-03-01T00:00:00Z,353545917793,Usage,2026-02-02T07:00:00Z,2026-02-02T08:00:00Z,AmazonCloudFront,AU-DataTransfer-Out-Bytes,GET,,arn:aws:cloudfront::353545917793:distribution/E3LQ4K487Q3OU4,0.0000057379,,,USD,0.0000000000,0.0000000000,0.0000000000,0.0000000000,$0.000 per GB - data transfer out under the global monthly free tier,,"Amazon Web Services, Inc.",Amazon CloudFront,,,,,,,,,,,,,,,,,,,,,,,,,,Australia,AWS Edge Location,,,,,,,,,,,,,,,,,,,,,,,,,,,,,,,,,,Data Transfer,,,,ap-southeast-2,,,,,,AmazonCloudFront,Amazon CloudFront,8JNNPNBQD9DSHV5K,,,,,,External,Other,,CloudFront Outbound,,AU-DataTransfer-Out-Bytes,,,,,,8JNNPNBQD9DSHV5K.A429C66SYZ.6YS6EN2CT7,165482683410,USD,0.0000006541,0.1140000000,,GB,,,,,,,,,,21100991767,,,,,,,,,,,,,,,
c43c3gbqqr4eoxedak4syjpksh2rsm7k4l7ofpm3nerp7f4ogitq,2026-02-01T00:00:00Z/2026-03-01T00:00:00Z,,"Amazon Web Services, Inc.",AWS,Anniversary,595673262386,2026-02-01T00:00:00Z,2026-03-01T00:00:00Z,353545917793,Usage,2026-02-02T08:00:00Z,2026-02-02T09:00:00Z,AWSQueueService,Requests-RBP,List,,,2.0000000000,,,USD,0.0000000000,0.0000000000,0.0000000000,0.0000000000,"First 1,000,000 Amazon SQS Requests per month are free",,"Amazon Web Services, Inc.",Amazon Simple Queue Service,,,,,,,,,,,,,,,,,,,,,,,,,,,,,,SQS-APIRequest-Tier1,Amazon SQS Requests,,,,,,,,,US East (N. Virginia),AWS Region,,,,,,,At Least Once,Not Guaranteed,,,,,,,,,,,,API Request,,Standard,,us-east-1,us-east-1,,,,,AWSQueueService,Amazon Simple Queue Service,8RN6B8U4MERHRXP3,,,,,,,,,,,Requests-RBP,,,,,,8RN6B8U4MERHRXP3.A429C66SYZ.6YS6EN2CT7,231387327348,USD,0.0000008000,0.0000004000,,Requests,,,,,,,,,,21100991765,,,,,,,,,,,,,,,
vdezxz2q4fgui4ra6rttip2xecjkpyozfdsr7motzmwyy2c3lnnq,2026-02-01T00:00:00Z/2026-03-01T00:00:00Z,,"Amazon Web Services, Inc.",AWS,Anniversary,595673262386,2026-02-01T00:00:00Z,2026-03-01T00:00:00Z,353545917793,Usage,2026-02-02T07:00:00Z,2026-02-02T08:00:00Z,AmazonEC2,USW2-APS3-AWS-Out-Bytes,PublicIP-Out,,i-03dcf6b74c7efc8a2,0.0000000745,,,USD,0.0200000000,0.0000000015,0.0200000000,0.0000000015,$0.02 per GB - US West (Oregon) data transfer to Asia Pacific (Mumbai),,"Amazon Web Services, Inc.",Amazon Elastic Compute Cloud,,,,,,,,,,,,,,,,,,,,,,,,,,US West (Oregon),AWS Region,us-west-2,,,,,,,,,,,,,,,,,,,,,,,,,,,,,,,,,Data Transfer,,,,us-west-2,,,,,,AWSDataTransfer,AWS Data Transfer,8UW4N2NE9BX8WJH7,,,,,,Asia Pacific (Mumbai),AWS Region,ap-south-1,InterRegion Outbound,,USW2-APS3-AWS-Out-Bytes,,,,,,8UW4N2NE9BX8WJH7.JRTCKXETXF.6YS6EN2CT7,200619047546,USD,0.0000000015,0.0200000000,OnDemand,GB,,,,,,,,,,21100991773,,,,,,,,,,,,,,,
nidoks2n5dv2fsmdgztvusuznoltjhabyspnn7pnlv2utirwsrha,2026-02-01T00:00:00Z/2026-03-01T00:00:00Z,,"Amazon Web Services, Inc.",AWS,Anniversary,595673262386,2026-02-01T00:00:00Z,2026-03-01T00:00:00Z,353545917793,Usage,2026-02-01T07:00:00Z,2026-02-01T19:00:00Z,AmazonEC2,USW2-APS3-AWS-Out-Bytes,PublicIP-Out,,i-0737636d2e5d8a31c,0.0000001118,,,USD,0.0200000000,0.0000000022,0.0200000000,0.0000000022,$0.02 per GB - US West (Oregon) data transfer to Asia Pacific (Mumbai),,"Amazon Web Services, Inc.",Amazon Elastic Compute Cloud,,,,,,,,,,,,,,,,,,,,,,,,,,US West (Oregon),AWS Region,us-west-2,,,,,,,,,,,,,,,,,,,,,,,,,,,,,,,,,Data Transfer,,,,us-west-2,,,,,,AWSDataTransfer,AWS Data Transfer,8UW4N2NE9BX8WJH7,,,,,,Asia Pacific (Mumbai),AWS Region,ap-south-1,InterRegion Outbound,,USW2-APS3-AWS-Out-Bytes,,,,,,8UW4N2NE9BX8WJH7.JRTCKXETXF.6YS6EN2CT7,200619047546,USD,0.0000000022,0.0200000000,OnDemand,GB,,,,,,,,,,21100991773,,,,,,,,,,,,,,,
i2gvfpykypgtqghis6zeeizjrsfor2rthuo7ydowbcotvollqwoa,2026-02-01T00:00:00Z/2026-03-01T00:00:00Z,,"Amazon Web Services, Inc.",AWS,Anniversary,595673262386,2026-02-01T00:00:00Z,2026-03-01T00:00:00Z,353545917793,Usage,2026-02-01T20:00:00Z,2026-02-01T21:00:00Z,AmazonEC2,USW2-APS3-AWS-Out-Bytes,PublicIP-Out,,i-0ad0d864464631aea,0.0000000745,,,USD,0.0200000000,0.0000000015,0.0200000000,0.0000000015,$0.02 per GB - US West (Oregon) data transfer to Asia Pacific (Mumbai),,"Amazon Web Services, Inc.",Amazon Elastic Compute Cloud,,,,,,,,,,,,,,,,,,,,,,,,,,US West (Oregon),AWS Region,us-west-2,,,,,,,,,,,,,,,,,,,,,,,,,,,,,,,,,Data Transfer,,,,us-west-2,,,,,,AWSDataTransfer,AWS Data Transfer,8UW4N2NE9BX8WJH7,,,,,,Asia Pacific (Mumbai),AWS Region,ap-south-1,InterRegion Outbound,,USW2-APS3-AWS-Out-Bytes,,,,,,8UW4N2NE9BX8WJH7.JRTCKXETXF.6YS6EN2CT7,200619047546,USD,0.0000000015,0.0200000000,OnDemand,GB,,,,,,,,,,21100991773,,,,,,,,,,,,,,,
3g6f6i473t2oxlgufope7j2opuenndcgpy22t2dzll2cqebm243a,2026-02-01T00:00:00Z/2026-03-01T00:00:00Z,,"Amazon Web Services, Inc.",AWS,Anniversary,595673262386,2026-02-01T00:00:00Z,2026-03-01T00:00:00Z,353545917793,Usage,2026-02-01T00:00:00Z,2026-02-01T01:00:00Z,AmazonEC2,USW2-APS3-AWS-Out-Bytes,PublicIP-Out,,i-0b9d34c5972a322eb,0.0000000745,,,USD,0.0200000000,0.0000000015,0.0200000000,0.0000000015,$0.02 per GB - US West (Oregon) data transfer to Asia Pacific (Mumbai),,"Amazon Web Services, Inc.",Amazon Elastic Compute Cloud,,,,,,,,,,,,,,,,,,,,,,,,,,US West (Oregon),AWS Region,us-west-2,,,,,,,,,,,,,,,,,,,,,,,,,,,,,,,,,Data Transfer,,,,us-west-2,,,,,,AWSDataTransfer,AWS Data Transfer,8UW4N2NE9BX8WJH7,,,,,,Asia Pacific (Mumbai),AWS Region,ap-south-1,InterRegion Outbound,,USW2-APS3-AWS-Out-Bytes,,,,,,8UW4N2NE9BX8WJH7.JRTCKXETXF.6YS6EN2CT7,200619047546,USD,0.0000000015,0.0200000000,OnDemand,GB,,,,,,,,,,21100991773,,,,,,,,,,,,,,,
z56qq63jwwizj72d5tzkn2zlvuiz63abwv2z54y7ciym6yeyixyq,2026-02-01T00:00:00Z/2026-03-01T00:00:00Z,,"Amazon Web Services, Inc.",AWS,Anniversary,595673262386,2026-02-01T00:00:00Z,2026-03-01T00:00:00Z,353545917793,Usage,2026-02-01T13:00:00Z,2026-02-01T19:00:00Z,AmazonEC2,USW2-APS3-AWS-Out-Bytes,PublicIP-Out,,i-0ee8635d596bf3d8b,0.0000001118,,,USD,0.0200000000,0.0000000022,0.0200000000,0.0000000022,$0.02 per GB - US West (Oregon) data transfer to Asia Pacific (Mumbai),,"Amazon Web Services, Inc.",Amazon Elastic Compute Cloud,,,,,,,,,,,,,,,,,,,,,,,,,,US West (Oregon),AWS Region,us-west-2,,,,,,,,,,,,,,,,,,,,,,,,,,,,,,,,,Data Transfer,,,,us-west-2,,,,,,AWSDataTransfer,AWS Data Transfer,8UW4N2NE9BX8WJH7,,,,,,Asia Pacific (Mumbai),AWS Region,ap-south-1,InterRegion Outbound,,USW2-APS3-AWS-Out-Bytes,,,,,,8UW4N2NE9BX8WJH7.JRTCKXETXF.6YS6EN2CT7,200619047546,USD,0.0000000022,0.0200000000,OnDemand,GB,,,,,,,,,,21100991773,,,,,,,,,,,,,,,
cxbgueutynqi4bwpvexo4ox47cqggpw2psppt3u7nauzqwpxgnxq,2026-02-01T00:00:00Z/2026-03-01T00:00:00Z,,"Amazon Web Services, Inc.",AWS,Anniversary,595673262386,2026-02-01T00:00:00Z,2026-03-01T00:00:00Z,353545917793,Usage,2026-02-01T04:00:00Z,2026-02-02T06:00:00Z,AWSELB,USW2-APS3-AWS-Out-Bytes,LoadBalancing-PublicIP-Out,,arn:aws:elasticloadbalancing:us-west-2:353545917793:loadbalancer/app/ApplicatonLB-Dev/1e9a504c1888a0ba,0.0000155018,,,USD,0.0200000000,0.0000003101,0.0200000000,0.0000003101,$0.02 per GB - US West (Oregon) data transfer to Asia Pacific (Mumbai),,"Amazon Web Services, Inc.",Elastic Load Balancing,,,,,,,,,,,,,,,,,,,,,,,,,,US West (Oregon),AWS Region,us-west-2,,,,,,,,,,,,,,,,,,,,,,,,,,,,,,,,,Data Transfer,,,,us-west-2,,,,,,AWSDataTransfer,AWS Data Transfer,8UW4N2NE9BX8WJH7,,,,,,Asia Pacific (Mumbai),AWS Region,ap-south-1,InterRegion Outbound,,USW2-APS3-AWS-Out-Bytes,,,,,,8UW4N2NE9BX8WJH7.JRTCKXETXF.6YS6EN2CT7,200619047546,USD,0.0000003100,0.0200000000,OnDemand,GB,,,,,,,,,,21100991773,,,,,,,,,,,,,,,
pnh6x5oh37vb3yggjkg4ro2mrxw6mufhm7ma7vrzez2g52ul7fqa,2026-02-01T00:00:00Z/2026-03-01T00:00:00Z,,"Amazon Web Services, Inc.",AWS,Anniversary,595673262386,2026-02-01T00:00:00Z,2026-03-01T00:00:00Z,353545917793,Usage,2026-02-02T06:00:00Z,2026-02-02T11:00:00Z,AmazonBedrock,USW2-gpt-oss-120b-output-tokens,InvokeModelInference,,arn:aws:bedrock:us-west-2::foundation-model/openai.gpt-oss-120b-1:0,2.4710000000,,,USD,0.0006000000,0.0014826000,0.0006000000,0.0014826000,$0.0006 per 1K output tokens for gpt-oss-120b in US West (Oregon),,"Amazon Web Services, Inc.",Amazon Bedrock,,,,,,,,,,,,,,,,,,,,,,,On-demand Inference,,,,,,,,,Output tokens,,,,,,,,US West (Oregon),AWS Region,,,,,,,,,,gpt-oss-120b,,,,,,,,,,Amazon Bedrock,OpenAI,,,us-west-2,us-west-2,,,,,AmazonBedrock,Amazon Bedrock,8V6SBKV8WXKVW8ZM,,,,,,,,,,,USW2-gpt-oss-120b-output-tokens,,,,,,8V6SBKV8WXKVW8ZM.JRTCKXETXF.6YS6EN2CT7,356960195973,USD,0.0014826000,0.0006000000,OnDemand,1K tokens,,,,,,,,,,21100992007,,,,,,,,,,,,,,,
uindpwl7dpes3rpq2bffh4b3xmo4wwx2mvuz5modzeo4m56it2qa,2026-02-01T00:00:00Z/2026-03-01T00:00:00Z,,"Amazon Web Services, Inc.",AWS,Anniversary,595673262386,2026-02-01T00:00:00Z,2026-03-01T00:00:00Z,353545917793,Usage,2026-02-02T06:00:00Z,2026-02-02T08:00:00Z,AmazonCloudFront,ME-Requests-Tier2-HTTPS,GET,,arn:aws:cloudfront::353545917793:distribution/E1Z9OJCLDPJYZR,449.0000000000,,,USD,0.0000000000,0.0000000000,0.0000000000,0.0000000000,$0.000 per request - HTTP or HTTPS under the global monthly free tier,,"Amazon Web Services, Inc.",Amazon CloudFront,,,,,,,,,,,,,,,,,,,,,,,,,,,,,,,,,,,,,,,,Middle East,AWS Edge Location,,,,,,,,,,,,,,,,,,,,Request,,,,me-south-1,,HTTPS GET and HEAD requests,CloudFront-Request-Tier2,,,AmazonCloudFront,Amazon CloudFront,9BETCR5FAVJ6V76R,,,,,,,,,,,ME-Requests-Tier2-HTTPS,,,,,,9BETCR5FAVJ6V76R.A429C66SYZ.6YS6EN2CT7,165482683438,USD,0.0005388000,0.0000012000,,Requests,,,,,,,,,,21100991767,,,,,,,,,,,,,,,
dbej76o7tcnwld7ptatzyhkeblchoqvrrnncrebv3iut5ojwepza,2026-02-01T00:00:00Z/2026-03-01T00:00:00Z,,"Amazon Web Services, Inc.",AWS,Anniversary,595673262386,2026-02-01T00:00:00Z,2026-03-01T00:00:00Z,353545917793,Usage,2026-02-01T20:00:00Z,2026-02-02T08:00:00Z,AmazonCloudFront,ME-Requests-Tier2-HTTPS,GET,,arn:aws:cloudfront::353545917793:distribution/E24UQOU8RZMYBR,107.0000000000,,,USD,0.0000000000,0.0000000000,0.0000000000,0.0000000000,$0.000 per request - HTTP or HTTPS under the global monthly free tier,,"Amazon Web Services, Inc.",Amazon CloudFront,,,,,,,,,,,,,,,,,,,,,,,,,,,,,,,,,,,,,,,,Middle East,AWS Edge Location,,,,,,,,,,,,,,,,,,,,Request,,,,me-south-1,,HTTPS GET and HEAD requests,CloudFront-Request-Tier2,,,AmazonCloudFront,Amazon CloudFront,9BETCR5FAVJ6V76R,,,,,,,,,,,ME-Requests-Tier2-HTTPS,,,,,,9BETCR5FAVJ6V76R.A429C66SYZ.6YS6EN2CT7,165482683438,USD,0.0001284000,0.0000012000,,Requests,,,,,,,,,,21100991767,,,,,,,,,,,,,,,
aflbix5tnrtudkvyz6facw23fdccsos5d4fxvl56ebi763boajia,2026-02-01T00:00:00Z/2026-03-01T00:00:00Z,,"Amazon Web Services, Inc.",AWS,Anniversary,595673262386,2026-02-01T00:00:00Z,2026-03-01T00:00:00Z,353545917793,Usage,2026-02-01T19:00:00Z,2026-02-02T09:00:00Z,AmazonCloudFront,ME-Requests-Tier2-HTTPS,GET,,arn:aws:cloudfront::353545917793:distribution/E2EBT3OOYZBXXH,1306.0000000000,,,USD,0.0000000000,0.0000000000,0.0000000000,0.0000000000,$0.000 per request - HTTP or HTTPS under the global monthly free tier,,"Amazon Web Services, Inc.",Amazon CloudFront,,,,,,,,,,,,,,,,,,,,,,,,,,,,,,,,,,,,,,,,Middle East,AWS Edge Location,,,,,,,,,,,,,,,,,,,,Request,,,,me-south-1,,HTTPS GET and HEAD requests,CloudFront-Request-Tier2,,,AmazonCloudFront,Amazon CloudFront,9BETCR5FAVJ6V76R,,,,,,,,,,,ME-Requests-Tier2-HTTPS,,,,,,9BETCR5FAVJ6V76R.A429C66SYZ.6YS6EN2CT7,165482683438,USD,0.0015672000,0.0000012000,,Requests,,,,,,,,,,21100991767,,,,,,,,,,,,,,,
rtp36ucz5xeosplexkk6eq66f2arg24iskczpndon7jpx5acuboa,2026-02-01T00:00:00Z/2026-03-01T00:00:00Z,,"Amazon Web Services, Inc.",AWS,Anniversary,595673262386,2026-02-01T00:00:00Z,2026-03-01T00:00:00Z,353545917793,Usage,2026-02-01T03:00:00Z,2026-02-02T10:00:00Z,AmazonCloudFront,ME-Requests-Tier2-HTTPS,GET,,arn:aws:cloudfront::353545917793:distribution/E3IJX9IUF6SHIC,74512.0000000000,,,USD,0.0000000000,0.0000000000,0.0000000000,0.0000000000,$0.000 per request - HTTP or HTTPS under the global monthly free tier,,"Amazon Web Services, Inc.",Amazon CloudFront,,,,,,,,,,,,,,,,,,,,,,,,,,,,,,,,,,,,,,,,Middle East,AWS Edge Location,,,,,,,,,,,,,,,,,,,,Request,,,,me-south-1,,HTTPS GET and HEAD requests,CloudFront-Request-Tier2,,,AmazonCloudFront,Amazon CloudFront,9BETCR5FAVJ6V76R,,,,,,,,,,,ME-Requests-Tier2-HTTPS,,,,,,9BETCR5FAVJ6V76R.A429C66SYZ.6YS6EN2CT7,165482683438,USD,0.0894144000,0.0000012000,,Requests,,,,,,,,,,21100991767,,,,,,,,,,,,,,,
dftrtchmr2sia5rkkiiagvj7ijnbhygb5322o65krhuxswml4alq,2026-02-01T00:00:00Z/2026-03-01T00:00:00Z,,"Amazon Web Services, Inc.",AWS,Anniversary,595673262386,2026-02-01T00:00:00Z,2026-03-01T00:00:00Z,353545917793,Usage,2026-02-01T02:00:00Z,2026-02-02T10:00:00Z,AmazonCloudFront,ME-Requests-Tier2-HTTPS,GET,,arn:aws:cloudfront::353545917793:distribution/E3LQ4K487Q3OU4,8460.0000000000,,,USD,0.0000000000,0.0000000000,0.0000000000,0.0000000000,$0.000 per request - HTTP or HTTPS under the global monthly free tier,,"Amazon Web Services, Inc.",Amazon CloudFront,,,,,,,,,,,,,,,,,,,,,,,,,,,,,,,,,,,,,,,,Middle East,AWS Edge Location,,,,,,,,,,,,,,,,,,,,Request,,,,me-south-1,,HTTPS GET and HEAD requests,CloudFront-Request-Tier2,,,AmazonCloudFront,Amazon CloudFront,9BETCR5FAVJ6V76R,,,,,,,,,,,ME-Requests-Tier2-HTTPS,,,,,,9BETCR5FAVJ6V76R.A429C66SYZ.6YS6EN2CT7,165482683438,USD,0.0101520000,0.0000012000,,Requests,,,,,,,,,,21100991767,,,,,,,,,,,,,,,
sznputi6tcyc47oeok2qt2twp7uptlwngjcan4bjcdwfj3sodwxq,2026-02-01T00:00:00Z/2026-03-01T00:00:00Z,,"Amazon Web Services, Inc.",AWS,Anniversary,595673262386,2026-02-01T00:00:00Z,2026-03-01T00:00:00Z,353545917793,Usage,2026-02-01T20:00:00Z,2026-02-02T10:00:00Z,AmazonCloudFront,ME-Requests-Tier2-HTTPS,GET,,arn:aws:cloudfront::353545917793:distribution/E8VGZ28EBD02E,3719.0000000000,,,USD,0.0000000000,0.0000000000,0.0000000000,0.0000000000,$0.000 per request - HTTP or HTTPS under the global monthly free tier,,"Amazon Web Services, Inc.",Amazon CloudFront,,,,,,,,,,,,,,,,,,,,,,,,,,,,,,,,,,,,,,,,Middle East,AWS Edge Location,,,,,,,,,,,,,,,,,,,,Request,,,,me-south-1,,HTTPS GET and HEAD requests,CloudFront-Request-Tier2,,,AmazonCloudFront,Amazon CloudFront,9BETCR5FAVJ6V76R,,,,,,,,,,,ME-Requests-Tier2-HTTPS,,,,,,9BETCR5FAVJ6V76R.A429C66SYZ.6YS6EN2CT7,165482683438,USD,0.0044628000,0.0000012000,,Requests,,,,,,,,,,21100991767,,,,,,,,,,,,,,,
mjkqd4aapl5o4yhckr2u6mfg635ptajnmtmmjj3g7egiwvwynaya,2026-02-01T00:00:00Z/2026-03-01T00:00:00Z,,"Amazon Web Services, Inc.",AWS,Anniversary,595673262386,2026-02-01T00:00:00Z,2026-03-01T00:00:00Z,353545917793,Usage,2026-02-02T08:00:00Z,2026-02-02T09:00:00Z,AWSQueueService,USE2-Requests-Tier1,List,,,2.0000000000,,,USD,0.0000000000,0.0000000000,0.0000000000,0.0000000000,"First 1,000,000 Amazon SQS Requests per month are free",,"Amazon Web Services, Inc.",Amazon Simple Queue Service,,,,,,,,,,,,,,,,,,,,,,,,,,,,,,SQS-APIRequest-Tier1,Amazon SQS Requests,,,,,,,,,US East (Ohio),AWS Region,,,,,,,At Least Once,Not Guaranteed,,,,,,,,,,,,API Request,,Standard,,us-east-2,us-east-2,,,,,AWSQueueService,Amazon Simple Queue Service,9C8YFGPNBKF9HP9A,,,,,,,,,,,USE2-Requests-Tier1,,,,,,9C8YFGPNBKF9HP9A.A429C66SYZ.6YS6EN2CT7,231387327364,USD,0.0000008000,0.0000004000,,Requests,,,,,,,,,,21100991765,,,,,,,,,,,,,,,
mk4dgcrnfg2buy6zznplps42we22v3vzwyd2seixcic6kefjxayq,2026-02-01T00:00:00Z/2026-03-01T00:00:00Z,,"Amazon Web Services, Inc.",AWS,Anniversary,595673262386,2026-02-01T00:00:00Z,2026-03-01T00:00:00Z,353545917793,Usage,2026-02-01T00:00:00Z,2026-02-01T20:00:00Z,AmazonEC2,USW2-APS1-AWS-In-Bytes,PublicIP-In,,i-002ddab9222dfe0bc,0.0000020339,,,USD,0.0000000000,0.0000000000,0.0000000000,0.0000000000,$0.00 per GB - US West (Oregon) data transfer from Asia Pacific (Singapore),,"Amazon Web Services, Inc.",Amazon Elastic Compute Cloud,,,,,,,,,,,,,,,,,,,,,,,,,,US West (Oregon),AWS Region,us-west-2,,,,,,,,,,,,,,,,,,,,,,,,,,,,,,,,,Data Transfer,,,,us-west-2,,,,,,AWSDataTransfer,AWS Data Transfer,9DEJHBACUYEYMVN8,,,,,,Asia Pacific (Singapore),AWS Region,ap-southeast-1,InterRegion Inbound,,USW2-APS1-AWS-In-Bytes,,,,,,9DEJHBACUYEYMVN8.JRTCKXETXF.6YS6EN2CT7,200619037825,USD,0.0000000000,0.0000000000,OnDemand,GB,,,,,,,,,,21100991773,,,,,,,,,,,,,,,
5uoc7as4wcm4f7dhw4spcebxrtnpcqfcxv7ao5ukfhjsp6qtuyfq,2026-02-01T00:00:00Z/2026-03-01T00:00:00Z,,"Amazon Web Services, Inc.",AWS,Anniversary,595673262386,2026-02-01T00:00:00Z,2026-03-01T00:00:00Z,353545917793,Usage,2026-02-01T19:00:00Z,2026-02-01T20:00:00Z,AmazonEC2,USW2-APS1-AWS-In-Bytes,PublicIP-In,,i-027fb26adbe5ed18f,0.0000000782,,,USD,0.0000000000,0.0000000000,0.0000000000,0.0000000000,$0.00 per GB - US West (Oregon) data transfer from Asia Pacific (Singapore),,"Amazon Web Services, Inc.",Amazon Elastic Compute Cloud,,,,,,,,,,,,,,,,,,,,,,,,,,US West (Oregon),AWS Region,us-west-2,,,,,,,,,,,,,,,,,,,,,,,,,,,,,,,,,Data Transfer,,,,us-west-2,,,,,,AWSDataTransfer,AWS Data Transfer,9DEJHBACUYEYMVN8,,,,,,Asia Pacific (Singapore),AWS Region,ap-southeast-1,InterRegion Inbound,,USW2-APS1-AWS-In-Bytes,,,,,,9DEJHBACUYEYMVN8.JRTCKXETXF.6YS6EN2CT7,200619037825,USD,0.0000000000,0.0000000000,OnDemand,GB,,,,,,,,,,21100991773,,,,,,,,,,,,,,,
7k5dlpl7sggsn4oqg3nfrnr3n7ovnam4pfl7323yscjhxxbszlvq,2026-02-01T00:00:00Z/2026-03-01T00:00:00Z,,"Amazon Web Services, Inc.",AWS,Anniversary,595673262386,2026-02-01T00:00:00Z,2026-03-01T00:00:00Z,353545917793,Usage,2026-02-01T20:00:00Z,2026-02-02T11:00:00Z,AmazonEC2,USW2-APS1-AWS-In-Bytes,PublicIP-In,,i-03dcf6b74c7efc8a2,0.0000015384,,,USD,0.0000000000,0.0000000000,0.0000000000,0.0000000000,$0.00 per GB - US West (Oregon) data transfer from Asia Pacific (Singapore),,"Amazon Web Services, Inc.",Amazon Elastic Compute Cloud,,,,,,,,,,,,,,,,,,,,,,,,,,US West (Oregon),AWS Region,us-west-2,,,,,,,,,,,,,,,,,,,,,,,,,,,,,,,,,Data Transfer,,,,us-west-2,,,,,,AWSDataTransfer,AWS Data Transfer,9DEJHBACUYEYMVN8,,,,,,Asia Pacific (Singapore),AWS Region,ap-southeast-1,InterRegion Inbound,,USW2-APS1-AWS-In-Bytes,,,,,,9DEJHBACUYEYMVN8.JRTCKXETXF.6YS6EN2CT7,200619037825,USD,0.0000000000,0.0000000000,OnDemand,GB,,,,,,,,,,21100991773,,,,,,,,,,,,,,,
vrrlab7gxj7oe5q7mc6k35fg4tlgyairbci4bv6r3wy4dw77c2xa,2026-02-01T00:00:00Z/2026-03-01T00:00:00Z,,"Amazon Web Services, Inc.",AWS,Anniversary,595673262386,2026-02-01T00:00:00Z,2026-03-01T00:00:00Z,353545917793,Usage,2026-02-01T19:00:00Z,2026-02-01T21:00:00Z,AmazonEC2,USW2-APS1-AWS-In-Bytes,PublicIP-In,,i-059b0e7dc012d0824,0.0000001043,,,USD,0.0000000000,0.0000000000,0.0000000000,0.0000000000,$0.00 per GB - US West (Oregon) data transfer from Asia Pacific (Singapore),,"Amazon Web Services, Inc.",Amazon Elastic Compute Cloud,,,,,,,,,,,,,,,,,,,,,,,,,,US West (Oregon),AWS Region,us-west-2,,,,,,,,,,,,,,,,,,,,,,,,,,,,,,,,,Data Transfer,,,,us-west-2,,,,,,AWSDataTransfer,AWS Data Transfer,9DEJHBACUYEYMVN8,,,,,,Asia Pacific (Singapore),AWS Region,ap-southeast-1,InterRegion Inbound,,USW2-APS1-AWS-In-Bytes,,,,,,9DEJHBACUYEYMVN8.JRTCKXETXF.6YS6EN2CT7,200619037825,USD,0.0000000000,0.0000000000,OnDemand,GB,,,,,,,,,,21100991773,,,,,,,,,,,,,,,
7oqg4ilhlnaxxfgkrlqxak477qts7dksgzrpmqlae26ucxxbyu6a,2026-02-01T00:00:00Z/2026-03-01T00:00:00Z,,"Amazon Web Services, Inc.",AWS,Anniversary,595673262386,2026-02-01T00:00:00Z,2026-03-01T00:00:00Z,353545917793,Usage,2026-02-01T22:00:00Z,2026-02-01T23:00:00Z,AmazonEC2,USW2-APS1-AWS-In-Bytes,PublicIP-In,,i-0737636d2e5d8a31c,0.0000000745,,,USD,0.0000000000,0.0000000000,0.0000000000,0.0000000000,$0.00 per GB - US West (Oregon) data transfer from Asia Pacific (Singapore),,"Amazon Web Services, Inc.",Amazon Elastic Compute Cloud,,,,,,,,,,,,,,,,,,,,,,,,,,US West (Oregon),AWS Region,us-west-2,,,,,,,,,,,,,,,,,,,,,,,,,,,,,,,,,Data Transfer,,,,us-west-2,,,,,,AWSDataTransfer,AWS Data Transfer,9DEJHBACUYEYMVN8,,,,,,Asia Pacific (Singapore),AWS Region,ap-southeast-1,InterRegion Inbound,,USW2-APS1-AWS-In-Bytes,,,,,,9DEJHBACUYEYMVN8.JRTCKXETXF.6YS6EN2CT7,200619037825,USD,0.0000000000,0.0000000000,OnDemand,GB,,,,,,,,,,21100991773,,,,,,,,,,,,,,,
ott7vb7o2f4mshfhavmgujgmbq5kf6tzch6lxtxcoh7gwgxqbfla,2026-02-01T00:00:00Z/2026-03-01T00:00:00Z,,"Amazon Web Services, Inc.",AWS,Anniversary,595673262386,2026-02-01T00:00:00Z,2026-03-01T00:00:00Z,353545917793,Usage,2026-02-01T00:00:00Z,2026-02-01T20:00:00Z,AmazonEC2,USW2-APS1-AWS-In-Bytes,PublicIP-In,,i-0b9d34c5972a322eb,0.0000021774,,,USD,0.0000000000,0.0000000000,0.0000000000,0.0000000000,$0.00 per GB - US West (Oregon) data transfer from Asia Pacific (Singapore),,"Amazon Web Services, Inc.",Amazon Elastic Compute Cloud,,,,,,,,,,,,,,,,,,,,,,,,,,US West (Oregon),AWS Region,us-west-2,,,,,,,,,,,,,,,,,,,,,,,,,,,,,,,,,Data Transfer,,,,us-west-2,,,,,,AWSDataTransfer,AWS Data Transfer,9DEJHBACUYEYMVN8,,,,,,Asia Pacific (Singapore),AWS Region,ap-southeast-1,InterRegion Inbound,,USW2-APS1-AWS-In-Bytes,,,,,,9DEJHBACUYEYMVN8.JRTCKXETXF.6YS6EN2CT7,200619037825,USD,0.0000000000,0.0000000000,OnDemand,GB,,,,,,,,,,21100991773,,,,,,,,,,,,,,,
4k25w7wduwqys7twrpcbnpjqppblttwxkhpjqaifgsrdw5qgm2ia,2026-02-01T00:00:00Z/2026-03-01T00:00:00Z,,"Amazon Web Services, Inc.",AWS,Anniversary,595673262386,2026-02-01T00:00:00Z,2026-03-01T00:00:00Z,353545917793,Usage,2026-02-01T00:00:00Z,2026-02-02T11:00:00Z,AmazonEC2,USW2-APS1-AWS-In-Bytes,PublicIP-In,,i-0ee8635d596bf3d8b,0.0000036990,,,USD,0.0000000000,0.0000000000,0.0000000000,0.0000000000,$0.00 per GB - US West (Oregon) data transfer from Asia Pacific (Singapore),,"Amazon Web Services, Inc.",Amazon Elastic Compute Cloud,,,,,,,,,,,,,,,,,,,,,,,,,,US West (Oregon),AWS Region,us-west-2,,,,,,,,,,,,,,,,,,,,,,,,,,,,,,,,,Data Transfer,,,,us-west-2,,,,,,AWSDataTransfer,AWS Data Transfer,9DEJHBACUYEYMVN8,,,,,,Asia Pacific (Singapore),AWS Region,ap-southeast-1,InterRegion Inbound,,USW2-APS1-AWS-In-Bytes,,,,,,9DEJHBACUYEYMVN8.JRTCKXETXF.6YS6EN2CT7,200619037825,USD,0.0000000000,0.0000000000,OnDemand,GB,,,,,,,,,,21100991773,,,,,,,,,,,,,,,
4ouyc37r2xvmgiq2fgm46pvw44tfigxlvz3j75u6yy4sc25z3nra,2026-02-01T00:00:00Z/2026-03-01T00:00:00Z,,"Amazon Web Services, Inc.",AWS,Anniversary,595673262386,2026-02-01T00:00:00Z,2026-03-01T00:00:00Z,353545917793,Usage,2026-02-02T07:00:00Z,2026-02-02T08:00:00Z,AmazonS3,DataTransfer-In-Bytes,CreateBucket,,dplit-monthly-billing-reports,0.0000001779,,,USD,0.0000000000,0.0000000000,0.0000000000,0.0000000000,$0.000 per GB - data transfer in per month,,"Amazon Web Services, Inc.",Amazon Simple Storage Service,,,,,,,,,,,,,,,,,,,,,,,,,,External,Other,,,,,,,,,,,,,,,,,,,,,,,,,,,,,,,,,,Data Transfer,,,,us-east-1,,,,,,AWSDataTransfer,AWS Data Transfer,9MG5B7V4UUU2WPAV,,,,,,US East (N. Virginia),AWS Region,us-east-1,AWS Inbound,,DataTransfer-In-Bytes,,,,,,9MG5B7V4UUU2WPAV.JRTCKXETXF.6YS6EN2CT7,200619027943,USD,0.0000000000,0.0000000000,OnDemand,GB,,,,,,,,,,21100991773,,,,,,,,,,,,,,,
yol5wj7drdltd3v36h5pvmijz5cicp3n3mxiuglvyzwkbf6ubaja,2026-02-01T00:00:00Z/2026-03-01T00:00:00Z,,"Amazon Web Services, Inc.",AWS,Anniversary,595673262386,2026-02-01T00:00:00Z,2026-03-01T00:00:00Z,353545917793,Usage,2026-02-02T07:00:00Z,2026-02-02T08:00:00Z,AmazonS3,DataTransfer-In-Bytes,CreateBucket,,model-usage-sindh-obudsman,0.0000001779,,,USD,0.0000000000,0.0000000000,0.0000000000,0.0000000000,$0.000 per GB - data transfer in per month,,"Amazon Web Services, Inc.",Amazon Simple Storage Service,,,,,,,,,,,,,,,,,,,,,,,,,,External,Other,,,,,,,,,,,,,,,,,,,,,,,,,,,,,,,,,,Data Transfer,,,,us-east-1,,,,,,AWSDataTransfer,AWS Data Transfer,9MG5B7V4UUU2WPAV,,,,,,US East (N. Virginia),AWS Region,us-east-1,AWS Inbound,,DataTransfer-In-Bytes,,,,,,9MG5B7V4UUU2WPAV.JRTCKXETXF.6YS6EN2CT7,200619027943,USD,0.0000000000,0.0000000000,OnDemand,GB,,,,,,,,,,21100991773,,,,,,,,,,,,,,,
fgafpstiz7m3mcp3qfvxbiikc5ltachb2qm6jrmacp5smk3f5rca,2026-02-01T00:00:00Z/2026-03-01T00:00:00Z,,"Amazon Web Services, Inc.",AWS,Anniversary,595673262386,2026-02-01T00:00:00Z,2026-03-01T00:00:00Z,353545917793,Usage,2026-02-02T09:00:00Z,2026-02-02T10:00:00Z,AmazonS3,DataTransfer-In-Bytes,CreateBucket,,s3bucketforizza,0.0000001779,,,USD,0.0000000000,0.0000000000,0.0000000000,0.0000000000,$0.000 per GB - data transfer in per month,,"Amazon Web Services, Inc.",Amazon Simple Storage Service,,,,,,,,,,,,,,,,,,,,,,,,,,External,Other,,,,,,,,,,,,,,,,,,,,,,,,,,,,,,,,,,Data Transfer,,,,us-east-1,,,,,,AWSDataTransfer,AWS Data Transfer,9MG5B7V4UUU2WPAV,,,,,,US East (N. Virginia),AWS Region,us-east-1,AWS Inbound,,DataTransfer-In-Bytes,,,,,,9MG5B7V4UUU2WPAV.JRTCKXETXF.6YS6EN2CT7,200619027943,USD,0.0000000000,0.0000000000,OnDemand,GB,,,,,,,,,,21100991773,,,,,,,,,,,,,,,
edbgmmdfye2nuaraildtbxmbmgkpht5tkfwkk5xcylml4uvlhu6a,2026-02-01T00:00:00Z/2026-03-01T00:00:00Z,,"Amazon Web Services, Inc.",AWS,Anniversary,595673262386,2026-02-01T00:00:00Z,2026-03-01T00:00:00Z,353545917793,Usage,2026-02-02T06:00:00Z,2026-02-02T07:00:00Z,AmazonCloudWatch,USW2-CW:Requests,ListMetrics,,,2.0000000000,,,USD,0.0000000000,0.0000000000,0.0000000000,0.0000000000,"$0.00 per request - first 1,000,000 requests",,"Amazon Web Services, Inc.",AmazonCloudWatch,,,,,,,,,,,,,,,,,,,,,,,,,,,,,,CW-Requests,CloudWatch API Requests,,,,,,,,,US West (Oregon),AWS Region,,,,,,,,,,,,,,,,,,,,API Request,,,,us-west-2,us-west-2,,,,,AmazonCloudWatch,AmazonCloudWatch,A2G4RWMJT5UURRK3,,,,,,,,,,,USW2-CW:Requests,,,,,,A2G4RWMJT5UURRK3.A429C66SYZ.6YS6EN2CT7,313536233384,USD,0.0000200000,0.0000100000,,Requests,,,,,,,,,,21100991796,,,,,,,,,,,,,,,
5uchbkhoe53syykyc5jqq4szzqx62zngn7ucoxed3wcb3yw3tpvq,2026-02-01T00:00:00Z/2026-03-01T00:00:00Z,,"Amazon Web Services, Inc.",AWS,Anniversary,595673262386,2026-02-01T00:00:00Z,2026-03-01T00:00:00Z,353545917793,Usage,2026-02-01T00:00:00Z,2026-02-02T11:00:00Z,AmazonCloudWatch,USW2-CW:Requests,PutMetricData,,,1050.0000000000,,,USD,0.0000000000,0.0000000000,0.0000000000,0.0000000000,"$0.00 per request - first 1,000,000 requests",,"Amazon Web Services, Inc.",AmazonCloudWatch,,,,,,,,,,,,,,,,,,,,,,,,,,,,,,CW-Requests,CloudWatch API Requests,,,,,,,,,US West (Oregon),AWS Region,,,,,,,,,,,,,,,,,,,,API Request,,,,us-west-2,us-west-2,,,,,AmazonCloudWatch,AmazonCloudWatch,A2G4RWMJT5UURRK3,,,,,,,,,,,USW2-CW:Requests,,,,,,A2G4RWMJT5UURRK3.A429C66SYZ.6YS6EN2CT7,313536233384,USD,0.0105000000,0.0000100000,,Requests,,,,,,,,,,21100991796,,,,,,,,,,,,,,,
zl7hol7fkxcvc3saiudegx7vql7fl64azdwyabnc7g2u5ukf53sq,2026-02-01T00:00:00Z/2026-03-01T00:00:00Z,,"Amazon Web Services, Inc.",AWS,Anniversary,595673262386,2026-02-01T00:00:00Z,2026-03-01T00:00:00Z,353545917793,Usage,2026-02-01T13:00:00Z,2026-02-01T14:00:00Z,AmazonCloudFront,AP-DataTransfer-Out-Bytes,GET,,arn:aws:cloudfront::353545917793:distribution/E2EBT3OOYZBXXH,0.0000012442,,,USD,0.0000000000,0.0000000000,0.0000000000,0.0000000000,$0.000 per GB - data transfer out under the global monthly free tier,,"Amazon Web Services, Inc.",Amazon CloudFront,,,,,,,,,,,,,,,,,,,,,,,,,,Asia Pacific,AWS Edge Location,,,,,,,,,,,,,,,,,,,,,,,,,,,,,,,,,,Data Transfer,,,,ap-southeast-1,,,,,,AmazonCloudFront,Amazon CloudFront,A86N9S7CGUKZHH8P,,,,,,External,Other,,CloudFront Outbound,,AP-DataTransfer-Out-Bytes,,,,,,A86N9S7CGUKZHH8P.A429C66SYZ.6YS6EN2CT7,165482683413,USD,0.0000001493,0.1200000000,,GB,,,,,,,,,,21100991767,,,,,,,,,,,,,,,
tjb4xfyt3ttoqlozoltbahhpia3bpw3dmtnld4mdulygvmrhoc5q,2026-02-01T00:00:00Z/2026-03-01T00:00:00Z,,"Amazon Web Services, Inc.",AWS,Anniversary,595673262386,2026-02-01T00:00:00Z,2026-03-01T00:00:00Z,353545917793,Usage,2026-02-01T12:00:00Z,2026-02-02T10:00:00Z,AmazonCloudFront,AP-DataTransfer-Out-Bytes,GET,,arn:aws:cloudfront::353545917793:distribution/E3IJX9IUF6SHIC,0.0087045059,,,USD,0.0000000000,0.0000000000,0.0000000000,0.0000000000,$0.000 per GB - data transfer out under the global monthly free tier,,"Amazon Web Services, Inc.",Amazon CloudFront,,,,,,,,,,,,,,,,,,,,,,,,,,Asia Pacific,AWS Edge Location,,,,,,,,,,,,,,,,,,,,,,,,,,,,,,,,,,Data Transfer,,,,ap-southeast-1,,,,,,AmazonCloudFront,Amazon CloudFront,A86N9S7CGUKZHH8P,,,,,,External,Other,,CloudFront Outbound,,AP-DataTransfer-Out-Bytes,,,,,,A86N9S7CGUKZHH8P.A429C66SYZ.6YS6EN2CT7,165482683413,USD,0.0010445407,0.1200000000,,GB,,,,,,,,,,21100991767,,,,,,,,,,,,,,,
kpk2jzw64rwdxheqswklybsyyvky5swqxxhgjwa4ugg5jmxs6viq,2026-02-01T00:00:00Z/2026-03-01T00:00:00Z,,"Amazon Web Services, Inc.",AWS,Anniversary,595673262386,2026-02-01T00:00:00Z,2026-03-01T00:00:00Z,353545917793,Usage,2026-02-01T05:00:00Z,2026-02-02T11:00:00Z,AmazonCloudFront,AP-DataTransfer-Out-Bytes,GET,,arn:aws:cloudfront::353545917793:distribution/E3LQ4K487Q3OU4,0.0163404773,,,USD,0.0000000000,0.0000000000,0.0000000000,0.0000000000,$0.000 per GB - data transfer out under the global monthly free tier,,"Amazon Web Services, Inc.",Amazon CloudFront,,,,,,,,,,,,,,,,,,,,,,,,,,Asia Pacific,AWS Edge Location,,,,,,,,,,,,,,,,,,,,,,,,,,,,,,,,,,Data Transfer,,,,ap-southeast-1,,,,,,AmazonCloudFront,Amazon CloudFront,A86N9S7CGUKZHH8P,,,,,,External,Other,,CloudFront Outbound,,AP-DataTransfer-Out-Bytes,,,,,,A86N9S7CGUKZHH8P.A429C66SYZ.6YS6EN2CT7,165482683413,USD,0.0019608573,0.1200000000,,GB,,,,,,,,,,21100991767,,,,,,,,,,,,,,,
khnuxxs2cnbtfh7osjrsuvs6r4qpfr7eq7bwf3en52hxrpp63dlq,2026-02-01T00:00:00Z/2026-03-01T00:00:00Z,,"Amazon Web Services, Inc.",AWS,Anniversary,595673262386,2026-02-01T00:00:00Z,2026-03-01T00:00:00Z,353545917793,Usage,2026-02-02T02:00:00Z,2026-02-02T03:00:00Z,AmazonCloudFront,AP-DataTransfer-Out-Bytes,OPTIONS,,arn:aws:cloudfront::353545917793:distribution/E3LQ4K487Q3OU4,0.0000043083,,,USD,0.0000000000,0.0000000000,0.0000000000,0.0000000000,$0.000 per GB - data transfer out under the global monthly free tier,,"Amazon Web Services, Inc.",Amazon CloudFront,,,,,,,,,,,,,,,,,,,,,,,,,,Asia Pacific,AWS Edge Location,,,,,,,,,,,,,,,,,,,,,,,,,,,,,,,,,,Data Transfer,,,,ap-southeast-1,,,,,,AmazonCloudFront,Amazon CloudFront,A86N9S7CGUKZHH8P,,,,,,External,Other,,CloudFront Outbound,,AP-DataTransfer-Out-Bytes,,,,,,A86N9S7CGUKZHH8P.A429C66SYZ.6YS6EN2CT7,165482683413,USD,0.0000005170,0.1200000000,,GB,,,,,,,,,,21100991767,,,,,,,,,,,,,,,
4tnlcdgp45t66a76qjce34jdpalmbrl7rlxwiiyalwqiypfdqbpa,2026-02-01T00:00:00Z/2026-03-01T00:00:00Z,,"Amazon Web Services, Inc.",AWS,Anniversary,595673262386,2026-02-01T00:00:00Z,2026-03-01T00:00:00Z,353545917793,Usage,2026-02-01T12:00:00Z,2026-02-02T10:00:00Z,AmazonCloudFront,AP-DataTransfer-Out-Bytes,POST,,arn:aws:cloudfront::353545917793:distribution/E3IJX9IUF6SHIC,0.0000341527,,,USD,0.0000000000,0.0000000000,0.0000000000,0.0000000000,$0.000 per GB - data transfer out under the global monthly free tier,,"Amazon Web Services, Inc.",Amazon CloudFront,,,,,,,,,,,,,,,,,,,,,,,,,,Asia Pacific,AWS Edge Location,,,,,,,,,,,,,,,,,,,,,,,,,,,,,,,,,,Data Transfer,,,,ap-southeast-1,,,,,,AmazonCloudFront,Amazon CloudFront,A86N9S7CGUKZHH8P,,,,,,External,Other,,CloudFront Outbound,,AP-DataTransfer-Out-Bytes,,,,,,A86N9S7CGUKZHH8P.A429C66SYZ.6YS6EN2CT7,165482683413,USD,0.0000040983,0.1200000000,,GB,,,,,,,,,,21100991767,,,,,,,,,,,,,,,
k7dg7qy4y7dj6j4moyazafrjbxvnk5b2weuc5kqwqxqbijbfbqma,2026-02-01T00:00:00Z/2026-03-01T00:00:00Z,,"Amazon Web Services, Inc.",AWS,Anniversary,595673262386,2026-02-01T00:00:00Z,2026-03-01T00:00:00Z,353545917793,Usage,2026-02-02T02:00:00Z,2026-02-02T08:00:00Z,AmazonCloudFront,AP-DataTransfer-Out-Bytes,POST,,arn:aws:cloudfront::353545917793:distribution/E3LQ4K487Q3OU4,0.0000947817,,,USD,0.0000000000,0.0000000000,0.0000000000,0.0000000000,$0.000 per GB - data transfer out under the global monthly free tier,,"Amazon Web Services, Inc.",Amazon CloudFront,,,,,,,,,,,,,,,,,,,,,,,,,,Asia Pacific,AWS Edge Location,,,,,,,,,,,,,,,,,,,,,,,,,,,,,,,,,,Data Transfer,,,,ap-southeast-1,,,,,,AmazonCloudFront,Amazon CloudFront,A86N9S7CGUKZHH8P,,,,,,External,Other,,CloudFront Outbound,,AP-DataTransfer-Out-Bytes,,,,,,A86N9S7CGUKZHH8P.A429C66SYZ.6YS6EN2CT7,165482683413,USD,0.0000113738,0.1200000000,,GB,,,,,,,,,,21100991767,,,,,,,,,,,,,,,
4o4vfl5bu4xk4voptjfqbowek3hahxuwvqoyzdb5lqo5uu7bxqeq,2026-02-01T00:00:00Z/2026-03-01T00:00:00Z,,"Amazon Web Services, Inc.",AWS,Anniversary,595673262386,2026-02-01T00:00:00Z,2026-03-01T00:00:00Z,353545917793,Usage,2026-02-02T05:00:00Z,2026-02-02T08:00:00Z,AmazonCloudFront,AP-DataTransfer-Out-Bytes,PUT,,arn:aws:cloudfront::353545917793:distribution/E3IJX9IUF6SHIC,0.0000021011,,,USD,0.0000000000,0.0000000000,0.0000000000,0.0000000000,$0.000 per GB - data transfer out under the global monthly free tier,,"Amazon Web Services, Inc.",Amazon CloudFront,,,,,,,,,,,,,,,,,,,,,,,,,,Asia Pacific,AWS Edge Location,,,,,,,,,,,,,,,,,,,,,,,,,,,,,,,,,,Data Transfer,,,,ap-southeast-1,,,,,,AmazonCloudFront,Amazon CloudFront,A86N9S7CGUKZHH8P,,,,,,External,Other,,CloudFront Outbound,,AP-DataTransfer-Out-Bytes,,,,,,A86N9S7CGUKZHH8P.A429C66SYZ.6YS6EN2CT7,165482683413,USD,0.0000002521,0.1200000000,,GB,,,,,,,,,,21100991767,,,,,,,,,,,,,,,
3xdgz6gjscrid7ymd6dldbh2ter5ydcricqv5j5czu4p6vn7o5pa,2026-02-01T00:00:00Z/2026-03-01T00:00:00Z,,"Amazon Web Services, Inc.",AWS,Anniversary,595673262386,2026-02-01T00:00:00Z,2026-03-01T00:00:00Z,353545917793,Usage,2026-02-01T03:00:00Z,2026-02-02T11:00:00Z,AWSSecretsManager,USW2-AWSSecretsManagerAPIRequest,GetSecretValue,,arn:aws:secretsmanager:us-west-2:353545917793:secret:ProdRDSDBSecret0B369AB5-nay9rYGByR0F-UtIYjO,8289.0000000000,,,USD,0.0000050000,0.0414450000,0.0000050000,0.0414450000,$0.05 per 10000 API Requests,,"Amazon Web Services, Inc.",AWS Secrets Manager,,,,,,,,,,,,,,,,,,,,,,,,,,,,,,AWSSecretsManager-APIRequest,,,,,,,,,,US West (Oregon),AWS Region,,,,,,,,,,,,,,,,,,,,API Request,,,,us-west-2,us-west-2,,,,,AWSSecretsManager,AWS Secrets Manager,AEBQHWFEG8Q4Y7AT,,,,,,,,,,,USW2-AWSSecretsManagerAPIRequest,,,,,,AEBQHWFEG8Q4Y7AT.JRTCKXETXF.6YS6EN2CT7,200495202414,USD,0.0414450000,0.0000050000,OnDemand,API Requests,,,,,,,,,,21100991873,,,,,,,,,,,,,,,
avurjo4htd7d3p5bfrft5nbrza3ccp5ypu4ksfmum4c5fbs23t4a,2026-02-01T00:00:00Z/2026-03-01T00:00:00Z,,"Amazon Web Services, Inc.",AWS,Anniversary,595673262386,2026-02-01T00:00:00Z,2026-03-01T00:00:00Z,353545917793,Usage,2026-02-01T00:00:00Z,2026-02-02T11:00:00Z,AWSSecretsManager,USW2-AWSSecretsManagerAPIRequest,GetSecretValue,,arn:aws:secretsmanager:us-west-2:353545917793:secret:databasecreds-dev-N9nhVU,290.0000000000,,,USD,0.0000050000,0.0014500000,0.0000050000,0.0014500000,$0.05 per 10000 API Requests,,"Amazon Web Services, Inc.",AWS Secrets Manager,,,,,,,,,,,,,,,,,,,,,,,,,,,,,,AWSSecretsManager-APIRequest,,,,,,,,,,US West (Oregon),AWS Region,,,,,,,,,,,,,,,,,,,,API Request,,,,us-west-2,us-west-2,,,,,AWSSecretsManager,AWS Secrets Manager,AEBQHWFEG8Q4Y7AT,,,,,,,,,,,USW2-AWSSecretsManagerAPIRequest,,,,,,AEBQHWFEG8Q4Y7AT.JRTCKXETXF.6YS6EN2CT7,200495202414,USD,0.0014500000,0.0000050000,OnDemand,API Requests,,,,,,,,,,21100991873,,,,,,,,,,,,,,,
3mk6jo37gruszgkrk6r3noawb2qdsumfbwm66qprycjf4wuzxxga,2026-02-01T00:00:00Z/2026-03-01T00:00:00Z,,"Amazon Web Services, Inc.",AWS,Anniversary,595673262386,2026-02-01T00:00:00Z,2026-03-01T00:00:00Z,353545917793,Usage,2026-02-01T03:00:00Z,2026-02-02T08:00:00Z,AWSSecretsManager,USW2-AWSSecretsManagerAPIRequest,GetSecretValue,,arn:aws:secretsmanager:us-west-2:353545917793:secret:databasecreds-qa-PNoAdS,50.0000000000,,,USD,0.0000050000,0.0002500000,0.0000050000,0.0002500000,$0.05 per 10000 API Requests,,"Amazon Web Services, Inc.",AWS Secrets Manager,,,,,,,,,,,,,,,,,,,,,,,,,,,,,,AWSSecretsManager-APIRequest,,,,,,,,,,US West (Oregon),AWS Region,,,,,,,,,,,,,,,,,,,,API Request,,,,us-west-2,us-west-2,,,,,AWSSecretsManager,AWS Secrets Manager,AEBQHWFEG8Q4Y7AT,,,,,,,,,,,USW2-AWSSecretsManagerAPIRequest,,,,,,AEBQHWFEG8Q4Y7AT.JRTCKXETXF.6YS6EN2CT7,200495202414,USD,0.0002500000,0.0000050000,OnDemand,API Requests,,,,,,,,,,21100991873,,,,,,,,,,,,,,,
x3i3ihrocnpslgvq74mgm4mq5dni3kmgwwdi7f2xwc24s2tp76na,2026-02-01T00:00:00Z/2026-03-01T00:00:00Z,,"Amazon Web Services, Inc.",AWS,Anniversary,595673262386,2026-02-01T00:00:00Z,2026-03-01T00:00:00Z,353545917793,Usage,2026-02-02T06:00:00Z,2026-02-02T07:00:00Z,AmazonCloudFront,US-DataTransfer-Out-OBytes,POST,,arn:aws:cloudfront::353545917793:distribution/E24UQOU8RZMYBR,0.0000148332,,,USD,0.0200000000,0.0000002967,0.0200000000,0.0000002967,$0.020 per GB - All data transfer out to Origin (US),,"Amazon Web Services, Inc.",Amazon CloudFront,,,,,,,,,,,,,,,,,,,,,,,,,,United States,AWS Edge Location,,,,,,,,,,,,,,,,,,,,,,,,,,,,,,,,,,Data Transfer,,,,us-east-1,,,,,,AmazonCloudFront,Amazon CloudFront,AGSZEF5XC2MG4FUH,,,,,,Data Origin,Other,,CloudFront to Origin,,US-DataTransfer-Out-OBytes,,,,,,AGSZEF5XC2MG4FUH.JRTCKXETXF.6YS6EN2CT7,165482683335,USD,0.0000002967,0.0200000000,OnDemand,GB,,,,,,,,,,21100991767,,,,,,,,,,,,,,,
3nusdlsaclu2t72nupweuz6e3cpc7plxthmjcpmi52x24vd3o3aq,2026-02-01T00:00:00Z/2026-03-01T00:00:00Z,,"Amazon Web Services, Inc.",AWS,Anniversary,595673262386,2026-02-01T00:00:00Z,2026-03-01T00:00:00Z,353545917793,Usage,2026-02-02T04:00:00Z,2026-02-02T11:00:00Z,AmazonCloudFront,US-DataTransfer-Out-OBytes,POST,,arn:aws:cloudfront::353545917793:distribution/E3LQ4K487Q3OU4,0.0004369812,,,USD,0.0200000000,0.0000087396,0.0200000000,0.0000087396,$0.020 per GB - All data transfer out to Origin (US),,"Amazon Web Services, Inc.",Amazon CloudFront,,,,,,,,,,,,,,,,,,,,,,,,,,United States,AWS Edge Location,,,,,,,,,,,,,,,,,,,,,,,,,,,,,,,,,,Data Transfer,,,,us-east-1,,,,,,AmazonCloudFront,Amazon CloudFront,AGSZEF5XC2MG4FUH,,,,,,Data Origin,Other,,CloudFront to Origin,,US-DataTransfer-Out-OBytes,,,,,,AGSZEF5XC2MG4FUH.JRTCKXETXF.6YS6EN2CT7,165482683335,USD,0.0000087396,0.0200000000,OnDemand,GB,,,,,,,,,,21100991767,,,,,,,,,,,,,,,
ebxliposva2dx5z5ipzqymwxic4whxcghvyrq6ss7l4brkxdzyqq,2026-02-01T00:00:00Z/2026-03-01T00:00:00Z,,"Amazon Web Services, Inc.",AWS,Anniversary,595673262386,2026-02-01T00:00:00Z,2026-03-01T00:00:00Z,353545917793,Usage,2026-02-02T04:00:00Z,2026-02-02T11:00:00Z,AmazonCloudFront,US-DataTransfer-Out-OBytes,POST,,arn:aws:cloudfront::353545917793:distribution/E8VGZ28EBD02E,0.0034240745,,,USD,0.0200000000,0.0000684816,0.0200000000,0.0000684816,$0.020 per GB - All data transfer out to Origin (US),,"Amazon Web Services, Inc.",Amazon CloudFront,,,,,,,,,,,,,,,,,,,,,,,,,,United States,AWS Edge Location,,,,,,,,,,,,,,,,,,,,,,,,,,,,,,,,,,Data Transfer,,,,us-east-1,,,,,,AmazonCloudFront,Amazon CloudFront,AGSZEF5XC2MG4FUH,,,,,,Data Origin,Other,,CloudFront to Origin,,US-DataTransfer-Out-OBytes,,,,,,AGSZEF5XC2MG4FUH.JRTCKXETXF.6YS6EN2CT7,165482683335,USD,0.0000684815,0.0200000000,OnDemand,GB,,,,,,,,,,21100991767,,,,,,,,,,,,,,,
eec4mumzvfmrpa2gbqsn26vaexqz6nk7zx6pef4pxhtidivxjhsq,2026-02-01T00:00:00Z/2026-03-01T00:00:00Z,,"Amazon Web Services, Inc.",AWS,Anniversary,595673262386,2026-02-01T00:00:00Z,2026-03-01T00:00:00Z,353545917793,Usage,2026-02-02T10:00:00Z,2026-02-02T11:00:00Z,AmazonCloudFront,US-DataTransfer-Out-OBytes,PUT,,arn:aws:cloudfront::353545917793:distribution/E3LQ4K487Q3OU4,0.0000006892,,,USD,0.0200000000,0.0000000138,0.0200000000,0.0000000138,$0.020 per GB - All data transfer out to Origin (US),,"Amazon Web Services, Inc.",Amazon CloudFront,,,,,,,,,,,,,,,,,,,,,,,,,,United States,AWS Edge Location,,,,,,,,,,,,,,,,,,,,,,,,,,,,,,,,,,Data Transfer,,,,us-east-1,,,,,,AmazonCloudFront,Amazon CloudFront,AGSZEF5XC2MG4FUH,,,,,,Data Origin,Other,,CloudFront to Origin,,US-DataTransfer-Out-OBytes,,,,,,AGSZEF5XC2MG4FUH.JRTCKXETXF.6YS6EN2CT7,165482683335,USD,0.0000000138,0.0200000000,OnDemand,GB,,,,,,,,,,21100991767,,,,,,,,,,,,,,,
yq47x46wrsfs52b6mcdolwcaerffzzaefjgrbkm63jvrueuh5gcq,2026-02-01T00:00:00Z/2026-03-01T00:00:00Z,,"Amazon Web Services, Inc.",AWS,Anniversary,595673262386,2026-02-01T00:00:00Z,2026-03-01T00:00:00Z,353545917793,Usage,2026-02-02T05:00:00Z,2026-02-02T07:00:00Z,AmazonCloudFront,US-DataTransfer-Out-OBytes,PUT,,arn:aws:cloudfront::353545917793:distribution/E8VGZ28EBD02E,0.0000045020,,,USD,0.0200000000,0.0000000901,0.0200000000,0.0000000901,$0.020 per GB - All data transfer out to Origin (US),,"Amazon Web Services, Inc.",Amazon CloudFront,,,,,,,,,,,,,,,,,,,,,,,,,,United States,AWS Edge Location,,,,,,,,,,,,,,,,,,,,,,,,,,,,,,,,,,Data Transfer,,,,us-east-1,,,,,,AmazonCloudFront,Amazon CloudFront,AGSZEF5XC2MG4FUH,,,,,,Data Origin,Other,,CloudFront to Origin,,US-DataTransfer-Out-OBytes,,,,,,AGSZEF5XC2MG4FUH.JRTCKXETXF.6YS6EN2CT7,165482683335,USD,0.0000000900,0.0200000000,OnDemand,GB,,,,,,,,,,21100991767,,,,,,,,,,,,,,,
q2kkefn2btuvdf7wnv3dwrav7nujhseiymmsbmf2xzokx2crclla,2026-02-01T00:00:00Z/2026-03-01T00:00:00Z,,"Amazon Web Services, Inc.",AWS,Anniversary,595673262386,2026-02-01T00:00:00Z,2026-03-01T00:00:00Z,353545917793,Usage,2026-02-01T22:00:00Z,2026-02-01T23:00:00Z,AmazonEC2,USW2-USW1-AWS-Out-Bytes,PublicIP-Out,,i-03dcf6b74c7efc8a2,0.0000000373,,,USD,0.0200000000,0.0000000007,0.0200000000,0.0000000007,$0.02 per GB - US West (Oregon) data transfer to US West (Northern California),,"Amazon Web Services, Inc.",Amazon Elastic Compute Cloud,,,,,,,,,,,,,,,,,,,,,,,,,,US West (Oregon),AWS Region,us-west-2,,,,,,,,,,,,,,,,,,,,,,,,,,,,,,,,,Data Transfer,,,,us-west-2,,,,,,AWSDataTransfer,AWS Data Transfer,ARHHEUH3WM2QNZJF,,,,,,US West (N. California),AWS Region,us-west-1,InterRegion Outbound,,USW2-USW1-AWS-Out-Bytes,,,,,,ARHHEUH3WM2QNZJF.JRTCKXETXF.6YS6EN2CT7,200619054065,USD,0.0000000007,0.0200000000,OnDemand,GB,,,,,,,,,,21100991773,,,,,,,,,,,,,,,
ew36yuyrco25k4pvdoqfulkyygyknl7jibuftq72d5f6brhhj4bq,2026-02-01T00:00:00Z/2026-03-01T00:00:00Z,,"Amazon Web Services, Inc.",AWS,Anniversary,595673262386,2026-02-01T00:00:00Z,2026-03-01T00:00:00Z,353545917793,Usage,2026-02-01T01:00:00Z,2026-02-01T03:00:00Z,AWSELB,USW2-USW1-AWS-Out-Bytes,LoadBalancing-PublicIP-Out,,arn:aws:elasticloadbalancing:us-west-2:353545917793:loadbalancer/app/ApplicatonLB-Dev/1e9a504c1888a0ba,0.0000097976,,,USD,0.0200000000,0.0000001960,0.0200000000,0.0000001960,$0.02 per GB - US West (Oregon) data transfer to US West (Northern California),,"Amazon Web Services, Inc.",Elastic Load Balancing,,,,,,,,,,,,,,,,,,,,,,,,,,US West (Oregon),AWS Region,us-west-2,,,,,,,,,,,,,,,,,,,,,,,,,,,,,,,,,Data Transfer,,,,us-west-2,,,,,,AWSDataTransfer,AWS Data Transfer,ARHHEUH3WM2QNZJF,,,,,,US West (N. California),AWS Region,us-west-1,InterRegion Outbound,,USW2-USW1-AWS-Out-Bytes,,,,,,ARHHEUH3WM2QNZJF.JRTCKXETXF.6YS6EN2CT7,200619054065,USD,0.0000001960,0.0200000000,OnDemand,GB,,,,,,,,,,21100991773,,,,,,,,,,,,,,,
kkwzq4blbkdogiusg7sp3ugihi3gk6i3hdfxmtxmcojuvdadz2pq,2026-02-01T00:00:00Z/2026-03-01T00:00:00Z,,"Amazon Web Services, Inc.",AWS,Anniversary,595673262386,2026-02-01T00:00:00Z,2026-03-01T00:00:00Z,353545917793,Usage,2026-02-01T02:00:00Z,2026-02-02T07:00:00Z,AWSGlue,EUN1-Catalog-Request,Request,,,4.0000000000,,,USD,0.0000000000,0.0000000000,0.0000000000,0.0000000000,$0 for AWS Glue Data Catalog requests under the free tier,,"Amazon Web Services, Inc.",AWS Glue,,,,,,,,,,,,,,,,,,,,,,,,,,,,,,Data catalog requests,,,,,,,,,,EU (Stockholm),AWS Region,,,,,,,,,,,,,,Request,,,,,,AWS Glue,,,,eu-north-1,eu-north-1,,,,,AWSGlue,AWS Glue,B7AB9XZF8FCFJUDN,,,,,,,,,,,EUN1-Catalog-Request,,,,,,B7AB9XZF8FCFJUDN.A429C66SYZ.6YS6EN2CT7,338976513895,USD,0.0000040000,0.0000010000,,Request,,,,,,,,,,21100991854,,,,,,,,,,,,,,,
rhldfhedtjkgybxkkltpx5a5lug7eojleyo6bcdtnvxawiidtysa,2026-02-01T00:00:00Z/2026-03-01T00:00:00Z,,"Amazon Web Services, Inc.",AWS,Anniversary,595673262386,2026-02-01T00:00:00Z,2026-03-01T00:00:00Z,353545917793,Usage,2026-02-01T11:00:00Z,2026-02-02T11:00:00Z,AmazonCloudFront,EU-DataTransfer-Out-OBytes,POST,,arn:aws:cloudfront::353545917793:distribution/E3IJX9IUF6SHIC,0.0049420121,,,USD,0.0200000000,0.0000988403,0.0200000000,0.0000988403,$0.020 per GB - All data transfer out to Origin (Europe),,"Amazon Web Services, Inc.",Amazon CloudFront,,,,,,,,,,,,,,,,,,,,,,,,,,Europe,AWS Edge Location,,,,,,,,,,,,,,,,,,,,,,,,,,,,,,,,,,Data Transfer,,,,eu-west-1,,,,,,AmazonCloudFront,Amazon CloudFront,C3HHMR3U9CR9AK63,,,,,,Data Origin,Other,,CloudFront to Origin,,EU-DataTransfer-Out-OBytes,,,,,,C3HHMR3U9CR9AK63.JRTCKXETXF.6YS6EN2CT7,165482683241,USD,0.0000988402,0.0200000000,OnDemand,GB,,,,,,,,,,21100991767,,,,,,,,,,,,,,,
afeomicpa4azdiwcyoalgybkmqixd23cjdxzase22t6kccfuk5sq,2026-02-01T00:00:00Z/2026-03-01T00:00:00Z,,"Amazon Web Services, Inc.",AWS,Anniversary,595673262386,2026-02-01T00:00:00Z,2026-03-01T00:00:00Z,353545917793,Usage,2026-02-02T05:00:00Z,2026-02-02T11:00:00Z,AmazonCloudFront,EU-DataTransfer-Out-OBytes,PUT,,arn:aws:cloudfront::353545917793:distribution/E3IJX9IUF6SHIC,0.0087603312,,,USD,0.0200000000,0.0001752065,0.0200000000,0.0001752065,$0.020 per GB - All data transfer out to Origin (Europe),,"Amazon Web Services, Inc.",Amazon CloudFront,,,,,,,,,,,,,,,,,,,,,,,,,,Europe,AWS Edge Location,,,,,,,,,,,,,,,,,,,,,,,,,,,,,,,,,,Data Transfer,,,,eu-west-1,,,,,,AmazonCloudFront,Amazon CloudFront,C3HHMR3U9CR9AK63,,,,,,Data Origin,Other,,CloudFront to Origin,,EU-DataTransfer-Out-OBytes,,,,,,C3HHMR3U9CR9AK63.JRTCKXETXF.6YS6EN2CT7,165482683241,USD,0.0001752066,0.0200000000,OnDemand,GB,,,,,,,,,,21100991767,,,,,,,,,,,,,,,
lbmkumdqgoaldoohd36x6dptc42psvylyzsckrkbd7hctrz6ftiq,2026-02-01T00:00:00Z/2026-03-01T00:00:00Z,,"Amazon Web Services, Inc.",AWS,Anniversary,595673262386,2026-02-01T00:00:00Z,2026-03-01T00:00:00Z,353545917793,Usage,2026-02-01T14:00:00Z,2026-02-01T15:00:00Z,AmazonEC2,USW2-EU-AWS-In-Bytes,PublicIP-In,,i-002ddab9222dfe0bc,0.0000000447,,,USD,0.0000000000,0.0000000000,0.0000000000,0.0000000000,$0.00 per GB - US West (Oregon) data transfer from EU (Ireland),,"Amazon Web Services, Inc.",Amazon Elastic Compute Cloud,,,,,,,,,,,,,,,,,,,,,,,,,,US West (Oregon),AWS Region,us-west-2,,,,,,,,,,,,,,,,,,,,,,,,,,,,,,,,,Data Transfer,,,,us-west-2,,,,,,AWSDataTransfer,AWS Data Transfer,CAHND3U5WKSX5EPP,,,,,,EU (Ireland),AWS Region,eu-west-1,InterRegion Inbound,,USW2-EU-AWS-In-Bytes,,,,,,CAHND3U5WKSX5EPP.JRTCKXETXF.6YS6EN2CT7,200619030238,USD,0.0000000000,0.0000000000,OnDemand,GB,,,,,,,,,,21100991773,,,,,,,,,,,,,,,
6zriazrpdhwbnjjledxmxbcazqrh24diqte7e7h3mc5bkzp7aqqa,2026-02-01T00:00:00Z/2026-03-01T00:00:00Z,,"Amazon Web Services, Inc.",AWS,Anniversary,595673262386,2026-02-01T00:00:00Z,2026-03-01T00:00:00Z,353545917793,Usage,2026-02-01T00:00:00Z,2026-02-02T09:00:00Z,AmazonEC2,USW2-EU-AWS-In-Bytes,PublicIP-In,,i-0b76fb544c7e81b35,0.0000042078,,,USD,0.0000000000,0.0000000000,0.0000000000,0.0000000000,$0.00 per GB - US West (Oregon) data transfer from EU (Ireland),,"Amazon Web Services, Inc.",Amazon Elastic Compute Cloud,,,,,,,,,,,,,,,,,,,,,,,,,,US West (Oregon),AWS Region,us-west-2,,,,,,,,,,,,,,,,,,,,,,,,,,,,,,,,,Data Transfer,,,,us-west-2,,,,,,AWSDataTransfer,AWS Data Transfer,CAHND3U5WKSX5EPP,,,,,,EU (Ireland),AWS Region,eu-west-1,InterRegion Inbound,,USW2-EU-AWS-In-Bytes,,,,,,CAHND3U5WKSX5EPP.JRTCKXETXF.6YS6EN2CT7,200619030238,USD,0.0000000000,0.0000000000,OnDemand,GB,,,,,,,,,,21100991773,,,,,,,,,,,,,,,
vjwnw5i5s3bmuqfhh7svxsujmyia6mn2ndzrbpt5pzddmq3e3ylq,2026-02-01T00:00:00Z/2026-03-01T00:00:00Z,,"Amazon Web Services, Inc.",AWS,Anniversary,595673262386,2026-02-01T00:00:00Z,2026-03-01T00:00:00Z,353545917793,Usage,2026-02-01T13:00:00Z,2026-02-01T14:00:00Z,AmazonEC2,USW2-EU-AWS-In-Bytes,PublicIP-In,,i-0b9d34c5972a322eb,0.0000000391,,,USD,0.0000000000,0.0000000000,0.0000000000,0.0000000000,$0.00 per GB - US West (Oregon) data transfer from EU (Ireland),,"Amazon Web Services, Inc.",Amazon Elastic Compute Cloud,,,,,,,,,,,,,,,,,,,,,,,,,,US West (Oregon),AWS Region,us-west-2,,,,,,,,,,,,,,,,,,,,,,,,,,,,,,,,,Data Transfer,,,,us-west-2,,,,,,AWSDataTransfer,AWS Data Transfer,CAHND3U5WKSX5EPP,,,,,,EU (Ireland),AWS Region,eu-west-1,InterRegion Inbound,,USW2-EU-AWS-In-Bytes,,,,,,CAHND3U5WKSX5EPP.JRTCKXETXF.6YS6EN2CT7,200619030238,USD,0.0000000000,0.0000000000,OnDemand,GB,,,,,,,,,,21100991773,,,,,,,,,,,,,,,
zeqz7qhhzkxuycea55wfylipode5lebpaffu3ljxjpq2dhalwjfq,2026-02-01T00:00:00Z/2026-03-01T00:00:00Z,,"Amazon Web Services, Inc.",AWS,Anniversary,595673262386,2026-02-01T00:00:00Z,2026-03-01T00:00:00Z,353545917793,Usage,2026-02-01T00:00:00Z,2026-02-02T08:00:00Z,AmazonCloudWatch,USW2-CW:MetricMonitorUsage,MetricStorage,,,0.0476190464,,,USD,0.0000000000,0.0000000000,0.0000000000,0.0000000000,$0.00 per metric-month - first 10 metrics,,"Amazon Web Services, Inc.",AmazonCloudWatch,,,,,,,,,,,,,,,,,,,,,,,,,,,,,,Metric,CloudWatch Custom Metrics,,,,,,,,,US West (Oregon),AWS Region,,,,,,,,,,,,,,,,,,,,Metric,,,,us-west-2,us-west-2,,,,,AmazonCloudWatch,AmazonCloudWatch,CN6TP6ZEVS58RK7M,,,,,,,,,,,USW2-CW:MetricMonitorUsage,,,,,,CN6TP6ZEVS58RK7M.A429C66SYZ.6YS6EN2CT7,313536233438,USD,0.0142857139,0.3000000000,,Metrics,,,,,,,,,,21100991796,,,,,,,,,,,,,,,
7ype6zdhcfokelvnq5jfac6qlt4ornrdjecyaeb2kdeby2fbycea,2026-02-01T00:00:00Z/2026-03-01T00:00:00Z,,"Amazon Web Services, Inc.",AWS,Anniversary,595673262386,2026-02-01T00:00:00Z,2026-03-01T00:00:00Z,353545917793,Usage,2026-02-01T02:00:00Z,2026-02-01T03:00:00Z,AmazonEC2,USW2-EUW2-AWS-In-Bytes,PublicIP-In,,i-0b9d34c5972a322eb,0.0000000540,,,USD,0.0000000000,0.0000000000,0.0000000000,0.0000000000,$0.00 per GB - US West (Oregon) data transfer from EU (London),,"Amazon Web Services, Inc.",Amazon Elastic Compute Cloud,,,,,,,,,,,,,,,,,,,,,,,,,,US West (Oregon),AWS Region,us-west-2,,,,,,,,,,,,,,,,,,,,,,,,,,,,,,,,,Data Transfer,,,,us-west-2,,,,,,AWSDataTransfer,AWS Data Transfer,CVSGVCVG3PMDZR4G,,,,,,EU (London),AWS Region,eu-west-2,InterRegion Inbound,,USW2-EUW2-AWS-In-Bytes,,,,,,CVSGVCVG3PMDZR4G.JRTCKXETXF.6YS6EN2CT7,200619031426,USD,0.0000000000,0.0000000000,OnDemand,GB,,,,,,,,,,21100991773,,,,,,,,,,,,,,,
rpuf7ndlc7kx7qdusbykwkno53qis3ffoo3gxt6nx6wachtnrviq,2026-02-01T00:00:00Z/2026-03-01T00:00:00Z,,"Amazon Web Services, Inc.",AWS,Anniversary,595673262386,2026-02-01T00:00:00Z,2026-03-01T00:00:00Z,353545917793,Usage,2026-02-02T05:00:00Z,2026-02-02T09:00:00Z,AmazonCloudWatch,USW2-DataProcessing-Bytes,PutLogEvents,,arn:aws:logs:us-west-2:353545917793:log-group:/aws/codebuild/DevBackendBuildProject,0.0006613768,,,USD,0.0000000000,0.0000000000,0.0000000000,0.0000000000,First 5GB per month of log data ingested is free.,,"Amazon Web Services, Inc.",AmazonCloudWatch,,,,,,,,,,,,,,,,,,,,,,,,,,,,,,Ingested Logs,"Existing system, application, and custom log files",,,,,,,,,US West (Oregon),AWS Region,Amazon CloudWatch Logs,,,,,,,,,,,,,PutLogEvents,,,,,,Data Payload,,,,us-west-2,us-west-2,,,,,AmazonCloudWatch,AmazonCloudWatch,CWY7X4MZ4F3MP5SD,,,,,,,,,,,USW2-DataProcessing-Bytes,,Current,,,,CWY7X4MZ4F3MP5SD.A429C66SYZ.6YS6EN2CT7,313536233205,USD,0.0003306884,0.5000000000,,GB,,,,,,,,,,21100991796,,,,,,,,,,,,,,,
ff7ryzrtfw47y6cuj4nd62m7pq6s57xprjkcqzf3xmqanj3g3slq,2026-02-01T00:00:00Z/2026-03-01T00:00:00Z,,"Amazon Web Services, Inc.",AWS,Anniversary,595673262386,2026-02-01T00:00:00Z,2026-03-01T00:00:00Z,353545917793,Usage,2026-02-02T06:00:00Z,2026-02-02T08:00:00Z,AmazonCloudWatch,USW2-DataProcessing-Bytes,PutLogEvents,,arn:aws:logs:us-west-2:353545917793:log-group:/aws/codebuild/DevFrontendAdminBuildProject,0.0002151355,,,USD,0.0000000000,0.0000000000,0.0000000000,0.0000000000,First 5GB per month of log data ingested is free.,,"Amazon Web Services, Inc.",AmazonCloudWatch,,,,,,,,,,,,,,,,,,,,,,,,,,,,,,Ingested Logs,"Existing system, application, and custom log files",,,,,,,,,US West (Oregon),AWS Region,Amazon CloudWatch Logs,,,,,,,,,,,,,PutLogEvents,,,,,,Data Payload,,,,us-west-2,us-west-2,,,,,AmazonCloudWatch,AmazonCloudWatch,CWY7X4MZ4F3MP5SD,,,,,,,,,,,USW2-DataProcessing-Bytes,,Current,,,,CWY7X4MZ4F3MP5SD.A429C66SYZ.6YS6EN2CT7,313536233205,USD,0.0001075678,0.5000000000,,GB,,,,,,,,,,21100991796,,,,,,,,,,,,,,,
bw5tlbrf2ixefqdsxsmgbesvtwyeui4sjtswssiiprl5fleoquba,2026-02-01T00:00:00Z/2026-03-01T00:00:00Z,,"Amazon Web Services, Inc.",AWS,Anniversary,595673262386,2026-02-01T00:00:00Z,2026-03-01T00:00:00Z,353545917793,Usage,2026-02-02T05:00:00Z,2026-02-02T09:00:00Z,AmazonCloudWatch,USW2-DataProcessing-Bytes,PutLogEvents,,arn:aws:logs:us-west-2:353545917793:log-group:/aws/codebuild/SonarQube-Backend,0.0002344912,,,USD,0.0000000000,0.0000000000,0.0000000000,0.0000000000,First 5GB per month of log data ingested is free.,,"Amazon Web Services, Inc.",AmazonCloudWatch,,,,,,,,,,,,,,,,,,,,,,,,,,,,,,Ingested Logs,"Existing system, application, and custom log files",,,,,,,,,US West (Oregon),AWS Region,Amazon CloudWatch Logs,,,,,,,,,,,,,PutLogEvents,,,,,,Data Payload,,,,us-west-2,us-west-2,,,,,AmazonCloudWatch,AmazonCloudWatch,CWY7X4MZ4F3MP5SD,,,,,,,,,,,USW2-DataProcessing-Bytes,,Current,,,,CWY7X4MZ4F3MP5SD.A429C66SYZ.6YS6EN2CT7,313536233205,USD,0.0001172456,0.5000000000,,GB,,,,,,,,,,21100991796,,,,,,,,,,,,,,,
dr4uusld6ijjjlnvjfu2laozol27twlioyixqmaqbjcw3wlw7fdq,2026-02-01T00:00:00Z/2026-03-01T00:00:00Z,,"Amazon Web Services, Inc.",AWS,Anniversary,595673262386,2026-02-01T00:00:00Z,2026-03-01T00:00:00Z,353545917793,Usage,2026-02-02T06:00:00Z,2026-02-02T08:00:00Z,AmazonCloudWatch,USW2-DataProcessing-Bytes,PutLogEvents,,arn:aws:logs:us-west-2:353545917793:log-group:/aws/codebuild/SonarQube-Frontend-Admin,0.0000193417,,,USD,0.0000000000,0.0000000000,0.0000000000,0.0000000000,First 5GB per month of log data ingested is free.,,"Amazon Web Services, Inc.",AmazonCloudWatch,,,,,,,,,,,,,,,,,,,,,,,,,,,,,,Ingested Logs,"Existing system, application, and custom log files",,,,,,,,,US West (Oregon),AWS Region,Amazon CloudWatch Logs,,,,,,,,,,,,,PutLogEvents,,,,,,Data Payload,,,,us-west-2,us-west-2,,,,,AmazonCloudWatch,AmazonCloudWatch,CWY7X4MZ4F3MP5SD,,,,,,,,,,,USW2-DataProcessing-Bytes,,Current,,,,CWY7X4MZ4F3MP5SD.A429C66SYZ.6YS6EN2CT7,313536233205,USD,0.0000096709,0.5000000000,,GB,,,,,,,,,,21100991796,,,,,,,,,,,,,,,
vmdcrkkkebylcfp5bq6vcv2h5tnv4onel5pwhpffs3mfisjos6xa,2026-02-01T00:00:00Z/2026-03-01T00:00:00Z,,"Amazon Web Services, Inc.",AWS,Anniversary,595673262386,2026-02-01T00:00:00Z,2026-03-01T00:00:00Z,353545917793,Usage,2026-02-01T06:00:00Z,2026-02-02T11:00:00Z,AmazonCloudWatch,USW2-DataProcessing-Bytes,PutLogEvents,,arn:aws:logs:us-west-2:353545917793:log-group:/file-scan-app/logs,0.0000201111,,,USD,0.0000000000,0.0000000000,0.0000000000,0.0000000000,First 5GB per month of log data ingested is free.,,"Amazon Web Services, Inc.",AmazonCloudWatch,,,,,,,,,,,,,,,,,,,,,,,,,,,,,,Ingested Logs,"Existing system, application, and custom log files",,,,,,,,,US West (Oregon),AWS Region,Amazon CloudWatch Logs,,,,,,,,,,,,,PutLogEvents,,,,,,Data Payload,,,,us-west-2,us-west-2,,,,,AmazonCloudWatch,AmazonCloudWatch,CWY7X4MZ4F3MP5SD,,,,,,,,,,,USW2-DataProcessing-Bytes,,Current,,,,CWY7X4MZ4F3MP5SD.A429C66SYZ.6YS6EN2CT7,313536233205,USD,0.0000100556,0.5000000000,,GB,,,,,,,,,,21100991796,,,,,,,,,,,,,,,
sexbhti2w2xdmljpxqchaylqqzt2ggrvz5eaor7bdax7mdfcprfq,2026-02-01T00:00:00Z/2026-03-01T00:00:00Z,,"Amazon Web Services, Inc.",AWS,Anniversary,595673262386,2026-02-01T00:00:00Z,2026-03-01T00:00:00Z,353545917793,Usage,2026-02-01T20:00:00Z,2026-02-02T11:00:00Z,AmazonCloudWatch,USW2-DataProcessing-Bytes,PutLogEvents,,arn:aws:logs:us-west-2:353545917793:log-group:Dev-ComplaintCMS-Logs,0.0088949195,,,USD,0.0000000000,0.0000000000,0.0000000000,0.0000000000,First 5GB per month of log data ingested is free.,,"Amazon Web Services, Inc.",AmazonCloudWatch,,,,,,,,,,,,,,,,,,,,,,,,,,,,,,Ingested Logs,"Existing system, application, and custom log files",,,,,,,,,US West (Oregon),AWS Region,Amazon CloudWatch Logs,,,,,,,,,,,,,PutLogEvents,,,,,,Data Payload,,,,us-west-2,us-west-2,,,,,AmazonCloudWatch,AmazonCloudWatch,CWY7X4MZ4F3MP5SD,,,,,,,,,,,USW2-DataProcessing-Bytes,,Current,,,,CWY7X4MZ4F3MP5SD.A429C66SYZ.6YS6EN2CT7,313536233205,USD,0.0044474598,0.5000000000,,GB,,,,,,,,,,21100991796,,,,,,,,,,,,,,,
ua5xv4ugmedx5bn7l5rqvzsu7kbicwtx2g5543nxxdpjvt5x26rq,2026-02-01T00:00:00Z/2026-03-01T00:00:00Z,,"Amazon Web Services, Inc.",AWS,Anniversary,595673262386,2026-02-01T00:00:00Z,2026-03-01T00:00:00Z,353545917793,Usage,2026-02-01T02:00:00Z,2026-02-02T11:00:00Z,AmazonCloudWatch,USW2-DataProcessing-Bytes,PutLogEvents,,arn:aws:logs:us-west-2:353545917793:log-group:Prod-ComplaintCMS-Logs,0.0774336989,,,USD,0.0000000000,0.0000000000,0.0000000000,0.0000000000,First 5GB per month of log data ingested is free.,,"Amazon Web Services, Inc.",AmazonCloudWatch,,,,,,,,,,,,,,,,,,,,,,,,,,,,,,Ingested Logs,"Existing system, application, and custom log files",,,,,,,,,US West (Oregon),AWS Region,Amazon CloudWatch Logs,,,,,,,,,,,,,PutLogEvents,,,,,,Data Payload,,,,us-west-2,us-west-2,,,,,AmazonCloudWatch,AmazonCloudWatch,CWY7X4MZ4F3MP5SD,,,,,,,,,,,USW2-DataProcessing-Bytes,,Current,,,,CWY7X4MZ4F3MP5SD.A429C66SYZ.6YS6EN2CT7,313536233205,USD,0.0387168495,0.5000000000,,GB,,,,,,,,,,21100991796,,,,,,,,,,,,,,,
lm6blf2pmqviwjtdlrsiyiybu7bz2t4ukijuwl57pi7zdjelgtyq,2026-02-01T00:00:00Z/2026-03-01T00:00:00Z,,"Amazon Web Services, Inc.",AWS,Anniversary,595673262386,2026-02-01T00:00:00Z,2026-03-01T00:00:00Z,353545917793,Usage,2026-02-02T06:00:00Z,2026-02-02T08:00:00Z,AmazonCloudWatch,USW2-DataProcessing-Bytes,PutLogEvents,,arn:aws:logs:us-west-2:353545917793:log-group:Uat-ComplaintCMS-Logs,0.0009558062,,,USD,0.0000000000,0.0000000000,0.0000000000,0.0000000000,First 5GB per month of log data ingested is free.,,"Amazon Web Services, Inc.",AmazonCloudWatch,,,,,,,,,,,,,,,,,,,,,,,,,,,,,,Ingested Logs,"Existing system, application, and custom log files",,,,,,,,,US West (Oregon),AWS Region,Amazon CloudWatch Logs,,,,,,,,,,,,,PutLogEvents,,,,,,Data Payload,,,,us-west-2,us-west-2,,,,,AmazonCloudWatch,AmazonCloudWatch,CWY7X4MZ4F3MP5SD,,,,,,,,,,,USW2-DataProcessing-Bytes,,Current,,,,CWY7X4MZ4F3MP5SD.A429C66SYZ.6YS6EN2CT7,313536233205,USD,0.0004779031,0.5000000000,,GB,,,,,,,,,,21100991796,,,,,,,,,,,,,,,
7oe6moydgmxkayhaqwymy5jgvubsogt4nht6pjjvr3ezvsdtlrfq,2026-02-01T00:00:00Z/2026-03-01T00:00:00Z,,"Amazon Web Services, Inc.",AWS,Anniversary,595673262386,2026-02-01T00:00:00Z,2026-03-01T00:00:00Z,353545917793,Usage,2026-02-02T05:00:00Z,2026-02-02T09:00:00Z,AmazonS3,USW2-Requests-Tier1,CompleteMultipartUpload,,backendstack-backendartifactbucket48723263-3spbxgacohfr,5.0000000000,,,USD,0.0000000000,0.0000000000,0.0000000000,0.0000000000,"$0.00 per request - PUT, COPY, POST, or LIST requests under the monthly global free tier",,"Amazon Web Services, Inc.",Amazon Simple Storage Service,,,,,,,,,,,,,,,,,,,,,,,,,,,,,,S3-API-Tier1,PUT/COPY/POST or LIST requests,,,,,,,,,US West (Oregon),AWS Region,,,,,,,,,,,,,,,,,,,,API Request,,,,us-west-2,us-west-2,,,,,AmazonS3,Amazon Simple Storage Service,D4PMUVH6F64HK2D6,,,,,,,,,,,USW2-Requests-Tier1,,,,,,D4PMUVH6F64HK2D6.A429C66SYZ.6YS6EN2CT7,327159826138,USD,0.0000250000,0.0000050000,,Requests,,,,,,,,,,21100991763,,,,,,,,,,,,,,,
o2ipvenfdi2cigsetcvuxoibx4cxxkuaidyfgoahtrvgpt3ogdha,2026-02-01T00:00:00Z/2026-03-01T00:00:00Z,,"Amazon Web Services, Inc.",AWS,Anniversary,595673262386,2026-02-01T00:00:00Z,2026-03-01T00:00:00Z,353545917793,Usage,2026-02-02T06:00:00Z,2026-02-02T08:00:00Z,AmazonS3,USW2-Requests-Tier1,CompleteMultipartUpload,,frontendstack-artifactbucketadmind30278b4-yfqewhl6wdjr,4.0000000000,,,USD,0.0000000000,0.0000000000,0.0000000000,0.0000000000,"$0.00 per request - PUT, COPY, POST, or LIST requests under the monthly global free tier",,"Amazon Web Services, Inc.",Amazon Simple Storage Service,,,,,,,,,,,,,,,,,,,,,,,,,,,,,,S3-API-Tier1,PUT/COPY/POST or LIST requests,,,,,,,,,US West (Oregon),AWS Region,,,,,,,,,,,,,,,,,,,,API Request,,,,us-west-2,us-west-2,,,,,AmazonS3,Amazon Simple Storage Service,D4PMUVH6F64HK2D6,,,,,,,,,,,USW2-Requests-Tier1,,,,,,D4PMUVH6F64HK2D6.A429C66SYZ.6YS6EN2CT7,327159826138,USD,0.0000200000,0.0000050000,,Requests,,,,,,,,,,21100991763,,,,,,,,,,,,,,,
5mr7maoajee2pixpehp5l7n2fx5ueui4khoqliclpy2szfdzh4ha,2026-02-01T00:00:00Z/2026-03-01T00:00:00Z,,"Amazon Web Services, Inc.",AWS,Anniversary,595673262386,2026-02-01T00:00:00Z,2026-03-01T00:00:00Z,353545917793,Usage,2026-02-02T05:00:00Z,2026-02-02T09:00:00Z,AmazonS3,USW2-Requests-Tier1,InitiateMultipartUpload,,backendstack-backendartifactbucket48723263-3spbxgacohfr,5.0000000000,,,USD,0.0000000000,0.0000000000,0.0000000000,0.0000000000,"$0.00 per request - PUT, COPY, POST, or LIST requests under the monthly global free tier",,"Amazon Web Services, Inc.",Amazon Simple Storage Service,,,,,,,,,,,,,,,,,,,,,,,,,,,,,,S3-API-Tier1,PUT/COPY/POST or LIST requests,,,,,,,,,US West (Oregon),AWS Region,,,,,,,,,,,,,,,,,,,,API Request,,,,us-west-2,us-west-2,,,,,AmazonS3,Amazon Simple Storage Service,D4PMUVH6F64HK2D6,,,,,,,,,,,USW2-Requests-Tier1,,,,,,D4PMUVH6F64HK2D6.A429C66SYZ.6YS6EN2CT7,327159826138,USD,0.0000250000,0.0000050000,,Requests,,,,,,,,,,21100991763,,,,,,,,,,,,,,,
nuuqgh5xojjdlnwtcvtunbfqpyn3tkaidumzodluwai6pib3yq7a,2026-02-01T00:00:00Z/2026-03-01T00:00:00Z,,"Amazon Web Services, Inc.",AWS,Anniversary,595673262386,2026-02-01T00:00:00Z,2026-03-01T00:00:00Z,353545917793,Usage,2026-02-02T06:00:00Z,2026-02-02T08:00:00Z,AmazonS3,USW2-Requests-Tier1,InitiateMultipartUpload,,frontendstack-artifactbucketadmind30278b4-yfqewhl6wdjr,4.0000000000,,,USD,0.0000000000,0.0000000000,0.0000000000,0.0000000000,"$0.00 per request - PUT, COPY, POST, or LIST requests under the monthly global free tier",,"Amazon Web Services, Inc.",Amazon Simple Storage Service,,,,,,,,,,,,,,,,,,,,,,,,,,,,,,S3-API-Tier1,PUT/COPY/POST or LIST requests,,,,,,,,,US West (Oregon),AWS Region,,,,,,,,,,,,,,,,,,,,API Request,,,,us-west-2,us-west-2,,,,,AmazonS3,Amazon Simple Storage Service,D4PMUVH6F64HK2D6,,,,,,,,,,,USW2-Requests-Tier1,,,,,,D4PMUVH6F64HK2D6.A429C66SYZ.6YS6EN2CT7,327159826138,USD,0.0000200000,0.0000050000,,Requests,,,,,,,,,,21100991763,,,,,,,,,,,,,,,
jledlnapsqmdomg373pdvqro4mx5p7dnru5oiytrsamm4tomjtkq,2026-02-01T00:00:00Z/2026-03-01T00:00:00Z,,"Amazon Web Services, Inc.",AWS,Anniversary,595673262386,2026-02-01T00:00:00Z,2026-03-01T00:00:00Z,353545917793,Usage,2026-02-02T07:00:00Z,2026-02-02T08:00:00Z,AmazonS3,USW2-Requests-Tier1,ListBucket,,athena-logs-xyz123,5.0000000000,,,USD,0.0000000000,0.0000000000,0.0000000000,0.0000000000,"$0.00 per request - PUT, COPY, POST, or LIST requests under the monthly global free tier",,"Amazon Web Services, Inc.",Amazon Simple Storage Service,,,,,,,,,,,,,,,,,,,,,,,,,,,,,,S3-API-Tier1,PUT/COPY/POST or LIST requests,,,,,,,,,US West (Oregon),AWS Region,,,,,,,,,,,,,,,,,,,,API Request,,,,us-west-2,us-west-2,,,,,AmazonS3,Amazon Simple Storage Service,D4PMUVH6F64HK2D6,,,,,,,,,,,USW2-Requests-Tier1,,,,,,D4PMUVH6F64HK2D6.A429C66SYZ.6YS6EN2CT7,327159826138,USD,0.0000250000,0.0000050000,,Requests,,,,,,,,,,21100991763,,,,,,,,,,,,,,,
54zeyx6dwjz4si7w6e754ltkos4ck5feapcttso7xccngufhyiea,2026-02-01T00:00:00Z/2026-03-01T00:00:00Z,,"Amazon Web Services, Inc.",AWS,Anniversary,595673262386,2026-02-01T00:00:00Z,2026-03-01T00:00:00Z,353545917793,Usage,2026-02-02T07:00:00Z,2026-02-02T11:00:00Z,AmazonS3,USW2-Requests-Tier1,ListBucket,,attachment-bucket-11222,7.0000000000,,,USD,0.0000000000,0.0000000000,0.0000000000,0.0000000000,"$0.00 per request - PUT, COPY, POST, or LIST requests under the monthly global free tier",,"Amazon Web Services, Inc.",Amazon Simple Storage Service,,,,,,,,,,,,,,,,,,,,,,,,,,,,,,S3-API-Tier1,PUT/COPY/POST or LIST requests,,,,,,,,,US West (Oregon),AWS Region,,,,,,,,,,,,,,,,,,,,API Request,,,,us-west-2,us-west-2,,,,,AmazonS3,Amazon Simple Storage Service,D4PMUVH6F64HK2D6,,,,,,,,,,,USW2-Requests-Tier1,,,,,,D4PMUVH6F64HK2D6.A429C66SYZ.6YS6EN2CT7,327159826138,USD,0.0000350000,0.0000050000,,Requests,,,,,,,,,,21100991763,,,,,,,,,,,,,,,
nbhnioll3uq6p3eym7sblvttmi3mgx33sa2bnfkvkhjgxscypbpq,2026-02-01T00:00:00Z/2026-03-01T00:00:00Z,,"Amazon Web Services, Inc.",AWS,Anniversary,595673262386,2026-02-01T00:00:00Z,2026-03-01T00:00:00Z,353545917793,Usage,2026-02-01T18:00:00Z,2026-02-01T20:00:00Z,AmazonS3,USW2-Requests-Tier1,ListBucket,,cdk-hnb659fds-assets-353545917793-us-west-2,5.0000000000,,,USD,0.0000000000,0.0000000000,0.0000000000,0.0000000000,"$0.00 per request - PUT, COPY, POST, or LIST requests under the monthly global free tier",,"Amazon Web Services, Inc.",Amazon Simple Storage Service,,,,,,,,,,,,,,,,,,,,,,,,,,,,,,S3-API-Tier1,PUT/COPY/POST or LIST requests,,,,,,,,,US West (Oregon),AWS Region,,,,,,,,,,,,,,,,,,,,API Request,,,,us-west-2,us-west-2,,,,,AmazonS3,Amazon Simple Storage Service,D4PMUVH6F64HK2D6,,,,,,,,,,,USW2-Requests-Tier1,,,,,,D4PMUVH6F64HK2D6.A429C66SYZ.6YS6EN2CT7,327159826138,USD,0.0000250000,0.0000050000,,Requests,,,,,,,,,,21100991763,,,,,,,,,,,,,,,
vbpxginmayg5jft3xxqs7zgc7oc7ov4vqt4vqjxxtocnz76ieywq,2026-02-01T00:00:00Z/2026-03-01T00:00:00Z,,"Amazon Web Services, Inc.",AWS,Anniversary,595673262386,2026-02-01T00:00:00Z,2026-03-01T00:00:00Z,353545917793,Usage,2026-02-02T09:00:00Z,2026-02-02T10:00:00Z,AmazonS3,USW2-Requests-Tier1,ListBucket,,dplit-monthly-billing-reports,1.0000000000,,,USD,0.0000000000,0.0000000000,0.0000000000,0.0000000000,"$0.00 per request - PUT, COPY, POST, or LIST requests under the monthly global free tier",,"Amazon Web Services, Inc.",Amazon Simple Storage Service,,,,,,,,,,,,,,,,,,,,,,,,,,,,,,S3-API-Tier1,PUT/COPY/POST or LIST requests,,,,,,,,,US West (Oregon),AWS Region,,,,,,,,,,,,,,,,,,,,API Request,,,,us-west-2,us-west-2,,,,,AmazonS3,Amazon Simple Storage Service,D4PMUVH6F64HK2D6,,,,,,,,,,,USW2-Requests-Tier1,,,,,,D4PMUVH6F64HK2D6.A429C66SYZ.6YS6EN2CT7,327159826138,USD,0.0000050000,0.0000050000,,Requests,,,,,,,,,,21100991763,,,,,,,,,,,,,,,
xztlre6y44hog2gsi3glu2qiz2ia5wcsvxbiepa2fsdjr3wtquea,2026-02-01T00:00:00Z/2026-03-01T00:00:00Z,,"Amazon Web Services, Inc.",AWS,Anniversary,595673262386,2026-02-01T00:00:00Z,2026-03-01T00:00:00Z,353545917793,Usage,2026-02-02T07:00:00Z,2026-02-02T09:00:00Z,AmazonS3,USW2-Requests-Tier1,ListBucket,,model-usage-sindh-obudsman,20.0000000000,,,USD,0.0000000000,0.0000000000,0.0000000000,0.0000000000,"$0.00 per request - PUT, COPY, POST, or LIST requests under the monthly global free tier",,"Amazon Web Services, Inc.",Amazon Simple Storage Service,,,,,,,,,,,,,,,,,,,,,,,,,,,,,,S3-API-Tier1,PUT/COPY/POST or LIST requests,,,,,,,,,US West (Oregon),AWS Region,,,,,,,,,,,,,,,,,,,,API Request,,,,us-west-2,us-west-2,,,,,AmazonS3,Amazon Simple Storage Service,D4PMUVH6F64HK2D6,,,,,,,,,,,USW2-Requests-Tier1,,,,,,D4PMUVH6F64HK2D6.A429C66SYZ.6YS6EN2CT7,327159826138,USD,0.0001000000,0.0000050000,,Requests,,,,,,,,,,21100991763,,,,,,,,,,,,,,,
pjpnvn36qzrvbkhj5gxvsrap3aofbthkvtzadqh5s6ga2cuujtla,2026-02-01T00:00:00Z/2026-03-01T00:00:00Z,,"Amazon Web Services, Inc.",AWS,Anniversary,595673262386,2026-02-01T00:00:00Z,2026-03-01T00:00:00Z,353545917793,Usage,2026-02-02T09:00:00Z,2026-02-02T11:00:00Z,AmazonS3,USW2-Requests-Tier1,ListBucket,,s3bucketforizza,6.0000000000,,,USD,0.0000000000,0.0000000000,0.0000000000,0.0000000000,"$0.00 per request - PUT, COPY, POST, or LIST requests under the monthly global free tier",,"Amazon Web Services, Inc.",Amazon Simple Storage Service,,,,,,,,,,,,,,,,,,,,,,,,,,,,,,S3-API-Tier1,PUT/COPY/POST or LIST requests,,,,,,,,,US West (Oregon),AWS Region,,,,,,,,,,,,,,,,,,,,API Request,,,,us-west-2,us-west-2,,,,,AmazonS3,Amazon Simple Storage Service,D4PMUVH6F64HK2D6,,,,,,,,,,,USW2-Requests-Tier1,,,,,,D4PMUVH6F64HK2D6.A429C66SYZ.6YS6EN2CT7,327159826138,USD,0.0000300000,0.0000050000,,Requests,,,,,,,,,,21100991763,,,,,,,,,,,,,,,
dvk2kyvwkihog7vyqssdq45kogwpaqy3wovd6ynkuitawgyyxtiq,2026-02-01T00:00:00Z/2026-03-01T00:00:00Z,,"Amazon Web Services, Inc.",AWS,Anniversary,595673262386,2026-02-01T00:00:00Z,2026-03-01T00:00:00Z,353545917793,Usage,2026-02-01T02:00:00Z,2026-02-02T11:00:00Z,AmazonS3,USW2-Requests-Tier1,ListBucket,,s3stack-userfileuploadbucketprod5670d977-cc1o6umd6ksg,188.0000000000,,,USD,0.0000000000,0.0000000000,0.0000000000,0.0000000000,"$0.00 per request - PUT, COPY, POST, or LIST requests under the monthly global free tier",,"Amazon Web Services, Inc.",Amazon Simple Storage Service,,,,,,,,,,,,,,,,,,,,,,,,,,,,,,S3-API-Tier1,PUT/COPY/POST or LIST requests,,,,,,,,,US West (Oregon),AWS Region,,,,,,,,,,,,,,,,,,,,API Request,,,,us-west-2,us-west-2,,,,,AmazonS3,Amazon Simple Storage Service,D4PMUVH6F64HK2D6,,,,,,,,,,,USW2-Requests-Tier1,,,,,,D4PMUVH6F64HK2D6.A429C66SYZ.6YS6EN2CT7,327159826138,USD,0.0009400000,0.0000050000,,Requests,,,,,,,,,,21100991763,,,,,,,,,,,,,,,
ixcmdpegtn6goei4v2ilon5c5d4wiwh7pbkezphax2j5a54os4xq,2026-02-01T00:00:00Z/2026-03-01T00:00:00Z,,"Amazon Web Services, Inc.",AWS,Anniversary,595673262386,2026-02-01T00:00:00Z,2026-03-01T00:00:00Z,353545917793,Usage,2026-02-02T05:00:00Z,2026-02-02T09:00:00Z,AmazonS3,USW2-Requests-Tier1,PutObject,,backendstack-backendartifactbucket48723263-3spbxgacohfr,5.0000000000,,,USD,0.0000000000,0.0000000000,0.0000000000,0.0000000000,"$0.00 per request - PUT, COPY, POST, or LIST requests under the monthly global free tier",,"Amazon Web Services, Inc.",Amazon Simple Storage Service,,,,,,,,,,,,,,,,,,,,,,,,,,,,,,S3-API-Tier1,PUT/COPY/POST or LIST requests,,,,,,,,,US West (Oregon),AWS Region,,,,,,,,,,,,,,,,,,,,API Request,,,,us-west-2,us-west-2,,,,,AmazonS3,Amazon Simple Storage Service,D4PMUVH6F64HK2D6,,,,,,,,,,,USW2-Requests-Tier1,,,,,,D4PMUVH6F64HK2D6.A429C66SYZ.6YS6EN2CT7,327159826138,USD,0.0000250000,0.0000050000,,Requests,,,,,,,,,,21100991763,,,,,,,,,,,,,,,
as32a4iinc5wavzoh6vb6fvb5oeezbn4txaxmbweyrjafpnlj3nq,2026-02-01T00:00:00Z/2026-03-01T00:00:00Z,,"Amazon Web Services, Inc.",AWS,Anniversary,595673262386,2026-02-01T00:00:00Z,2026-03-01T00:00:00Z,353545917793,Usage,2026-02-01T18:00:00Z,2026-02-01T19:00:00Z,AmazonS3,USW2-Requests-Tier1,PutObject,,cdk-hnb659fds-assets-353545917793-us-west-2,2.0000000000,,,USD,0.0000000000,0.0000000000,0.0000000000,0.0000000000,"$0.00 per request - PUT, COPY, POST, or LIST requests under the monthly global free tier",,"Amazon Web Services, Inc.",Amazon Simple Storage Service,,,,,,,,,,,,,,,,,,,,,,,,,,,,,,S3-API-Tier1,PUT/COPY/POST or LIST requests,,,,,,,,,US West (Oregon),AWS Region,,,,,,,,,,,,,,,,,,,,API Request,,,,us-west-2,us-west-2,,,,,AmazonS3,Amazon Simple Storage Service,D4PMUVH6F64HK2D6,,,,,,,,,,,USW2-Requests-Tier1,,,,,,D4PMUVH6F64HK2D6.A429C66SYZ.6YS6EN2CT7,327159826138,USD,0.0000100000,0.0000050000,,Requests,,,,,,,,,,21100991763,,,,,,,,,,,,,,,
mycowzz547ovcewtigqq2sluswxsur5raxgstxeqnqe47chyzoaa,2026-02-01T00:00:00Z/2026-03-01T00:00:00Z,,"Amazon Web Services, Inc.",AWS,Anniversary,595673262386,2026-02-01T00:00:00Z,2026-03-01T00:00:00Z,353545917793,Usage,2026-02-01T00:00:00Z,2026-02-02T11:00:00Z,AmazonS3,USW2-Requests-Tier1,PutObject,,cms-elb-logs-prod-xyz,634.0000000000,,,USD,0.0000000000,0.0000000000,0.0000000000,0.0000000000,"$0.00 per request - PUT, COPY, POST, or LIST requests under the monthly global free tier",,"Amazon Web Services, Inc.",Amazon Simple Storage Service,,,,,,,,,,,,,,,,,,,,,,,,,,,,,,S3-API-Tier1,PUT/COPY/POST or LIST requests,,,,,,,,,US West (Oregon),AWS Region,,,,,,,,,,,,,,,,,,,,API Request,,,,us-west-2,us-west-2,,,,,AmazonS3,Amazon Simple Storage Service,D4PMUVH6F64HK2D6,,,,,,,,,,,USW2-Requests-Tier1,,,,,,D4PMUVH6F64HK2D6.A429C66SYZ.6YS6EN2CT7,327159826138,USD,0.0031700000,0.0000050000,,Requests,,,,,,,,,,21100991763,,,,,,,,,,,,,,,
y626dczdzvfepgemlybeqjpresca7zt6gatqyut2xrchyynrdkga,2026-02-01T00:00:00Z/2026-03-01T00:00:00Z,,"Amazon Web Services, Inc.",AWS,Anniversary,595673262386,2026-02-01T00:00:00Z,2026-03-01T00:00:00Z,353545917793,Usage,2026-02-02T07:00:00Z,2026-02-02T08:00:00Z,AmazonS3,USW2-Requests-Tier1,PutObject,,dplit-monthly-billing-reports,2.0000000000,,,USD,0.0000000000,0.0000000000,0.0000000000,0.0000000000,"$0.00 per request - PUT, COPY, POST, or LIST requests under the monthly global free tier",,"Amazon Web Services, Inc.",Amazon Simple Storage Service,,,,,,,,,,,,,,,,,,,,,,,,,,,,,,S3-API-Tier1,PUT/COPY/POST or LIST requests,,,,,,,,,US West (Oregon),AWS Region,,,,,,,,,,,,,,,,,,,,API Request,,,,us-west-2,us-west-2,,,,,AmazonS3,Amazon Simple Storage Service,D4PMUVH6F64HK2D6,,,,,,,,,,,USW2-Requests-Tier1,,,,,,D4PMUVH6F64HK2D6.A429C66SYZ.6YS6EN2CT7,327159826138,USD,0.0000100000,0.0000050000,,Requests,,,,,,,,,,21100991763,,,,,,,,,,,,,,,
zhd3lnylj2cpyrgsafgrwm35h7x3gnw2kyugxfh5tyzp4qgs4ytq,2026-02-01T00:00:00Z/2026-03-01T00:00:00Z,,"Amazon Web Services, Inc.",AWS,Anniversary,595673262386,2026-02-01T00:00:00Z,2026-03-01T00:00:00Z,353545917793,Usage,2026-02-02T07:00:00Z,2026-02-02T08:00:00Z,AmazonS3,USW2-Requests-Tier1,PutObject,,model-usage-sindh-obudsman,1.0000000000,,,USD,0.0000000000,0.0000000000,0.0000000000,0.0000000000,"$0.00 per request - PUT, COPY, POST, or LIST requests under the monthly global free tier",,"Amazon Web Services, Inc.",Amazon Simple Storage Service,,,,,,,,,,,,,,,,,,,,,,,,,,,,,,S3-API-Tier1,PUT/COPY/POST or LIST requests,,,,,,,,,US West (Oregon),AWS Region,,,,,,,,,,,,,,,,,,,,API Request,,,,us-west-2,us-west-2,,,,,AmazonS3,Amazon Simple Storage Service,D4PMUVH6F64HK2D6,,,,,,,,,,,USW2-Requests-Tier1,,,,,,D4PMUVH6F64HK2D6.A429C66SYZ.6YS6EN2CT7,327159826138,USD,0.0000050000,0.0000050000,,Requests,,,,,,,,,,21100991763,,,,,,,,,,,,,,,
jeyfxfodjmfsqqtsp5wkcxfk6z5cxuohp3ai55i4u5box3mlwv7a,2026-02-01T00:00:00Z/2026-03-01T00:00:00Z,,"Amazon Web Services, Inc.",AWS,Anniversary,595673262386,2026-02-01T00:00:00Z,2026-03-01T00:00:00Z,353545917793,Usage,2026-02-02T07:00:00Z,2026-02-02T08:00:00Z,AmazonS3,USW2-Requests-Tier1,PutObject,,s3stack-userfileuploadbucket259f036a-aoe8urrbevxw,2.0000000000,,,USD,0.0000000000,0.0000000000,0.0000000000,0.0000000000,"$0.00 per request - PUT, COPY, POST, or LIST requests under the monthly global free tier",,"Amazon Web Services, Inc.",Amazon Simple Storage Service,,,,,,,,,,,,,,,,,,,,,,,,,,,,,,S3-API-Tier1,PUT/COPY/POST or LIST requests,,,,,,,,,US West (Oregon),AWS Region,,,,,,,,,,,,,,,,,,,,API Request,,,,us-west-2,us-west-2,,,,,AmazonS3,Amazon Simple Storage Service,D4PMUVH6F64HK2D6,,,,,,,,,,,USW2-Requests-Tier1,,,,,,D4PMUVH6F64HK2D6.A429C66SYZ.6YS6EN2CT7,327159826138,USD,0.0000100000,0.0000050000,,Requests,,,,,,,,,,21100991763,,,,,,,,,,,,,,,
egxdclwtaei3zlrbrealjgjumzraqn2uxnquvd6gomkidkhhzbwa,2026-02-01T00:00:00Z/2026-03-01T00:00:00Z,,"Amazon Web Services, Inc.",AWS,Anniversary,595673262386,2026-02-01T00:00:00Z,2026-03-01T00:00:00Z,353545917793,Usage,2026-02-01T06:00:00Z,2026-02-02T11:00:00Z,AmazonS3,USW2-Requests-Tier1,PutObject,,s3stack-userfileuploadbucketprod5670d977-cc1o6umd6ksg,247.0000000000,,,USD,0.0000000000,0.0000000000,0.0000000000,0.0000000000,"$0.00 per request - PUT, COPY, POST, or LIST requests under the monthly global free tier",,"Amazon Web Services, Inc.",Amazon Simple Storage Service,,,,,,,,,,,,,,,,,,,,,,,,,,,,,,S3-API-Tier1,PUT/COPY/POST or LIST requests,,,,,,,,,US West (Oregon),AWS Region,,,,,,,,,,,,,,,,,,,,API Request,,,,us-west-2,us-west-2,,,,,AmazonS3,Amazon Simple Storage Service,D4PMUVH6F64HK2D6,,,,,,,,,,,USW2-Requests-Tier1,,,,,,D4PMUVH6F64HK2D6.A429C66SYZ.6YS6EN2CT7,327159826138,USD,0.0012350000,0.0000050000,,Requests,,,,,,,,,,21100991763,,,,,,,,,,,,,,,
vg57tg2rzglpombh3wr7s3timgrwtxewpcgrbu6tzdjvvytnrzcq,2026-02-01T00:00:00Z/2026-03-01T00:00:00Z,,"Amazon Web Services, Inc.",AWS,Anniversary,595673262386,2026-02-01T00:00:00Z,2026-03-01T00:00:00Z,353545917793,Usage,2026-02-02T06:00:00Z,2026-02-02T08:00:00Z,AmazonS3,USW2-Requests-Tier1,PutObject,,s3stack-userfileuploadbucketuat0d968125-iadazn2jspsp,6.0000000000,,,USD,0.0000000000,0.0000000000,0.0000000000,0.0000000000,"$0.00 per request - PUT, COPY, POST, or LIST requests under the monthly global free tier",,"Amazon Web Services, Inc.",Amazon Simple Storage Service,,,,,,,,,,,,,,,,,,,,,,,,,,,,,,S3-API-Tier1,PUT/COPY/POST or LIST requests,,,,,,,,,US West (Oregon),AWS Region,,,,,,,,,,,,,,,,,,,,API Request,,,,us-west-2,us-west-2,,,,,AmazonS3,Amazon Simple Storage Service,D4PMUVH6F64HK2D6,,,,,,,,,,,USW2-Requests-Tier1,,,,,,D4PMUVH6F64HK2D6.A429C66SYZ.6YS6EN2CT7,327159826138,USD,0.0000300000,0.0000050000,,Requests,,,,,,,,,,21100991763,,,,,,,,,,,,,,,
twco7kjyjf2gul3u4g53sgbyhs7hpbtwwv7n6ouik5n2wj4uhi2a,2026-02-01T00:00:00Z/2026-03-01T00:00:00Z,,"Amazon Web Services, Inc.",AWS,Anniversary,595673262386,2026-02-01T00:00:00Z,2026-03-01T00:00:00Z,353545917793,Usage,2026-02-02T05:00:00Z,2026-02-02T09:00:00Z,AmazonS3,USW2-Requests-Tier1,UploadPart,,backendstack-backendartifactbucket48723263-3spbxgacohfr,5.0000000000,,,USD,0.0000000000,0.0000000000,0.0000000000,0.0000000000,"$0.00 per request - PUT, COPY, POST, or LIST requests under the monthly global free tier",,"Amazon Web Services, Inc.",Amazon Simple Storage Service,,,,,,,,,,,,,,,,,,,,,,,,,,,,,,S3-API-Tier1,PUT/COPY/POST or LIST requests,,,,,,,,,US West (Oregon),AWS Region,,,,,,,,,,,,,,,,,,,,API Request,,,,us-west-2,us-west-2,,,,,AmazonS3,Amazon Simple Storage Service,D4PMUVH6F64HK2D6,,,,,,,,,,,USW2-Requests-Tier1,,,,,,D4PMUVH6F64HK2D6.A429C66SYZ.6YS6EN2CT7,327159826138,USD,0.0000250000,0.0000050000,,Requests,,,,,,,,,,21100991763,,,,,,,,,,,,,,,
ckanjnx3nqiodfclaulhffmzqfeggelwgwamahizff73a2nffiua,2026-02-01T00:00:00Z/2026-03-01T00:00:00Z,,"Amazon Web Services, Inc.",AWS,Anniversary,595673262386,2026-02-01T00:00:00Z,2026-03-01T00:00:00Z,353545917793,Usage,2026-02-02T06:00:00Z,2026-02-02T08:00:00Z,AmazonS3,USW2-Requests-Tier1,UploadPart,,frontendstack-artifactbucketadmind30278b4-yfqewhl6wdjr,16.0000000000,,,USD,0.0000000000,0.0000000000,0.0000000000,0.0000000000,"$0.00 per request - PUT, COPY, POST, or LIST requests under the monthly global free tier",,"Amazon Web Services, Inc.",Amazon Simple Storage Service,,,,,,,,,,,,,,,,,,,,,,,,,,,,,,S3-API-Tier1,PUT/COPY/POST or LIST requests,,,,,,,,,US West (Oregon),AWS Region,,,,,,,,,,,,,,,,,,,,API Request,,,,us-west-2,us-west-2,,,,,AmazonS3,Amazon Simple Storage Service,D4PMUVH6F64HK2D6,,,,,,,,,,,USW2-Requests-Tier1,,,,,,D4PMUVH6F64HK2D6.A429C66SYZ.6YS6EN2CT7,327159826138,USD,0.0000800000,0.0000050000,,Requests,,,,,,,,,,21100991763,,,,,,,,,,,,,,,
r2uqg2766f4viboezxzxccvinghtpgzbuxpewaytshg3uwr2hbna,2026-02-01T00:00:00Z/2026-03-01T00:00:00Z,,"Amazon Web Services, Inc.",AWS,Anniversary,595673262386,2026-02-01T00:00:00Z,2026-03-01T00:00:00Z,353545917793,Usage,2026-02-02T07:00:00Z,2026-02-02T08:00:00Z,AmazonS3,USW2-Requests-Tier1,WriteBucketPolicy,,dplit-monthly-billing-reports,1.0000000000,,,USD,0.0000000000,0.0000000000,0.0000000000,0.0000000000,"$0.00 per request - PUT, COPY, POST, or LIST requests under the monthly global free tier",,"Amazon Web Services, Inc.",Amazon Simple Storage Service,,,,,,,,,,,,,,,,,,,,,,,,,,,,,,S3-API-Tier1,PUT/COPY/POST or LIST requests,,,,,,,,,US West (Oregon),AWS Region,,,,,,,,,,,,,,,,,,,,API Request,,,,us-west-2,us-west-2,,,,,AmazonS3,Amazon Simple Storage Service,D4PMUVH6F64HK2D6,,,,,,,,,,,USW2-Requests-Tier1,,,,,,D4PMUVH6F64HK2D6.A429C66SYZ.6YS6EN2CT7,327159826138,USD,0.0000050000,0.0000050000,,Requests,,,,,,,,,,21100991763,,,,,,,,,,,,,,,
utt6abwfgfwzzn2bzud2yu3ecwgigwbfdxn6ukoyiqqv62ypbtma,2026-02-01T00:00:00Z/2026-03-01T00:00:00Z,,"Amazon Web Services, Inc.",AWS,Anniversary,595673262386,2026-02-01T00:00:00Z,2026-03-01T00:00:00Z,353545917793,Usage,2026-02-02T07:00:00Z,2026-02-02T08:00:00Z,AmazonS3,USW2-Requests-Tier1,WriteBucketServerSideEncryption,,dplit-monthly-billing-reports,1.0000000000,,,USD,0.0000000000,0.0000000000,0.0000000000,0.0000000000,"$0.00 per request - PUT, COPY, POST, or LIST requests under the monthly global free tier",,"Amazon Web Services, Inc.",Amazon Simple Storage Service,,,,,,,,,,,,,,,,,,,,,,,,,,,,,,S3-API-Tier1,PUT/COPY/POST or LIST requests,,,,,,,,,US West (Oregon),AWS Region,,,,,,,,,,,,,,,,,,,,API Request,,,,us-west-2,us-west-2,,,,,AmazonS3,Amazon Simple Storage Service,D4PMUVH6F64HK2D6,,,,,,,,,,,USW2-Requests-Tier1,,,,,,D4PMUVH6F64HK2D6.A429C66SYZ.6YS6EN2CT7,327159826138,USD,0.0000050000,0.0000050000,,Requests,,,,,,,,,,21100991763,,,,,,,,,,,,,,,
4jjzucbeyqniagvbbfc2olvgbfgrqqf3rwwa5fud6hpmd32gjalq,2026-02-01T00:00:00Z/2026-03-01T00:00:00Z,,"Amazon Web Services, Inc.",AWS,Anniversary,595673262386,2026-02-01T00:00:00Z,2026-03-01T00:00:00Z,353545917793,Usage,2026-02-02T07:00:00Z,2026-02-02T08:00:00Z,AmazonS3,USW2-Requests-Tier1,WriteBucketServerSideEncryption,,model-usage-sindh-obudsman,2.0000000000,,,USD,0.0000000000,0.0000000000,0.0000000000,0.0000000000,"$0.00 per request - PUT, COPY, POST, or LIST requests under the monthly global free tier",,"Amazon Web Services, Inc.",Amazon Simple Storage Service,,,,,,,,,,,,,,,,,,,,,,,,,,,,,,S3-API-Tier1,PUT/COPY/POST or LIST requests,,,,,,,,,US West (Oregon),AWS Region,,,,,,,,,,,,,,,,,,,,API Request,,,,us-west-2,us-west-2,,,,,AmazonS3,Amazon Simple Storage Service,D4PMUVH6F64HK2D6,,,,,,,,,,,USW2-Requests-Tier1,,,,,,D4PMUVH6F64HK2D6.A429C66SYZ.6YS6EN2CT7,327159826138,USD,0.0000100000,0.0000050000,,Requests,,,,,,,,,,21100991763,,,,,,,,,,,,,,,
cjngysskpgg27dqku5z26uumjdotsabvcccrmsdmpy5j7kdpe3zq,2026-02-01T00:00:00Z/2026-03-01T00:00:00Z,,"Amazon Web Services, Inc.",AWS,Anniversary,595673262386,2026-02-01T00:00:00Z,2026-03-01T00:00:00Z,353545917793,Usage,2026-02-02T09:00:00Z,2026-02-02T10:00:00Z,AmazonS3,USW2-Requests-Tier1,WriteBucketServerSideEncryption,,s3bucketforizza,1.0000000000,,,USD,0.0000000000,0.0000000000,0.0000000000,0.0000000000,"$0.00 per request - PUT, COPY, POST, or LIST requests under the monthly global free tier",,"Amazon Web Services, Inc.",Amazon Simple Storage Service,,,,,,,,,,,,,,,,,,,,,,,,,,,,,,S3-API-Tier1,PUT/COPY/POST or LIST requests,,,,,,,,,US West (Oregon),AWS Region,,,,,,,,,,,,,,,,,,,,API Request,,,,us-west-2,us-west-2,,,,,AmazonS3,Amazon Simple Storage Service,D4PMUVH6F64HK2D6,,,,,,,,,,,USW2-Requests-Tier1,,,,,,D4PMUVH6F64HK2D6.A429C66SYZ.6YS6EN2CT7,327159826138,USD,0.0000050000,0.0000050000,,Requests,,,,,,,,,,21100991763,,,,,,,,,,,,,,,
opuo5wtrst3wy35262exjhptsuoyfyjo5bz4l2fulwv77dgachba,2026-02-01T00:00:00Z/2026-03-01T00:00:00Z,,"Amazon Web Services, Inc.",AWS,Anniversary,595673262386,2026-02-01T00:00:00Z,2026-03-01T00:00:00Z,353545917793,Usage,2026-02-02T07:00:00Z,2026-02-02T08:00:00Z,AmazonS3,USW2-Requests-Tier1,WriteVersioningProps,,dplit-monthly-billing-reports,1.0000000000,,,USD,0.0000000000,0.0000000000,0.0000000000,0.0000000000,"$0.00 per request - PUT, COPY, POST, or LIST requests under the monthly global free tier",,"Amazon Web Services, Inc.",Amazon Simple Storage Service,,,,,,,,,,,,,,,,,,,,,,,,,,,,,,S3-API-Tier1,PUT/COPY/POST or LIST requests,,,,,,,,,US West (Oregon),AWS Region,,,,,,,,,,,,,,,,,,,,API Request,,,,us-west-2,us-west-2,,,,,AmazonS3,Amazon Simple Storage Service,D4PMUVH6F64HK2D6,,,,,,,,,,,USW2-Requests-Tier1,,,,,,D4PMUVH6F64HK2D6.A429C66SYZ.6YS6EN2CT7,327159826138,USD,0.0000050000,0.0000050000,,Requests,,,,,,,,,,21100991763,,,,,,,,,,,,,,,
epdxrrqf3rebglnrrzdfm2zeb7lhaygs23jseqtabl322bi6shdq,2026-02-01T00:00:00Z/2026-03-01T00:00:00Z,,"Amazon Web Services, Inc.",AWS,Anniversary,595673262386,2026-02-01T00:00:00Z,2026-03-01T00:00:00Z,353545917793,Usage,2026-02-02T08:00:00Z,2026-02-02T09:00:00Z,AWSQueueService,USW1-Requests-Tier1,List,,,2.0000000000,,,USD,0.0000000000,0.0000000000,0.0000000000,0.0000000000,"First 1,000,000 Amazon SQS Requests per month are free",,"Amazon Web Services, Inc.",Amazon Simple Queue Service,,,,,,,,,,,,,,,,,,,,,,,,,,,,,,SQS-APIRequest-Tier1,Amazon SQS Requests,,,,,,,,,US West (N. California),AWS Region,,,,,,,At Least Once,Not Guaranteed,,,,,,,,,,,,API Request,,Standard,,us-west-1,us-west-1,,,,,AWSQueueService,Amazon Simple Queue Service,D8K2W3D7HJHVWMFG,,,,,,,,,,,USW1-Requests-Tier1,,,,,,D8K2W3D7HJHVWMFG.A429C66SYZ.6YS6EN2CT7,231387327382,USD,0.0000008000,0.0000004000,,Requests,,,,,,,,,,21100991765,,,,,,,,,,,,,,,
2qgawebiq5rsy2gy4cei4s6l24alauphgwbypfueyqo7k34rhvna,2026-02-01T00:00:00Z/2026-03-01T00:00:00Z,,"Amazon Web Services, Inc.",AWS,Anniversary,595673262386,2026-02-01T00:00:00Z,2026-03-01T00:00:00Z,353545917793,Usage,2026-02-02T06:00:00Z,2026-02-02T07:00:00Z,AmazonCloudFront,US-Requests-HTTPS-Proxy,POST,,arn:aws:cloudfront::353545917793:distribution/E24UQOU8RZMYBR,2.0000000000,,,USD,0.0000000000,0.0000000000,0.0000000000,0.0000000000,$0.000 per request - HTTP or HTTPS under the global monthly free tier,,"Amazon Web Services, Inc.",Amazon CloudFront,,,,,,,,,,,,,,,,,,,,,,,,,,,,,,,,,,,,,,,,United States,AWS Edge Location,,,,,,,,,,,,,,,,,,,,Request,,,,us-east-1,,"HTTPS DELETE, OPTIONS, PATCH, POST, and PUT requests that CloudFront forwards to your origin",CloudFront-Request-HTTPS-Proxy,,,AmazonCloudFront,Amazon CloudFront,DCX5PSWXNPZDK63Q,,,,,,,,,,,US-Requests-HTTPS-Proxy,,,,,,DCX5PSWXNPZDK63Q.A429C66SYZ.6YS6EN2CT7,165482683423,USD,0.0000020000,0.0000010000,,Requests,,,,,,,,,,21100991767,,,,,,,,,,,,,,,
7n6iwjhq2izhkvzvxbcjjbvt4s56ray2rey3ooo4aa6jcqg6gyoa,2026-02-01T00:00:00Z/2026-03-01T00:00:00Z,,"Amazon Web Services, Inc.",AWS,Anniversary,595673262386,2026-02-01T00:00:00Z,2026-03-01T00:00:00Z,353545917793,Usage,2026-02-02T04:00:00Z,2026-02-02T11:00:00Z,AmazonCloudFront,US-Requests-HTTPS-Proxy,POST,,arn:aws:cloudfront::353545917793:distribution/E3LQ4K487Q3OU4,772.0000000000,,,USD,0.0000000000,0.0000000000,0.0000000000,0.0000000000,$0.000 per request - HTTP or HTTPS under the global monthly free tier,,"Amazon Web Services, Inc.",Amazon CloudFront,,,,,,,,,,,,,,,,,,,,,,,,,,,,,,,,,,,,,,,,United States,AWS Edge Location,,,,,,,,,,,,,,,,,,,,Request,,,,us-east-1,,"HTTPS DELETE, OPTIONS, PATCH, POST, and PUT requests that CloudFront forwards to your origin",CloudFront-Request-HTTPS-Proxy,,,AmazonCloudFront,Amazon CloudFront,DCX5PSWXNPZDK63Q,,,,,,,,,,,US-Requests-HTTPS-Proxy,,,,,,DCX5PSWXNPZDK63Q.A429C66SYZ.6YS6EN2CT7,165482683423,USD,0.0007720000,0.0000010000,,Requests,,,,,,,,,,21100991767,,,,,,,,,,,,,,,
ucxr7dahoxdhff5xdvjbdfr7teku3x4aea5dyrqbfdwkzxquhjaa,2026-02-01T00:00:00Z/2026-03-01T00:00:00Z,,"Amazon Web Services, Inc.",AWS,Anniversary,595673262386,2026-02-01T00:00:00Z,2026-03-01T00:00:00Z,353545917793,Usage,2026-02-02T04:00:00Z,2026-02-02T11:00:00Z,AmazonCloudFront,US-Requests-HTTPS-Proxy,POST,,arn:aws:cloudfront::353545917793:distribution/E8VGZ28EBD02E,135.0000000000,,,USD,0.0000000000,0.0000000000,0.0000000000,0.0000000000,$0.000 per request - HTTP or HTTPS under the global monthly free tier,,"Amazon Web Services, Inc.",Amazon CloudFront,,,,,,,,,,,,,,,,,,,,,,,,,,,,,,,,,,,,,,,,United States,AWS Edge Location,,,,,,,,,,,,,,,,,,,,Request,,,,us-east-1,,"HTTPS DELETE, OPTIONS, PATCH, POST, and PUT requests that CloudFront forwards to your origin",CloudFront-Request-HTTPS-Proxy,,,AmazonCloudFront,Amazon CloudFront,DCX5PSWXNPZDK63Q,,,,,,,,,,,US-Requests-HTTPS-Proxy,,,,,,DCX5PSWXNPZDK63Q.A429C66SYZ.6YS6EN2CT7,165482683423,USD,0.0001350000,0.0000010000,,Requests,,,,,,,,,,21100991767,,,,,,,,,,,,,,,
xhl5qb3n3z2nvu6uzyppdjidtjopx7ogsujqx4dsxvhpacvszd3a,2026-02-01T00:00:00Z/2026-03-01T00:00:00Z,,"Amazon Web Services, Inc.",AWS,Anniversary,595673262386,2026-02-01T00:00:00Z,2026-03-01T00:00:00Z,353545917793,Usage,2026-02-02T10:00:00Z,2026-02-02T11:00:00Z,AmazonCloudFront,US-Requests-HTTPS-Proxy,PUT,,arn:aws:cloudfront::353545917793:distribution/E3LQ4K487Q3OU4,2.0000000000,,,USD,0.0000000000,0.0000000000,0.0000000000,0.0000000000,$0.000 per request - HTTP or HTTPS under the global monthly free tier,,"Amazon Web Services, Inc.",Amazon CloudFront,,,,,,,,,,,,,,,,,,,,,,,,,,,,,,,,,,,,,,,,United States,AWS Edge Location,,,,,,,,,,,,,,,,,,,,Request,,,,us-east-1,,"HTTPS DELETE, OPTIONS, PATCH, POST, and PUT requests that CloudFront forwards to your origin",CloudFront-Request-HTTPS-Proxy,,,AmazonCloudFront,Amazon CloudFront,DCX5PSWXNPZDK63Q,,,,,,,,,,,US-Requests-HTTPS-Proxy,,,,,,DCX5PSWXNPZDK63Q.A429C66SYZ.6YS6EN2CT7,165482683423,USD,0.0000020000,0.0000010000,,Requests,,,,,,,,,,21100991767,,,,,,,,,,,,,,,
k2oippf2vex2krkxifpbutvru7jhcgav56gagrn6h4lf5mbjsn6q,2026-02-01T00:00:00Z/2026-03-01T00:00:00Z,,"Amazon Web Services, Inc.",AWS,Anniversary,595673262386,2026-02-01T00:00:00Z,2026-03-01T00:00:00Z,353545917793,Usage,2026-02-02T05:00:00Z,2026-02-02T07:00:00Z,AmazonCloudFront,US-Requests-HTTPS-Proxy,PUT,,arn:aws:cloudfront::353545917793:distribution/E8VGZ28EBD02E,5.0000000000,,,USD,0.0000000000,0.0000000000,0.0000000000,0.0000000000,$0.000 per request - HTTP or HTTPS under the global monthly free tier,,"Amazon Web Services, Inc.",Amazon CloudFront,,,,,,,,,,,,,,,,,,,,,,,,,,,,,,,,,,,,,,,,United States,AWS Edge Location,,,,,,,,,,,,,,,,,,,,Request,,,,us-east-1,,"HTTPS DELETE, OPTIONS, PATCH, POST, and PUT requests that CloudFront forwards to your origin",CloudFront-Request-HTTPS-Proxy,,,AmazonCloudFront,Amazon CloudFront,DCX5PSWXNPZDK63Q,,,,,,,,,,,US-Requests-HTTPS-Proxy,,,,,,DCX5PSWXNPZDK63Q.A429C66SYZ.6YS6EN2CT7,165482683423,USD,0.0000050000,0.0000010000,,Requests,,,,,,,,,,21100991767,,,,,,,,,,,,,,,
77s3cndgfdg4e3333scmu3oywrkyudzux53i3avjvjpcbr3b2lba,2026-02-01T00:00:00Z/2026-03-01T00:00:00Z,,"Amazon Web Services, Inc.",AWS,Anniversary,595673262386,2026-02-01T00:00:00Z,2026-03-01T00:00:00Z,353545917793,Usage,2026-02-01T08:00:00Z,2026-02-01T09:00:00Z,AmazonEC2,USW2-APE2-AWS-Out-Bytes,PublicIP-Out,,i-0b9d34c5972a322eb,0.0000000373,,,USD,0.0200000000,0.0000000007,0.0200000000,0.0000000007,$0.02 per GB - US West (Oregon) data transfer to Asia Pacific (Taipei),,"Amazon Web Services, Inc.",Amazon Elastic Compute Cloud,,,,,,,,,,,,,,,,,,,,,,,,,,US West (Oregon),AWS Region,us-west-2,,,,,,,,,,,,,,,,,,,,,,,,,,,,,,,,,Data Transfer,,,,us-west-2,,,,,,AWSDataTransfer,AWS Data Transfer,DRC9YD5W7BCMT4Q9,,,,,,Asia Pacific (Taipei),AWS Region,ap-east-2,InterRegion Outbound,,USW2-APE2-AWS-Out-Bytes,,,,,,DRC9YD5W7BCMT4Q9.JRTCKXETXF.6YS6EN2CT7,200619047289,USD,0.0000000007,0.0200000000,OnDemand,GB,,,,,,,,,,21100991773,,,,,,,,,,,,,,,
yjgke6bcmrbc3mfqinpthygvga6ny4ky4wyhzw4o6phldzi7joja,2026-02-01T00:00:00Z/2026-03-01T00:00:00Z,,"Amazon Web Services, Inc.",AWS,Anniversary,595673262386,2026-02-01T00:00:00Z,2026-03-01T00:00:00Z,353545917793,Usage,2026-02-01T00:00:00Z,2026-02-02T10:00:00Z,AWSSecretsManager,USW2-AWSSecretsManager-Secrets,SecretUsage,,arn:aws:secretsmanager:us-west-2:353545917793:secret:ProdRDSDBSecret0B369AB5-nay9rYGByR0F-UtIYjO,0.0505952368,,,USD,0.4000000000,0.0202380954,0.4000000000,0.0202380954,$0.40 per Secret,,"Amazon Web Services, Inc.",AWS Secrets Manager,,,,,,,,,,,,,,,,,,,,,,,,,,,,,,AWSSecretsManager-Secret,,,,,,,,,,US West (Oregon),AWS Region,,,,,,,,,,,,,,,,,,,,Secret,,,,us-west-2,us-west-2,,,,,AWSSecretsManager,AWS Secrets Manager,DWJP9S4V3HP98UNC,,,,,,,,,,,USW2-AWSSecretsManager-Secrets,,,,,,DWJP9S4V3HP98UNC.JRTCKXETXF.6YS6EN2CT7,200495202440,USD,0.0202380947,0.4000000000,OnDemand,Secrets,,,,,,,,,,21100991873,,,,,,,,,,,,,,,
tfrotpae5vq3qtm3mjqqr2vwwwvrkt26kh5vqbsgf2e5cuiov32q,2026-02-01T00:00:00Z/2026-03-01T00:00:00Z,,"Amazon Web Services, Inc.",AWS,Anniversary,595673262386,2026-02-01T00:00:00Z,2026-03-01T00:00:00Z,353545917793,Usage,2026-02-01T00:00:00Z,2026-02-02T10:00:00Z,AWSSecretsManager,USW2-AWSSecretsManager-Secrets,SecretUsage,,arn:aws:secretsmanager:us-west-2:353545917793:secret:RDSDBSecret0A3C21ED-RRNT9s19Rjcm-LUm773,0.0505952368,,,USD,0.4000000000,0.0202380954,0.4000000000,0.0202380954,$0.40 per Secret,,"Amazon Web Services, Inc.",AWS Secrets Manager,,,,,,,,,,,,,,,,,,,,,,,,,,,,,,AWSSecretsManager-Secret,,,,,,,,,,US West (Oregon),AWS Region,,,,,,,,,,,,,,,,,,,,Secret,,,,us-west-2,us-west-2,,,,,AWSSecretsManager,AWS Secrets Manager,DWJP9S4V3HP98UNC,,,,,,,,,,,USW2-AWSSecretsManager-Secrets,,,,,,DWJP9S4V3HP98UNC.JRTCKXETXF.6YS6EN2CT7,200495202440,USD,0.0202380947,0.4000000000,OnDemand,Secrets,,,,,,,,,,21100991873,,,,,,,,,,,,,,,
jf5fa4hepvwvfrm6xsqhxplf5ywwjtkie7ah44dt5qh3rwy2j3rq,2026-02-01T00:00:00Z/2026-03-01T00:00:00Z,,"Amazon Web Services, Inc.",AWS,Anniversary,595673262386,2026-02-01T00:00:00Z,2026-03-01T00:00:00Z,353545917793,Usage,2026-02-01T00:00:00Z,2026-02-02T10:00:00Z,AWSSecretsManager,USW2-AWSSecretsManager-Secrets,SecretUsage,,arn:aws:secretsmanager:us-west-2:353545917793:secret:databasecreds-dev-N9nhVU,0.0505952368,,,USD,0.4000000000,0.0202380954,0.4000000000,0.0202380954,$0.40 per Secret,,"Amazon Web Services, Inc.",AWS Secrets Manager,,,,,,,,,,,,,,,,,,,,,,,,,,,,,,AWSSecretsManager-Secret,,,,,,,,,,US West (Oregon),AWS Region,,,,,,,,,,,,,,,,,,,,Secret,,,,us-west-2,us-west-2,,,,,AWSSecretsManager,AWS Secrets Manager,DWJP9S4V3HP98UNC,,,,,,,,,,,USW2-AWSSecretsManager-Secrets,,,,,,DWJP9S4V3HP98UNC.JRTCKXETXF.6YS6EN2CT7,200495202440,USD,0.0202380947,0.4000000000,OnDemand,Secrets,,,,,,,,,,21100991873,,,,,,,,,,,,,,,
5ewxmwg6tbfai6daphwe26etyao3rvmod2teuekzwcoacrkv6x4a,2026-02-01T00:00:00Z/2026-03-01T00:00:00Z,,"Amazon Web Services, Inc.",AWS,Anniversary,595673262386,2026-02-01T00:00:00Z,2026-03-01T00:00:00Z,353545917793,Usage,2026-02-01T00:00:00Z,2026-02-02T10:00:00Z,AWSSecretsManager,USW2-AWSSecretsManager-Secrets,SecretUsage,,arn:aws:secretsmanager:us-west-2:353545917793:secret:databasecreds-qa-PNoAdS,0.0505952368,,,USD,0.4000000000,0.0202380954,0.4000000000,0.0202380954,$0.40 per Secret,,"Amazon Web Services, Inc.",AWS Secrets Manager,,,,,,,,,,,,,,,,,,,,,,,,,,,,,,AWSSecretsManager-Secret,,,,,,,,,,US West (Oregon),AWS Region,,,,,,,,,,,,,,,,,,,,Secret,,,,us-west-2,us-west-2,,,,,AWSSecretsManager,AWS Secrets Manager,DWJP9S4V3HP98UNC,,,,,,,,,,,USW2-AWSSecretsManager-Secrets,,,,,,DWJP9S4V3HP98UNC.JRTCKXETXF.6YS6EN2CT7,200495202440,USD,0.0202380947,0.4000000000,OnDemand,Secrets,,,,,,,,,,21100991873,,,,,,,,,,,,,,,
2qys6d2jueuzjvs4ofpa3nvhe5cw7ug7beznci4apdis5mgocrxq,2026-02-01T00:00:00Z/2026-03-01T00:00:00Z,,"Amazon Web Services, Inc.",AWS,Anniversary,595673262386,2026-02-01T00:00:00Z,2026-03-01T00:00:00Z,353545917793,Usage,2026-02-01T00:00:00Z,2026-02-02T10:00:00Z,awswaf,Global-WebACLV2,WebACLV2,,arn:aws:wafv2:us-east-1:353545917793:global/webacl/CloudFront-WAF/8906bc48-1391-477b-ad75-3bcff25701d3,0.0505952368,,,USD,5.0000000000,0.2529761840,5.0000000000,0.2529761840,$5.00 per web ACL created (prorated hourly),,"Amazon Web Services, Inc.",AWS WAF,,,,,,,,,,,,,,,,,,,,,,,,,,,,,,Web ACL,Web ACL Activated,,,,,,,,,Any,AWS Edge Location,,,,,,,,,,,,,,,,,,,,Web Application Firewall,,,,global,,,,,,awswaf,AWS WAF,DYTQ8YBXB7SEXYTZ,,,,,,,,,,,Global-WebACLV2,,,,,,DYTQ8YBXB7SEXYTZ.JRTCKXETXF.6YS6EN2CT7,330916648197,USD,0.2529761840,5.0000000000,OnDemand,Month,,,,,,,,,,21100991817,,,,,,,,,,,,,,,
hwvblpmpbpd67hwsetezg2e4rdhlh33ndbj5xei4pgnqg6p62gba,2026-02-01T00:00:00Z/2026-03-01T00:00:00Z,,"Amazon Web Services, Inc.",AWS,Anniversary,595673262386,2026-02-01T00:00:00Z,2026-03-01T00:00:00Z,353545917793,Usage,2026-02-02T02:00:00Z,2026-02-02T03:00:00Z,AmazonEC2,USW2-EUW3-AWS-In-Bytes,PublicIP-In,,i-0ee8635d596bf3d8b,0.0000000512,,,USD,0.0000000000,0.0000000000,0.0000000000,0.0000000000,$0.00 per GB - US West (Oregon) data transfer from EU (Paris),,"Amazon Web Services, Inc.",Amazon Elastic Compute Cloud,,,,,,,,,,,,,,,,,,,,,,,,,,US West (Oregon),AWS Region,us-west-2,,,,,,,,,,,,,,,,,,,,,,,,,,,,,,,,,Data Transfer,,,,us-west-2,,,,,,AWSDataTransfer,AWS Data Transfer,E6GA3FZ8WXXA2XA5,,,,,,EU (Paris),AWS Region,eu-west-3,InterRegion Inbound,,USW2-EUW3-AWS-In-Bytes,,,,,,E6GA3FZ8WXXA2XA5.JRTCKXETXF.6YS6EN2CT7,200619043046,USD,0.0000000000,0.0000000000,OnDemand,GB,,,,,,,,,,21100991773,,,,,,,,,,,,,,,
ikxe4lk6bkbzxng46udbwf6hih4cbha2hzyqcpwy64pe7jgyk2sq,2026-02-01T00:00:00Z/2026-03-01T00:00:00Z,,"Amazon Web Services, Inc.",AWS,Anniversary,595673262386,2026-02-01T00:00:00Z,2026-03-01T00:00:00Z,353545917793,Usage,2026-02-01T18:00:00Z,2026-02-01T19:00:00Z,AmazonS3,USW2-Requests-Tier2,GetBucketAntuConfiguration,,backendstackuat-backendartifactbucket48723263-1obosmu2ngjp,5.0000000000,,,USD,0.0000000000,0.0000000000,0.0000000916,0.0000004580,$0.00 per request - GET and all other requests under the monthly global free tier,,"Amazon Web Services, Inc.",Amazon Simple Storage Service,,,,,,,,,,,,,,,,,,,,,,,,,,,,,,S3-API-Tier2,GET and all other requests,,,,,,,,,US West (Oregon),AWS Region,,,,,,,,,,,,,,,,,,,,API Request,,,,us-west-2,us-west-2,,,,,AmazonS3,Amazon Simple Storage Service,E77AQEM2DC4VV3FC,,,,,,,,,,,USW2-Requests-Tier2,,,,,,E77AQEM2DC4VV3FC.A429C66SYZ.6YS6EN2CT7,327159826099,USD,0.0000020000,0.0000004000,,Requests,,,,,,,,,,21100991763,,,,,,,,,,,,,,,
f36r7d57meahu3jvntozqp3yeqfv7l4lg5mbcw2hvi546rvqqsha,2026-02-01T00:00:00Z/2026-03-01T00:00:00Z,,"Amazon Web Services, Inc.",AWS,Anniversary,595673262386,2026-02-01T00:00:00Z,2026-03-01T00:00:00Z,353545917793,Usage,2026-02-01T18:00:00Z,2026-02-01T19:00:00Z,AmazonS3,USW2-Requests-Tier2,GetBucketAntuConfiguration,,frontendstackuat-artifactbucket7410c9ef-hkqgbyrdiclg,4.0000000000,,,USD,0.0000000000,0.0000000000,0.0000000916,0.0000003664,$0.00 per request - GET and all other requests under the monthly global free tier,,"Amazon Web Services, Inc.",Amazon Simple Storage Service,,,,,,,,,,,,,,,,,,,,,,,,,,,,,,S3-API-Tier2,GET and all other requests,,,,,,,,,US West (Oregon),AWS Region,,,,,,,,,,,,,,,,,,,,API Request,,,,us-west-2,us-west-2,,,,,AmazonS3,Amazon Simple Storage Service,E77AQEM2DC4VV3FC,,,,,,,,,,,USW2-Requests-Tier2,,,,,,E77AQEM2DC4VV3FC.A429C66SYZ.6YS6EN2CT7,327159826099,USD,0.0000016000,0.0000004000,,Requests,,,,,,,,,,21100991763,,,,,,,,,,,,,,,
77pbvq6arcxofiugwjgnwo275wi2jdnwbnqvzmpsua67uhl3fvdq,2026-02-01T00:00:00Z/2026-03-01T00:00:00Z,,"Amazon Web Services, Inc.",AWS,Anniversary,595673262386,2026-02-01T00:00:00Z,2026-03-01T00:00:00Z,353545917793,Usage,2026-02-01T18:00:00Z,2026-02-01T19:00:00Z,AmazonS3,USW2-Requests-Tier2,GetBucketAntuConfiguration,,frontendstackuat-artifactbucketadmind30278b4-hcgt66uec200,3.0000000000,,,USD,0.0000000000,0.0000000000,0.0000000916,0.0000002748,$0.00 per request - GET and all other requests under the monthly global free tier,,"Amazon Web Services, Inc.",Amazon Simple Storage Service,,,,,,,,,,,,,,,,,,,,,,,,,,,,,,S3-API-Tier2,GET and all other requests,,,,,,,,,US West (Oregon),AWS Region,,,,,,,,,,,,,,,,,,,,API Request,,,,us-west-2,us-west-2,,,,,AmazonS3,Amazon Simple Storage Service,E77AQEM2DC4VV3FC,,,,,,,,,,,USW2-Requests-Tier2,,,,,,E77AQEM2DC4VV3FC.A429C66SYZ.6YS6EN2CT7,327159826099,USD,0.0000012000,0.0000004000,,Requests,,,,,,,,,,21100991763,,,,,,,,,,,,,,,
pkjd2knalu7xut22p6llurb6w4duaegh6rrq2ujqiaqi5ifrfsqa,2026-02-01T00:00:00Z/2026-03-01T00:00:00Z,,"Amazon Web Services, Inc.",AWS,Anniversary,595673262386,2026-02-01T00:00:00Z,2026-03-01T00:00:00Z,353545917793,Usage,2026-02-01T18:00:00Z,2026-02-01T19:00:00Z,AmazonS3,USW2-Requests-Tier2,GetBucketMetadataConfig,,backendstackuat-backendartifactbucket48723263-1obosmu2ngjp,5.0000000000,,,USD,0.0000000000,0.0000000000,0.0000000916,0.0000004580,$0.00 per request - GET and all other requests under the monthly global free tier,,"Amazon Web Services, Inc.",Amazon Simple Storage Service,,,,,,,,,,,,,,,,,,,,,,,,,,,,,,S3-API-Tier2,GET and all other requests,,,,,,,,,US West (Oregon),AWS Region,,,,,,,,,,,,,,,,,,,,API Request,,,,us-west-2,us-west-2,,,,,AmazonS3,Amazon Simple Storage Service,E77AQEM2DC4VV3FC,,,,,,,,,,,USW2-Requests-Tier2,,,,,,E77AQEM2DC4VV3FC.A429C66SYZ.6YS6EN2CT7,327159826099,USD,0.0000020000,0.0000004000,,Requests,,,,,,,,,,21100991763,,,,,,,,,,,,,,,
i4rniuc5b7v2uiwznnkjv4ztfw5hx455rvgb2qpli6nkjshz2puq,2026-02-01T00:00:00Z/2026-03-01T00:00:00Z,,"Amazon Web Services, Inc.",AWS,Anniversary,595673262386,2026-02-01T00:00:00Z,2026-03-01T00:00:00Z,353545917793,Usage,2026-02-01T18:00:00Z,2026-02-01T19:00:00Z,AmazonS3,USW2-Requests-Tier2,GetBucketMetadataConfig,,frontendstackuat-artifactbucket7410c9ef-hkqgbyrdiclg,4.0000000000,,,USD,0.0000000000,0.0000000000,0.0000000916,0.0000003664,$0.00 per request - GET and all other requests under the monthly global free tier,,"Amazon Web Services, Inc.",Amazon Simple Storage Service,,,,,,,,,,,,,,,,,,,,,,,,,,,,,,S3-API-Tier2,GET and all other requests,,,,,,,,,US West (Oregon),AWS Region,,,,,,,,,,,,,,,,,,,,API Request,,,,us-west-2,us-west-2,,,,,AmazonS3,Amazon Simple Storage Service,E77AQEM2DC4VV3FC,,,,,,,,,,,USW2-Requests-Tier2,,,,,,E77AQEM2DC4VV3FC.A429C66SYZ.6YS6EN2CT7,327159826099,USD,0.0000016000,0.0000004000,,Requests,,,,,,,,,,21100991763,,,,,,,,,,,,,,,
xz62dt2ggxk4c7ul5h2buiopqnuuqmiikdoiuzqyo5vcdcafokba,2026-02-01T00:00:00Z/2026-03-01T00:00:00Z,,"Amazon Web Services, Inc.",AWS,Anniversary,595673262386,2026-02-01T00:00:00Z,2026-03-01T00:00:00Z,353545917793,Usage,2026-02-01T18:00:00Z,2026-02-01T19:00:00Z,AmazonS3,USW2-Requests-Tier2,GetBucketMetadataConfig,,frontendstackuat-artifactbucketadmind30278b4-hcgt66uec200,3.0000000000,,,USD,0.0000000000,0.0000000000,0.0000000916,0.0000002748,$0.00 per request - GET and all other requests under the monthly global free tier,,"Amazon Web Services, Inc.",Amazon Simple Storage Service,,,,,,,,,,,,,,,,,,,,,,,,,,,,,,S3-API-Tier2,GET and all other requests,,,,,,,,,US West (Oregon),AWS Region,,,,,,,,,,,,,,,,,,,,API Request,,,,us-west-2,us-west-2,,,,,AmazonS3,Amazon Simple Storage Service,E77AQEM2DC4VV3FC,,,,,,,,,,,USW2-Requests-Tier2,,,,,,E77AQEM2DC4VV3FC.A429C66SYZ.6YS6EN2CT7,327159826099,USD,0.0000012000,0.0000004000,,Requests,,,,,,,,,,21100991763,,,,,,,,,,,,,,,
ohhdiefsuo7guhjohpvjm4sc3fjgjczlje7olgj2dvxqwbtabajq,2026-02-01T00:00:00Z/2026-03-01T00:00:00Z,,"Amazon Web Services, Inc.",AWS,Anniversary,595673262386,2026-02-01T00:00:00Z,2026-03-01T00:00:00Z,353545917793,Usage,2026-02-01T20:00:00Z,2026-02-02T07:00:00Z,AmazonS3,USW2-Requests-Tier2,GetObject,,backendstack-backendartifactbucket48723263-3spbxgacohfr,7.0000000000,,,USD,0.0000000000,0.0000000000,0.0000000916,0.0000006412,$0.00 per request - GET and all other requests under the monthly global free tier,,"Amazon Web Services, Inc.",Amazon Simple Storage Service,,,,,,,,,,,,,,,,,,,,,,,,,,,,,,S3-API-Tier2,GET and all other requests,,,,,,,,,US West (Oregon),AWS Region,,,,,,,,,,,,,,,,,,,,API Request,,,,us-west-2,us-west-2,,,,,AmazonS3,Amazon Simple Storage Service,E77AQEM2DC4VV3FC,,,,,,,,,,,USW2-Requests-Tier2,,,,,,E77AQEM2DC4VV3FC.A429C66SYZ.6YS6EN2CT7,327159826099,USD,0.0000028000,0.0000004000,,Requests,,,,,,,,,,21100991763,,,,,,,,,,,,,,,
wsnzn3ysjkto3g4dxvcutn4qyrsquivv2nbkhi3g4loem2enkmfa,2026-02-01T00:00:00Z/2026-03-01T00:00:00Z,,"Amazon Web Services, Inc.",AWS,Anniversary,595673262386,2026-02-01T00:00:00Z,2026-03-01T00:00:00Z,353545917793,Usage,2026-02-01T18:00:00Z,2026-02-01T20:00:00Z,AmazonS3,USW2-Requests-Tier2,GetObject,,cdk-hnb659fds-assets-353545917793-us-west-2,4.0000000000,,,USD,0.0000000000,0.0000000000,0.0000000916,0.0000003664,$0.00 per request - GET and all other requests under the monthly global free tier,,"Amazon Web Services, Inc.",Amazon Simple Storage Service,,,,,,,,,,,,,,,,,,,,,,,,,,,,,,S3-API-Tier2,GET and all other requests,,,,,,,,,US West (Oregon),AWS Region,,,,,,,,,,,,,,,,,,,,API Request,,,,us-west-2,us-west-2,,,,,AmazonS3,Amazon Simple Storage Service,E77AQEM2DC4VV3FC,,,,,,,,,,,USW2-Requests-Tier2,,,,,,E77AQEM2DC4VV3FC.A429C66SYZ.6YS6EN2CT7,327159826099,USD,0.0000016000,0.0000004000,,Requests,,,,,,,,,,21100991763,,,,,,,,,,,,,,,
ezxl2qbsjxyqaklzy5piwicyhchqqnoxxgspptob46bj2rccu6ca,2026-02-01T00:00:00Z/2026-03-01T00:00:00Z,,"Amazon Web Services, Inc.",AWS,Anniversary,595673262386,2026-02-01T00:00:00Z,2026-03-01T00:00:00Z,353545917793,Usage,2026-02-01T20:00:00Z,2026-02-01T21:00:00Z,AmazonS3,USW2-Requests-Tier2,GetObject,,frontendstack-artifactbucket7410c9ef-xsga68jmzdcj,2.0000000000,,,USD,0.0000000000,0.0000000000,0.0000000916,0.0000001832,$0.00 per request - GET and all other requests under the monthly global free tier,,"Amazon Web Services, Inc.",Amazon Simple Storage Service,,,,,,,,,,,,,,,,,,,,,,,,,,,,,,S3-API-Tier2,GET and all other requests,,,,,,,,,US West (Oregon),AWS Region,,,,,,,,,,,,,,,,,,,,API Request,,,,us-west-2,us-west-2,,,,,AmazonS3,Amazon Simple Storage Service,E77AQEM2DC4VV3FC,,,,,,,,,,,USW2-Requests-Tier2,,,,,,E77AQEM2DC4VV3FC.A429C66SYZ.6YS6EN2CT7,327159826099,USD,0.0000008000,0.0000004000,,Requests,,,,,,,,,,21100991763,,,,,,,,,,,,,,,
tf2at5a4556htpagh6k3suq5dlzehqmkf7fhf4gvyska2f2rpcrq,2026-02-01T00:00:00Z/2026-03-01T00:00:00Z,,"Amazon Web Services, Inc.",AWS,Anniversary,595673262386,2026-02-01T00:00:00Z,2026-03-01T00:00:00Z,353545917793,Usage,2026-02-01T20:00:00Z,2026-02-02T08:00:00Z,AmazonS3,USW2-Requests-Tier2,GetObject,,frontendstack-artifactbucketadmind30278b4-yfqewhl6wdjr,10.0000000000,,,USD,0.0000000000,0.0000000000,0.0000000916,0.0000009160,$0.00 per request - GET and all other requests under the monthly global free tier,,"Amazon Web Services, Inc.",Amazon Simple Storage Service,,,,,,,,,,,,,,,,,,,,,,,,,,,,,,S3-API-Tier2,GET and all other requests,,,,,,,,,US West (Oregon),AWS Region,,,,,,,,,,,,,,,,,,,,API Request,,,,us-west-2,us-west-2,,,,,AmazonS3,Amazon Simple Storage Service,E77AQEM2DC4VV3FC,,,,,,,,,,,USW2-Requests-Tier2,,,,,,E77AQEM2DC4VV3FC.A429C66SYZ.6YS6EN2CT7,327159826099,USD,0.0000040000,0.0000004000,,Requests,,,,,,,,,,21100991763,,,,,,,,,,,,,,,
6kpxhhq2bftgqpuhpu4f2jvz3q6ptuythdomludgqiqc4gz3awdq,2026-02-01T00:00:00Z/2026-03-01T00:00:00Z,,"Amazon Web Services, Inc.",AWS,Anniversary,595673262386,2026-02-01T00:00:00Z,2026-03-01T00:00:00Z,353545917793,Usage,2026-02-02T05:00:00Z,2026-02-02T08:00:00Z,AmazonS3,USW2-Requests-Tier2,GetObject,,notification-templates-socms-dev-uat,344.0000000000,,,USD,0.0000000000,0.0000000000,0.0000000916,0.0000315104,$0.00 per request - GET and all other requests under the monthly global free tier,,"Amazon Web Services, Inc.",Amazon Simple Storage Service,,,,,,,,,,,,,,,,,,,,,,,,,,,,,,S3-API-Tier2,GET and all other requests,,,,,,,,,US West (Oregon),AWS Region,,,,,,,,,,,,,,,,,,,,API Request,,,,us-west-2,us-west-2,,,,,AmazonS3,Amazon Simple Storage Service,E77AQEM2DC4VV3FC,,,,,,,,,,,USW2-Requests-Tier2,,,,,,E77AQEM2DC4VV3FC.A429C66SYZ.6YS6EN2CT7,327159826099,USD,0.0001376000,0.0000004000,,Requests,,,,,,,,,,21100991763,,,,,,,,,,,,,,,
uuixx3gjsydrhuridsh66q3ofnx66n2pe2kykhlypaflafjhvr3q,2026-02-01T00:00:00Z/2026-03-01T00:00:00Z,,"Amazon Web Services, Inc.",AWS,Anniversary,595673262386,2026-02-01T00:00:00Z,2026-03-01T00:00:00Z,353545917793,Usage,2026-02-01T03:00:00Z,2026-02-02T09:00:00Z,AmazonS3,USW2-Requests-Tier2,GetObject,,notification-templates-socms-prod,18037.0000000000,,,USD,0.0000000000,0.0000000000,0.0000000916,0.0016521892,$0.00 per request - GET and all other requests under the monthly global free tier,,"Amazon Web Services, Inc.",Amazon Simple Storage Service,,,,,,,,,,,,,,,,,,,,,,,,,,,,,,S3-API-Tier2,GET and all other requests,,,,,,,,,US West (Oregon),AWS Region,,,,,,,,,,,,,,,,,,,,API Request,,,,us-west-2,us-west-2,,,,,AmazonS3,Amazon Simple Storage Service,E77AQEM2DC4VV3FC,,,,,,,,,,,USW2-Requests-Tier2,,,,,,E77AQEM2DC4VV3FC.A429C66SYZ.6YS6EN2CT7,327159826099,USD,0.0072148000,0.0000004000,,Requests,,,,,,,,,,21100991763,,,,,,,,,,,,,,,
krpjvs2jbuw4r7gqinisya6zdjo4nig7gtubyc4zzmmexgqkmr4q,2026-02-01T00:00:00Z/2026-03-01T00:00:00Z,,"Amazon Web Services, Inc.",AWS,Anniversary,595673262386,2026-02-01T00:00:00Z,2026-03-01T00:00:00Z,353545917793,Usage,2026-02-02T04:00:00Z,2026-02-02T09:00:00Z,AmazonS3,USW2-Requests-Tier2,GetObject,,s3stack-userfileuploadbucket259f036a-aoe8urrbevxw,284.0000000000,,,USD,0.0000000000,0.0000000000,0.0000000916,0.0000260144,$0.00 per request - GET and all other requests under the monthly global free tier,,"Amazon Web Services, Inc.",Amazon Simple Storage Service,,,,,,,,,,,,,,,,,,,,,,,,,,,,,,S3-API-Tier2,GET and all other requests,,,,,,,,,US West (Oregon),AWS Region,,,,,,,,,,,,,,,,,,,,API Request,,,,us-west-2,us-west-2,,,,,AmazonS3,Amazon Simple Storage Service,E77AQEM2DC4VV3FC,,,,,,,,,,,USW2-Requests-Tier2,,,,,,E77AQEM2DC4VV3FC.A429C66SYZ.6YS6EN2CT7,327159826099,USD,0.0001136000,0.0000004000,,Requests,,,,,,,,,,21100991763,,,,,,,,,,,,,,,
rvtpev4ae6g6ndxchktwanehvz3pgwyfrbvc6dvspcic2ok3mmza,2026-02-01T00:00:00Z/2026-03-01T00:00:00Z,,"Amazon Web Services, Inc.",AWS,Anniversary,595673262386,2026-02-01T00:00:00Z,2026-03-01T00:00:00Z,353545917793,Usage,2026-02-01T02:00:00Z,2026-02-02T09:00:00Z,AmazonS3,USW2-Requests-Tier2,GetObject,,s3stack-userfileuploadbucketprod5670d977-cc1o6umd6ksg,1064.0000000000,,,USD,0.0000000000,0.0000000000,0.0000000916,0.0000974624,$0.00 per request - GET and all other requests under the monthly global free tier,,"Amazon Web Services, Inc.",Amazon Simple Storage Service,,,,,,,,,,,,,,,,,,,,,,,,,,,,,,S3-API-Tier2,GET and all other requests,,,,,,,,,US West (Oregon),AWS Region,,,,,,,,,,,,,,,,,,,,API Request,,,,us-west-2,us-west-2,,,,,AmazonS3,Amazon Simple Storage Service,E77AQEM2DC4VV3FC,,,,,,,,,,,USW2-Requests-Tier2,,,,,,E77AQEM2DC4VV3FC.A429C66SYZ.6YS6EN2CT7,327159826099,USD,0.0004256000,0.0000004000,,Requests,,,,,,,,,,21100991763,,,,,,,,,,,,,,,
rjaewea6cmxojys2usitkvz3ib3vjszyhrw2osgojgofi6op2pjq,2026-02-01T00:00:00Z/2026-03-01T00:00:00Z,,"Amazon Web Services, Inc.",AWS,Anniversary,595673262386,2026-02-01T00:00:00Z,2026-03-01T00:00:00Z,353545917793,Usage,2026-02-01T18:00:00Z,2026-02-01T19:00:00Z,AmazonS3,USW2-Requests-Tier2,HeadBucket,,backendstackuat-backendartifactbucket48723263-1obosmu2ngjp,5.0000000000,,,USD,0.0000000000,0.0000000000,0.0000000916,0.0000004580,$0.00 per request - GET and all other requests under the monthly global free tier,,"Amazon Web Services, Inc.",Amazon Simple Storage Service,,,,,,,,,,,,,,,,,,,,,,,,,,,,,,S3-API-Tier2,GET and all other requests,,,,,,,,,US West (Oregon),AWS Region,,,,,,,,,,,,,,,,,,,,API Request,,,,us-west-2,us-west-2,,,,,AmazonS3,Amazon Simple Storage Service,E77AQEM2DC4VV3FC,,,,,,,,,,,USW2-Requests-Tier2,,,,,,E77AQEM2DC4VV3FC.A429C66SYZ.6YS6EN2CT7,327159826099,USD,0.0000020000,0.0000004000,,Requests,,,,,,,,,,21100991763,,,,,,,,,,,,,,,
jqpysah2fw7gx5evni4t6kqcfwqhtvdsji5yh3pyzbz22k7pco2a,2026-02-01T00:00:00Z/2026-03-01T00:00:00Z,,"Amazon Web Services, Inc.",AWS,Anniversary,595673262386,2026-02-01T00:00:00Z,2026-03-01T00:00:00Z,353545917793,Usage,2026-02-01T18:00:00Z,2026-02-01T19:00:00Z,AmazonS3,USW2-Requests-Tier2,HeadBucket,,frontendstackuat-artifactbucket7410c9ef-hkqgbyrdiclg,4.0000000000,,,USD,0.0000000000,0.0000000000,0.0000000916,0.0000003664,$0.00 per request - GET and all other requests under the monthly global free tier,,"Amazon Web Services, Inc.",Amazon Simple Storage Service,,,,,,,,,,,,,,,,,,,,,,,,,,,,,,S3-API-Tier2,GET and all other requests,,,,,,,,,US West (Oregon),AWS Region,,,,,,,,,,,,,,,,,,,,API Request,,,,us-west-2,us-west-2,,,,,AmazonS3,Amazon Simple Storage Service,E77AQEM2DC4VV3FC,,,,,,,,,,,USW2-Requests-Tier2,,,,,,E77AQEM2DC4VV3FC.A429C66SYZ.6YS6EN2CT7,327159826099,USD,0.0000016000,0.0000004000,,Requests,,,,,,,,,,21100991763,,,,,,,,,,,,,,,
he7pzr2esvc3zygvtrwrdiasuuaqd4edibf7eobojed76j7ub7lq,2026-02-01T00:00:00Z/2026-03-01T00:00:00Z,,"Amazon Web Services, Inc.",AWS,Anniversary,595673262386,2026-02-01T00:00:00Z,2026-03-01T00:00:00Z,353545917793,Usage,2026-02-01T18:00:00Z,2026-02-01T19:00:00Z,AmazonS3,USW2-Requests-Tier2,HeadBucket,,frontendstackuat-artifactbucketadmind30278b4-hcgt66uec200,3.0000000000,,,USD,0.0000000000,0.0000000000,0.0000000916,0.0000002748,$0.00 per request - GET and all other requests under the monthly global free tier,,"Amazon Web Services, Inc.",Amazon Simple Storage Service,,,,,,,,,,,,,,,,,,,,,,,,,,,,,,S3-API-Tier2,GET and all other requests,,,,,,,,,US West (Oregon),AWS Region,,,,,,,,,,,,,,,,,,,,API Request,,,,us-west-2,us-west-2,,,,,AmazonS3,Amazon Simple Storage Service,E77AQEM2DC4VV3FC,,,,,,,,,,,USW2-Requests-Tier2,,,,,,E77AQEM2DC4VV3FC.A429C66SYZ.6YS6EN2CT7,327159826099,USD,0.0000012000,0.0000004000,,Requests,,,,,,,,,,21100991763,,,,,,,,,,,,,,,
ktunhlh4gxfe5cderqhbdhfio27m4vnspunz45jysijr2yxzg3ga,2026-02-01T00:00:00Z/2026-03-01T00:00:00Z,,"Amazon Web Services, Inc.",AWS,Anniversary,595673262386,2026-02-01T00:00:00Z,2026-03-01T00:00:00Z,353545917793,Usage,2026-02-01T18:00:00Z,2026-02-01T19:00:00Z,AmazonS3,USW2-Requests-Tier2,ReadAccelerate,,backendstackuat-backendartifactbucket48723263-1obosmu2ngjp,5.0000000000,,,USD,0.0000000000,0.0000000000,0.0000000916,0.0000004580,$0.00 per request - GET and all other requests under the monthly global free tier,,"Amazon Web Services, Inc.",Amazon Simple Storage Service,,,,,,,,,,,,,,,,,,,,,,,,,,,,,,S3-API-Tier2,GET and all other requests,,,,,,,,,US West (Oregon),AWS Region,,,,,,,,,,,,,,,,,,,,API Request,,,,us-west-2,us-west-2,,,,,AmazonS3,Amazon Simple Storage Service,E77AQEM2DC4VV3FC,,,,,,,,,,,USW2-Requests-Tier2,,,,,,E77AQEM2DC4VV3FC.A429C66SYZ.6YS6EN2CT7,327159826099,USD,0.0000020000,0.0000004000,,Requests,,,,,,,,,,21100991763,,,,,,,,,,,,,,,
j2doi45dyejhwlplvz5o7dbjavrdv3ojb7u2heg65vyhgakkfnuq,2026-02-01T00:00:00Z/2026-03-01T00:00:00Z,,"Amazon Web Services, Inc.",AWS,Anniversary,595673262386,2026-02-01T00:00:00Z,2026-03-01T00:00:00Z,353545917793,Usage,2026-02-01T18:00:00Z,2026-02-01T19:00:00Z,AmazonS3,USW2-Requests-Tier2,ReadAccelerate,,frontendstackuat-artifactbucket7410c9ef-hkqgbyrdiclg,4.0000000000,,,USD,0.0000000000,0.0000000000,0.0000000916,0.0000003664,$0.00 per request - GET and all other requests under the monthly global free tier,,"Amazon Web Services, Inc.",Amazon Simple Storage Service,,,,,,,,,,,,,,,,,,,,,,,,,,,,,,S3-API-Tier2,GET and all other requests,,,,,,,,,US West (Oregon),AWS Region,,,,,,,,,,,,,,,,,,,,API Request,,,,us-west-2,us-west-2,,,,,AmazonS3,Amazon Simple Storage Service,E77AQEM2DC4VV3FC,,,,,,,,,,,USW2-Requests-Tier2,,,,,,E77AQEM2DC4VV3FC.A429C66SYZ.6YS6EN2CT7,327159826099,USD,0.0000016000,0.0000004000,,Requests,,,,,,,,,,21100991763,,,,,,,,,,,,,,,
vicvetecqjpjccbiv2nr3aqwi3ixehmojo6jtthugvtpqkeygtxa,2026-02-01T00:00:00Z/2026-03-01T00:00:00Z,,"Amazon Web Services, Inc.",AWS,Anniversary,595673262386,2026-02-01T00:00:00Z,2026-03-01T00:00:00Z,353545917793,Usage,2026-02-01T18:00:00Z,2026-02-01T19:00:00Z,AmazonS3,USW2-Requests-Tier2,ReadAccelerate,,frontendstackuat-artifactbucketadmind30278b4-hcgt66uec200,3.0000000000,,,USD,0.0000000000,0.0000000000,0.0000000916,0.0000002748,$0.00 per request - GET and all other requests under the monthly global free tier,,"Amazon Web Services, Inc.",Amazon Simple Storage Service,,,,,,,,,,,,,,,,,,,,,,,,,,,,,,S3-API-Tier2,GET and all other requests,,,,,,,,,US West (Oregon),AWS Region,,,,,,,,,,,,,,,,,,,,API Request,,,,us-west-2,us-west-2,,,,,AmazonS3,Amazon Simple Storage Service,E77AQEM2DC4VV3FC,,,,,,,,,,,USW2-Requests-Tier2,,,,,,E77AQEM2DC4VV3FC.A429C66SYZ.6YS6EN2CT7,327159826099,USD,0.0000012000,0.0000004000,,Requests,,,,,,,,,,21100991763,,,,,,,,,,,,,,,
5mttflcvlccch5nlzrhaegwhrxrxlwjwpbo56f2pb7yzowtkt2ra,2026-02-01T00:00:00Z/2026-03-01T00:00:00Z,,"Amazon Web Services, Inc.",AWS,Anniversary,595673262386,2026-02-01T00:00:00Z,2026-03-01T00:00:00Z,353545917793,Usage,2026-02-01T18:00:00Z,2026-02-01T19:00:00Z,AmazonS3,USW2-Requests-Tier2,ReadBucketAbac,,backendstackuat-backendartifactbucket48723263-1obosmu2ngjp,5.0000000000,,,USD,0.0000000000,0.0000000000,0.0000000916,0.0000004580,$0.00 per request - GET and all other requests under the monthly global free tier,,"Amazon Web Services, Inc.",Amazon Simple Storage Service,,,,,,,,,,,,,,,,,,,,,,,,,,,,,,S3-API-Tier2,GET and all other requests,,,,,,,,,US West (Oregon),AWS Region,,,,,,,,,,,,,,,,,,,,API Request,,,,us-west-2,us-west-2,,,,,AmazonS3,Amazon Simple Storage Service,E77AQEM2DC4VV3FC,,,,,,,,,,,USW2-Requests-Tier2,,,,,,E77AQEM2DC4VV3FC.A429C66SYZ.6YS6EN2CT7,327159826099,USD,0.0000020000,0.0000004000,,Requests,,,,,,,,,,21100991763,,,,,,,,,,,,,,,
kg3f6jt7vtnty4yfbwdp7sw6f5ejzkulj7osl2dbo3yk6rfr3xfq,2026-02-01T00:00:00Z/2026-03-01T00:00:00Z,,"Amazon Web Services, Inc.",AWS,Anniversary,595673262386,2026-02-01T00:00:00Z,2026-03-01T00:00:00Z,353545917793,Usage,2026-02-01T18:00:00Z,2026-02-01T19:00:00Z,AmazonS3,USW2-Requests-Tier2,ReadBucketAbac,,frontendstackuat-artifactbucket7410c9ef-hkqgbyrdiclg,4.0000000000,,,USD,0.0000000000,0.0000000000,0.0000000916,0.0000003664,$0.00 per request - GET and all other requests under the monthly global free tier,,"Amazon Web Services, Inc.",Amazon Simple Storage Service,,,,,,,,,,,,,,,,,,,,,,,,,,,,,,S3-API-Tier2,GET and all other requests,,,,,,,,,US West (Oregon),AWS Region,,,,,,,,,,,,,,,,,,,,API Request,,,,us-west-2,us-west-2,,,,,AmazonS3,Amazon Simple Storage Service,E77AQEM2DC4VV3FC,,,,,,,,,,,USW2-Requests-Tier2,,,,,,E77AQEM2DC4VV3FC.A429C66SYZ.6YS6EN2CT7,327159826099,USD,0.0000016000,0.0000004000,,Requests,,,,,,,,,,21100991763,,,,,,,,,,,,,,,
u3b44safohzzfhb45yudxh5xxkzlkyz4cg5u7wqbz25qtx6v2phq,2026-02-01T00:00:00Z/2026-03-01T00:00:00Z,,"Amazon Web Services, Inc.",AWS,Anniversary,595673262386,2026-02-01T00:00:00Z,2026-03-01T00:00:00Z,353545917793,Usage,2026-02-01T18:00:00Z,2026-02-01T19:00:00Z,AmazonS3,USW2-Requests-Tier2,ReadBucketAbac,,frontendstackuat-artifactbucketadmind30278b4-hcgt66uec200,3.0000000000,,,USD,0.0000000000,0.0000000000,0.0000000916,0.0000002748,$0.00 per request - GET and all other requests under the monthly global free tier,,"Amazon Web Services, Inc.",Amazon Simple Storage Service,,,,,,,,,,,,,,,,,,,,,,,,,,,,,,S3-API-Tier2,GET and all other requests,,,,,,,,,US West (Oregon),AWS Region,,,,,,,,,,,,,,,,,,,,API Request,,,,us-west-2,us-west-2,,,,,AmazonS3,Amazon Simple Storage Service,E77AQEM2DC4VV3FC,,,,,,,,,,,USW2-Requests-Tier2,,,,,,E77AQEM2DC4VV3FC.A429C66SYZ.6YS6EN2CT7,327159826099,USD,0.0000012000,0.0000004000,,Requests,,,,,,,,,,21100991763,,,,,,,,,,,,,,,
wiwexffmejp2yxmftiuhidn2bks3epvs7ocfeeno3pybw2eqwdiq,2026-02-01T00:00:00Z/2026-03-01T00:00:00Z,,"Amazon Web Services, Inc.",AWS,Anniversary,595673262386,2026-02-01T00:00:00Z,2026-03-01T00:00:00Z,353545917793,Usage,2026-02-01T18:00:00Z,2026-02-01T19:00:00Z,AmazonS3,USW2-Requests-Tier2,ReadBucketAnalytics,,backendstackuat-backendartifactbucket48723263-1obosmu2ngjp,5.0000000000,,,USD,0.0000000000,0.0000000000,0.0000000916,0.0000004580,$0.00 per request - GET and all other requests under the monthly global free tier,,"Amazon Web Services, Inc.",Amazon Simple Storage Service,,,,,,,,,,,,,,,,,,,,,,,,,,,,,,S3-API-Tier2,GET and all other requests,,,,,,,,,US West (Oregon),AWS Region,,,,,,,,,,,,,,,,,,,,API Request,,,,us-west-2,us-west-2,,,,,AmazonS3,Amazon Simple Storage Service,E77AQEM2DC4VV3FC,,,,,,,,,,,USW2-Requests-Tier2,,,,,,E77AQEM2DC4VV3FC.A429C66SYZ.6YS6EN2CT7,327159826099,USD,0.0000020000,0.0000004000,,Requests,,,,,,,,,,21100991763,,,,,,,,,,,,,,,
f3j6cinqtnrtoiccu2zr26bbcykuvrjmndh2skbscut3mujl57ka,2026-02-01T00:00:00Z/2026-03-01T00:00:00Z,,"Amazon Web Services, Inc.",AWS,Anniversary,595673262386,2026-02-01T00:00:00Z,2026-03-01T00:00:00Z,353545917793,Usage,2026-02-01T18:00:00Z,2026-02-01T19:00:00Z,AmazonS3,USW2-Requests-Tier2,ReadBucketAnalytics,,frontendstackuat-artifactbucket7410c9ef-hkqgbyrdiclg,4.0000000000,,,USD,0.0000000000,0.0000000000,0.0000000916,0.0000003664,$0.00 per request - GET and all other requests under the monthly global free tier,,"Amazon Web Services, Inc.",Amazon Simple Storage Service,,,,,,,,,,,,,,,,,,,,,,,,,,,,,,S3-API-Tier2,GET and all other requests,,,,,,,,,US West (Oregon),AWS Region,,,,,,,,,,,,,,,,,,,,API Request,,,,us-west-2,us-west-2,,,,,AmazonS3,Amazon Simple Storage Service,E77AQEM2DC4VV3FC,,,,,,,,,,,USW2-Requests-Tier2,,,,,,E77AQEM2DC4VV3FC.A429C66SYZ.6YS6EN2CT7,327159826099,USD,0.0000016000,0.0000004000,,Requests,,,,,,,,,,21100991763,,,,,,,,,,,,,,,
fpbwl5coja5ukohoxhpa4mssdow34b2ex5ypsnrfghufn5mbofxa,2026-02-01T00:00:00Z/2026-03-01T00:00:00Z,,"Amazon Web Services, Inc.",AWS,Anniversary,595673262386,2026-02-01T00:00:00Z,2026-03-01T00:00:00Z,353545917793,Usage,2026-02-01T18:00:00Z,2026-02-01T19:00:00Z,AmazonS3,USW2-Requests-Tier2,ReadBucketAnalytics,,frontendstackuat-artifactbucketadmind30278b4-hcgt66uec200,3.0000000000,,,USD,0.0000000000,0.0000000000,0.0000000916,0.0000002748,$0.00 per request - GET and all other requests under the monthly global free tier,,"Amazon Web Services, Inc.",Amazon Simple Storage Service,,,,,,,,,,,,,,,,,,,,,,,,,,,,,,S3-API-Tier2,GET and all other requests,,,,,,,,,US West (Oregon),AWS Region,,,,,,,,,,,,,,,,,,,,API Request,,,,us-west-2,us-west-2,,,,,AmazonS3,Amazon Simple Storage Service,E77AQEM2DC4VV3FC,,,,,,,,,,,USW2-Requests-Tier2,,,,,,E77AQEM2DC4VV3FC.A429C66SYZ.6YS6EN2CT7,327159826099,USD,0.0000012000,0.0000004000,,Requests,,,,,,,,,,21100991763,,,,,,,,,,,,,,,
wppxvgrmgkb32l2d3hzcedbhl3dqcylsme5wssbhbi2vy2hhir7a,2026-02-01T00:00:00Z/2026-03-01T00:00:00Z,,"Amazon Web Services, Inc.",AWS,Anniversary,595673262386,2026-02-01T00:00:00Z,2026-03-01T00:00:00Z,353545917793,Usage,2026-02-01T18:00:00Z,2026-02-01T19:00:00Z,AmazonS3,USW2-Requests-Tier2,ReadBucketCors,,backendstackuat-backendartifactbucket48723263-1obosmu2ngjp,5.0000000000,,,USD,0.0000000000,0.0000000000,0.0000000916,0.0000004580,$0.00 per request - GET and all other requests under the monthly global free tier,,"Amazon Web Services, Inc.",Amazon Simple Storage Service,,,,,,,,,,,,,,,,,,,,,,,,,,,,,,S3-API-Tier2,GET and all other requests,,,,,,,,,US West (Oregon),AWS Region,,,,,,,,,,,,,,,,,,,,API Request,,,,us-west-2,us-west-2,,,,,AmazonS3,Amazon Simple Storage Service,E77AQEM2DC4VV3FC,,,,,,,,,,,USW2-Requests-Tier2,,,,,,E77AQEM2DC4VV3FC.A429C66SYZ.6YS6EN2CT7,327159826099,USD,0.0000020000,0.0000004000,,Requests,,,,,,,,,,21100991763,,,,,,,,,,,,,,,
4wcqtf2qqj4jimkccy6rzeflq3jvc2qo6sdqk2uf57iyo2upzjoq,2026-02-01T00:00:00Z/2026-03-01T00:00:00Z,,"Amazon Web Services, Inc.",AWS,Anniversary,595673262386,2026-02-01T00:00:00Z,2026-03-01T00:00:00Z,353545917793,Usage,2026-02-01T18:00:00Z,2026-02-01T19:00:00Z,AmazonS3,USW2-Requests-Tier2,ReadBucketCors,,frontendstackuat-artifactbucket7410c9ef-hkqgbyrdiclg,4.0000000000,,,USD,0.0000000000,0.0000000000,0.0000000916,0.0000003664,$0.00 per request - GET and all other requests under the monthly global free tier,,"Amazon Web Services, Inc.",Amazon Simple Storage Service,,,,,,,,,,,,,,,,,,,,,,,,,,,,,,S3-API-Tier2,GET and all other requests,,,,,,,,,US West (Oregon),AWS Region,,,,,,,,,,,,,,,,,,,,API Request,,,,us-west-2,us-west-2,,,,,AmazonS3,Amazon Simple Storage Service,E77AQEM2DC4VV3FC,,,,,,,,,,,USW2-Requests-Tier2,,,,,,E77AQEM2DC4VV3FC.A429C66SYZ.6YS6EN2CT7,327159826099,USD,0.0000016000,0.0000004000,,Requests,,,,,,,,,,21100991763,,,,,,,,,,,,,,,
u7n2ddk3bemkf25grp7lxr7cormpn3idpu2mdprqjo7dzwmtasnq,2026-02-01T00:00:00Z/2026-03-01T00:00:00Z,,"Amazon Web Services, Inc.",AWS,Anniversary,595673262386,2026-02-01T00:00:00Z,2026-03-01T00:00:00Z,353545917793,Usage,2026-02-01T18:00:00Z,2026-02-01T19:00:00Z,AmazonS3,USW2-Requests-Tier2,ReadBucketCors,,frontendstackuat-artifactbucketadmind30278b4-hcgt66uec200,3.0000000000,,,USD,0.0000000000,0.0000000000,0.0000000916,0.0000002748,$0.00 per request - GET and all other requests under the monthly global free tier,,"Amazon Web Services, Inc.",Amazon Simple Storage Service,,,,,,,,,,,,,,,,,,,,,,,,,,,,,,S3-API-Tier2,GET and all other requests,,,,,,,,,US West (Oregon),AWS Region,,,,,,,,,,,,,,,,,,,,API Request,,,,us-west-2,us-west-2,,,,,AmazonS3,Amazon Simple Storage Service,E77AQEM2DC4VV3FC,,,,,,,,,,,USW2-Requests-Tier2,,,,,,E77AQEM2DC4VV3FC.A429C66SYZ.6YS6EN2CT7,327159826099,USD,0.0000012000,0.0000004000,,Requests,,,,,,,,,,21100991763,,,,,,,,,,,,,,,
itjegtgcfm2oqzj65bouezdu22f5xpkvklsmuf4z5ziqbyok3qwq,2026-02-01T00:00:00Z/2026-03-01T00:00:00Z,,"Amazon Web Services, Inc.",AWS,Anniversary,595673262386,2026-02-01T00:00:00Z,2026-03-01T00:00:00Z,353545917793,Usage,2026-02-01T18:00:00Z,2026-02-01T19:00:00Z,AmazonS3,USW2-Requests-Tier2,ReadBucketIntelligentTiering,,backendstackuat-backendartifactbucket48723263-1obosmu2ngjp,5.0000000000,,,USD,0.0000000000,0.0000000000,0.0000000916,0.0000004580,$0.00 per request - GET and all other requests under the monthly global free tier,,"Amazon Web Services, Inc.",Amazon Simple Storage Service,,,,,,,,,,,,,,,,,,,,,,,,,,,,,,S3-API-Tier2,GET and all other requests,,,,,,,,,US West (Oregon),AWS Region,,,,,,,,,,,,,,,,,,,,API Request,,,,us-west-2,us-west-2,,,,,AmazonS3,Amazon Simple Storage Service,E77AQEM2DC4VV3FC,,,,,,,,,,,USW2-Requests-Tier2,,,,,,E77AQEM2DC4VV3FC.A429C66SYZ.6YS6EN2CT7,327159826099,USD,0.0000020000,0.0000004000,,Requests,,,,,,,,,,21100991763,,,,,,,,,,,,,,,
2gnvew4en253gel5n7v6wlaw46lk2g2zfakx2pfwey2jjyqea2fq,2026-02-01T00:00:00Z/2026-03-01T00:00:00Z,,"Amazon Web Services, Inc.",AWS,Anniversary,595673262386,2026-02-01T00:00:00Z,2026-03-01T00:00:00Z,353545917793,Usage,2026-02-01T18:00:00Z,2026-02-01T19:00:00Z,AmazonS3,USW2-Requests-Tier2,ReadBucketIntelligentTiering,,frontendstackuat-artifactbucket7410c9ef-hkqgbyrdiclg,4.0000000000,,,USD,0.0000000000,0.0000000000,0.0000000916,0.0000003664,$0.00 per request - GET and all other requests under the monthly global free tier,,"Amazon Web Services, Inc.",Amazon Simple Storage Service,,,,,,,,,,,,,,,,,,,,,,,,,,,,,,S3-API-Tier2,GET and all other requests,,,,,,,,,US West (Oregon),AWS Region,,,,,,,,,,,,,,,,,,,,API Request,,,,us-west-2,us-west-2,,,,,AmazonS3,Amazon Simple Storage Service,E77AQEM2DC4VV3FC,,,,,,,,,,,USW2-Requests-Tier2,,,,,,E77AQEM2DC4VV3FC.A429C66SYZ.6YS6EN2CT7,327159826099,USD,0.0000016000,0.0000004000,,Requests,,,,,,,,,,21100991763,,,,,,,,,,,,,,,
gagu3ukcazvsq2tb7ebxyhfgvu56slyocf22uunou7rfrj6vhxaa,2026-02-01T00:00:00Z/2026-03-01T00:00:00Z,,"Amazon Web Services, Inc.",AWS,Anniversary,595673262386,2026-02-01T00:00:00Z,2026-03-01T00:00:00Z,353545917793,Usage,2026-02-01T18:00:00Z,2026-02-01T19:00:00Z,AmazonS3,USW2-Requests-Tier2,ReadBucketIntelligentTiering,,frontendstackuat-artifactbucketadmind30278b4-hcgt66uec200,3.0000000000,,,USD,0.0000000000,0.0000000000,0.0000000916,0.0000002748,$0.00 per request - GET and all other requests under the monthly global free tier,,"Amazon Web Services, Inc.",Amazon Simple Storage Service,,,,,,,,,,,,,,,,,,,,,,,,,,,,,,S3-API-Tier2,GET and all other requests,,,,,,,,,US West (Oregon),AWS Region,,,,,,,,,,,,,,,,,,,,API Request,,,,us-west-2,us-west-2,,,,,AmazonS3,Amazon Simple Storage Service,E77AQEM2DC4VV3FC,,,,,,,,,,,USW2-Requests-Tier2,,,,,,E77AQEM2DC4VV3FC.A429C66SYZ.6YS6EN2CT7,327159826099,USD,0.0000012000,0.0000004000,,Requests,,,,,,,,,,21100991763,,,,,,,,,,,,,,,
n57esxnufoidcgtvydxodvrca2vvull6527q3u3wzkycoiig33bq,2026-02-01T00:00:00Z/2026-03-01T00:00:00Z,,"Amazon Web Services, Inc.",AWS,Anniversary,595673262386,2026-02-01T00:00:00Z,2026-03-01T00:00:00Z,353545917793,Usage,2026-02-01T18:00:00Z,2026-02-01T19:00:00Z,AmazonS3,USW2-Requests-Tier2,ReadBucketInventory,,backendstackuat-backendartifactbucket48723263-1obosmu2ngjp,5.0000000000,,,USD,0.0000000000,0.0000000000,0.0000000916,0.0000004580,$0.00 per request - GET and all other requests under the monthly global free tier,,"Amazon Web Services, Inc.",Amazon Simple Storage Service,,,,,,,,,,,,,,,,,,,,,,,,,,,,,,S3-API-Tier2,GET and all other requests,,,,,,,,,US West (Oregon),AWS Region,,,,,,,,,,,,,,,,,,,,API Request,,,,us-west-2,us-west-2,,,,,AmazonS3,Amazon Simple Storage Service,E77AQEM2DC4VV3FC,,,,,,,,,,,USW2-Requests-Tier2,,,,,,E77AQEM2DC4VV3FC.A429C66SYZ.6YS6EN2CT7,327159826099,USD,0.0000020000,0.0000004000,,Requests,,,,,,,,,,21100991763,,,,,,,,,,,,,,,
kzsjhjymcrvxscibgeajfdixthyku57if6qaxgr6apbyduqhjlzq,2026-02-01T00:00:00Z/2026-03-01T00:00:00Z,,"Amazon Web Services, Inc.",AWS,Anniversary,595673262386,2026-02-01T00:00:00Z,2026-03-01T00:00:00Z,353545917793,Usage,2026-02-01T18:00:00Z,2026-02-01T19:00:00Z,AmazonS3,USW2-Requests-Tier2,ReadBucketInventory,,frontendstackuat-artifactbucket7410c9ef-hkqgbyrdiclg,4.0000000000,,,USD,0.0000000000,0.0000000000,0.0000000916,0.0000003664,$0.00 per request - GET and all other requests under the monthly global free tier,,"Amazon Web Services, Inc.",Amazon Simple Storage Service,,,,,,,,,,,,,,,,,,,,,,,,,,,,,,S3-API-Tier2,GET and all other requests,,,,,,,,,US West (Oregon),AWS Region,,,,,,,,,,,,,,,,,,,,API Request,,,,us-west-2,us-west-2,,,,,AmazonS3,Amazon Simple Storage Service,E77AQEM2DC4VV3FC,,,,,,,,,,,USW2-Requests-Tier2,,,,,,E77AQEM2DC4VV3FC.A429C66SYZ.6YS6EN2CT7,327159826099,USD,0.0000016000,0.0000004000,,Requests,,,,,,,,,,21100991763,,,,,,,,,,,,,,,
sdkcpksgpkv6gad5mxkceo2u4zpz7u6l3hbsfofiukd353mj6oaq,2026-02-01T00:00:00Z/2026-03-01T00:00:00Z,,"Amazon Web Services, Inc.",AWS,Anniversary,595673262386,2026-02-01T00:00:00Z,2026-03-01T00:00:00Z,353545917793,Usage,2026-02-01T18:00:00Z,2026-02-01T19:00:00Z,AmazonS3,USW2-Requests-Tier2,ReadBucketInventory,,frontendstackuat-artifactbucketadmind30278b4-hcgt66uec200,3.0000000000,,,USD,0.0000000000,0.0000000000,0.0000000916,0.0000002748,$0.00 per request - GET and all other requests under the monthly global free tier,,"Amazon Web Services, Inc.",Amazon Simple Storage Service,,,,,,,,,,,,,,,,,,,,,,,,,,,,,,S3-API-Tier2,GET and all other requests,,,,,,,,,US West (Oregon),AWS Region,,,,,,,,,,,,,,,,,,,,API Request,,,,us-west-2,us-west-2,,,,,AmazonS3,Amazon Simple Storage Service,E77AQEM2DC4VV3FC,,,,,,,,,,,USW2-Requests-Tier2,,,,,,E77AQEM2DC4VV3FC.A429C66SYZ.6YS6EN2CT7,327159826099,USD,0.0000012000,0.0000004000,,Requests,,,,,,,,,,21100991763,,,,,,,,,,,,,,,
fbnqt2znlpjff56gz56cp45wzivtbfg5nndsn47kdcssg2dgf6tq,2026-02-01T00:00:00Z/2026-03-01T00:00:00Z,,"Amazon Web Services, Inc.",AWS,Anniversary,595673262386,2026-02-01T00:00:00Z,2026-03-01T00:00:00Z,353545917793,Usage,2026-02-01T18:00:00Z,2026-02-01T19:00:00Z,AmazonS3,USW2-Requests-Tier2,ReadBucketLifecycle,,backendstackuat-backendartifactbucket48723263-1obosmu2ngjp,5.0000000000,,,USD,0.0000000000,0.0000000000,0.0000000916,0.0000004580,$0.00 per request - GET and all other requests under the monthly global free tier,,"Amazon Web Services, Inc.",Amazon Simple Storage Service,,,,,,,,,,,,,,,,,,,,,,,,,,,,,,S3-API-Tier2,GET and all other requests,,,,,,,,,US West (Oregon),AWS Region,,,,,,,,,,,,,,,,,,,,API Request,,,,us-west-2,us-west-2,,,,,AmazonS3,Amazon Simple Storage Service,E77AQEM2DC4VV3FC,,,,,,,,,,,USW2-Requests-Tier2,,,,,,E77AQEM2DC4VV3FC.A429C66SYZ.6YS6EN2CT7,327159826099,USD,0.0000020000,0.0000004000,,Requests,,,,,,,,,,21100991763,,,,,,,,,,,,,,,
om5lpy7iwfxosujnxr5c2ddirbvai4oladsho6i2mjwf5kpb5bqa,2026-02-01T00:00:00Z/2026-03-01T00:00:00Z,,"Amazon Web Services, Inc.",AWS,Anniversary,595673262386,2026-02-01T00:00:00Z,2026-03-01T00:00:00Z,353545917793,Usage,2026-02-01T18:00:00Z,2026-02-01T19:00:00Z,AmazonS3,USW2-Requests-Tier2,ReadBucketLifecycle,,frontendstackuat-artifactbucket7410c9ef-hkqgbyrdiclg,4.0000000000,,,USD,0.0000000000,0.0000000000,0.0000000916,0.0000003664,$0.00 per request - GET and all other requests under the monthly global free tier,,"Amazon Web Services, Inc.",Amazon Simple Storage Service,,,,,,,,,,,,,,,,,,,,,,,,,,,,,,S3-API-Tier2,GET and all other requests,,,,,,,,,US West (Oregon),AWS Region,,,,,,,,,,,,,,,,,,,,API Request,,,,us-west-2,us-west-2,,,,,AmazonS3,Amazon Simple Storage Service,E77AQEM2DC4VV3FC,,,,,,,,,,,USW2-Requests-Tier2,,,,,,E77AQEM2DC4VV3FC.A429C66SYZ.6YS6EN2CT7,327159826099,USD,0.0000016000,0.0000004000,,Requests,,,,,,,,,,21100991763,,,,,,,,,,,,,,,
rl3w3wtg3cvgosneq6d3pgpmmtpg2fwy3h2sy6wtdnzysp4wmp4q,2026-02-01T00:00:00Z/2026-03-01T00:00:00Z,,"Amazon Web Services, Inc.",AWS,Anniversary,595673262386,2026-02-01T00:00:00Z,2026-03-01T00:00:00Z,353545917793,Usage,2026-02-01T18:00:00Z,2026-02-01T19:00:00Z,AmazonS3,USW2-Requests-Tier2,ReadBucketLifecycle,,frontendstackuat-artifactbucketadmind30278b4-hcgt66uec200,3.0000000000,,,USD,0.0000000000,0.0000000000,0.0000000916,0.0000002748,$0.00 per request - GET and all other requests under the monthly global free tier,,"Amazon Web Services, Inc.",Amazon Simple Storage Service,,,,,,,,,,,,,,,,,,,,,,,,,,,,,,S3-API-Tier2,GET and all other requests,,,,,,,,,US West (Oregon),AWS Region,,,,,,,,,,,,,,,,,,,,API Request,,,,us-west-2,us-west-2,,,,,AmazonS3,Amazon Simple Storage Service,E77AQEM2DC4VV3FC,,,,,,,,,,,USW2-Requests-Tier2,,,,,,E77AQEM2DC4VV3FC.A429C66SYZ.6YS6EN2CT7,327159826099,USD,0.0000012000,0.0000004000,,Requests,,,,,,,,,,21100991763,,,,,,,,,,,,,,,
m5sitfu53nje2ujupwm3rg4rvnfc7tiaziocj7s2cjcct5srrcua,2026-02-01T00:00:00Z/2026-03-01T00:00:00Z,,"Amazon Web Services, Inc.",AWS,Anniversary,595673262386,2026-02-01T00:00:00Z,2026-03-01T00:00:00Z,353545917793,Usage,2026-02-01T18:00:00Z,2026-02-01T19:00:00Z,AmazonS3,USW2-Requests-Tier2,ReadBucketMetrics,,backendstackuat-backendartifactbucket48723263-1obosmu2ngjp,5.0000000000,,,USD,0.0000000000,0.0000000000,0.0000000916,0.0000004580,$0.00 per request - GET and all other requests under the monthly global free tier,,"Amazon Web Services, Inc.",Amazon Simple Storage Service,,,,,,,,,,,,,,,,,,,,,,,,,,,,,,S3-API-Tier2,GET and all other requests,,,,,,,,,US West (Oregon),AWS Region,,,,,,,,,,,,,,,,,,,,API Request,,,,us-west-2,us-west-2,,,,,AmazonS3,Amazon Simple Storage Service,E77AQEM2DC4VV3FC,,,,,,,,,,,USW2-Requests-Tier2,,,,,,E77AQEM2DC4VV3FC.A429C66SYZ.6YS6EN2CT7,327159826099,USD,0.0000020000,0.0000004000,,Requests,,,,,,,,,,21100991763,,,,,,,,,,,,,,,
gjwd5rhpwqwtcogop3ehtsug5v3mxaltoqauo7jzwy76v7spebea,2026-02-01T00:00:00Z/2026-03-01T00:00:00Z,,"Amazon Web Services, Inc.",AWS,Anniversary,595673262386,2026-02-01T00:00:00Z,2026-03-01T00:00:00Z,353545917793,Usage,2026-02-01T18:00:00Z,2026-02-01T19:00:00Z,AmazonS3,USW2-Requests-Tier2,ReadBucketMetrics,,frontendstackuat-artifactbucket7410c9ef-hkqgbyrdiclg,4.0000000000,,,USD,0.0000000000,0.0000000000,0.0000000916,0.0000003664,$0.00 per request - GET and all other requests under the monthly global free tier,,"Amazon Web Services, Inc.",Amazon Simple Storage Service,,,,,,,,,,,,,,,,,,,,,,,,,,,,,,S3-API-Tier2,GET and all other requests,,,,,,,,,US West (Oregon),AWS Region,,,,,,,,,,,,,,,,,,,,API Request,,,,us-west-2,us-west-2,,,,,AmazonS3,Amazon Simple Storage Service,E77AQEM2DC4VV3FC,,,,,,,,,,,USW2-Requests-Tier2,,,,,,E77AQEM2DC4VV3FC.A429C66SYZ.6YS6EN2CT7,327159826099,USD,0.0000016000,0.0000004000,,Requests,,,,,,,,,,21100991763,,,,,,,,,,,,,,,
dcswqwl52mbpqoeifi2jji6pov7gg6yaelyrr4i67twc25zhpxza,2026-02-01T00:00:00Z/2026-03-01T00:00:00Z,,"Amazon Web Services, Inc.",AWS,Anniversary,595673262386,2026-02-01T00:00:00Z,2026-03-01T00:00:00Z,353545917793,Usage,2026-02-01T18:00:00Z,2026-02-01T19:00:00Z,AmazonS3,USW2-Requests-Tier2,ReadBucketMetrics,,frontendstackuat-artifactbucketadmind30278b4-hcgt66uec200,3.0000000000,,,USD,0.0000000000,0.0000000000,0.0000000916,0.0000002748,$0.00 per request - GET and all other requests under the monthly global free tier,,"Amazon Web Services, Inc.",Amazon Simple Storage Service,,,,,,,,,,,,,,,,,,,,,,,,,,,,,,S3-API-Tier2,GET and all other requests,,,,,,,,,US West (Oregon),AWS Region,,,,,,,,,,,,,,,,,,,,API Request,,,,us-west-2,us-west-2,,,,,AmazonS3,Amazon Simple Storage Service,E77AQEM2DC4VV3FC,,,,,,,,,,,USW2-Requests-Tier2,,,,,,E77AQEM2DC4VV3FC.A429C66SYZ.6YS6EN2CT7,327159826099,USD,0.0000012000,0.0000004000,,Requests,,,,,,,,,,21100991763,,,,,,,,,,,,,,,
ol3eubr34pyqta4szylvl7rpcvcmn765rhn2jbcdsgoczcvejn4a,2026-02-01T00:00:00Z/2026-03-01T00:00:00Z,,"Amazon Web Services, Inc.",AWS,Anniversary,595673262386,2026-02-01T00:00:00Z,2026-03-01T00:00:00Z,353545917793,Usage,2026-02-01T18:00:00Z,2026-02-01T19:00:00Z,AmazonS3,USW2-Requests-Tier2,ReadBucketOwnershipControls,,backendstackuat-backendartifactbucket48723263-1obosmu2ngjp,5.0000000000,,,USD,0.0000000000,0.0000000000,0.0000000916,0.0000004580,$0.00 per request - GET and all other requests under the monthly global free tier,,"Amazon Web Services, Inc.",Amazon Simple Storage Service,,,,,,,,,,,,,,,,,,,,,,,,,,,,,,S3-API-Tier2,GET and all other requests,,,,,,,,,US West (Oregon),AWS Region,,,,,,,,,,,,,,,,,,,,API Request,,,,us-west-2,us-west-2,,,,,AmazonS3,Amazon Simple Storage Service,E77AQEM2DC4VV3FC,,,,,,,,,,,USW2-Requests-Tier2,,,,,,E77AQEM2DC4VV3FC.A429C66SYZ.6YS6EN2CT7,327159826099,USD,0.0000020000,0.0000004000,,Requests,,,,,,,,,,21100991763,,,,,,,,,,,,,,,
o56fv4hf62cscvy2jdbud4joehkyoywfn4m4vllioymjv75ou3gq,2026-02-01T00:00:00Z/2026-03-01T00:00:00Z,,"Amazon Web Services, Inc.",AWS,Anniversary,595673262386,2026-02-01T00:00:00Z,2026-03-01T00:00:00Z,353545917793,Usage,2026-02-01T18:00:00Z,2026-02-01T19:00:00Z,AmazonS3,USW2-Requests-Tier2,ReadBucketOwnershipControls,,frontendstackuat-artifactbucket7410c9ef-hkqgbyrdiclg,4.0000000000,,,USD,0.0000000000,0.0000000000,0.0000000916,0.0000003664,$0.00 per request - GET and all other requests under the monthly global free tier,,"Amazon Web Services, Inc.",Amazon Simple Storage Service,,,,,,,,,,,,,,,,,,,,,,,,,,,,,,S3-API-Tier2,GET and all other requests,,,,,,,,,US West (Oregon),AWS Region,,,,,,,,,,,,,,,,,,,,API Request,,,,us-west-2,us-west-2,,,,,AmazonS3,Amazon Simple Storage Service,E77AQEM2DC4VV3FC,,,,,,,,,,,USW2-Requests-Tier2,,,,,,E77AQEM2DC4VV3FC.A429C66SYZ.6YS6EN2CT7,327159826099,USD,0.0000016000,0.0000004000,,Requests,,,,,,,,,,21100991763,,,,,,,,,,,,,,,
okvoar3ay7zqvjvkcejpwktx3a2ps3jxrygp6d6orvht2qgrceuq,2026-02-01T00:00:00Z/2026-03-01T00:00:00Z,,"Amazon Web Services, Inc.",AWS,Anniversary,595673262386,2026-02-01T00:00:00Z,2026-03-01T00:00:00Z,353545917793,Usage,2026-02-01T18:00:00Z,2026-02-01T19:00:00Z,AmazonS3,USW2-Requests-Tier2,ReadBucketOwnershipControls,,frontendstackuat-artifactbucketadmind30278b4-hcgt66uec200,3.0000000000,,,USD,0.0000000000,0.0000000000,0.0000000916,0.0000002748,$0.00 per request - GET and all other requests under the monthly global free tier,,"Amazon Web Services, Inc.",Amazon Simple Storage Service,,,,,,,,,,,,,,,,,,,,,,,,,,,,,,S3-API-Tier2,GET and all other requests,,,,,,,,,US West (Oregon),AWS Region,,,,,,,,,,,,,,,,,,,,API Request,,,,us-west-2,us-west-2,,,,,AmazonS3,Amazon Simple Storage Service,E77AQEM2DC4VV3FC,,,,,,,,,,,USW2-Requests-Tier2,,,,,,E77AQEM2DC4VV3FC.A429C66SYZ.6YS6EN2CT7,327159826099,USD,0.0000012000,0.0000004000,,Requests,,,,,,,,,,21100991763,,,,,,,,,,,,,,,
xmkt3afwgquxk6orborquiwbbfou23mobcj4fzetmaqtiqjpxq2q,2026-02-01T00:00:00Z/2026-03-01T00:00:00Z,,"Amazon Web Services, Inc.",AWS,Anniversary,595673262386,2026-02-01T00:00:00Z,2026-03-01T00:00:00Z,353545917793,Usage,2026-02-01T18:00:00Z,2026-02-01T19:00:00Z,AmazonS3,USW2-Requests-Tier2,ReadBucketPublicAccessBlock,,backendstackuat-backendartifactbucket48723263-1obosmu2ngjp,5.0000000000,,,USD,0.0000000000,0.0000000000,0.0000000916,0.0000004580,$0.00 per request - GET and all other requests under the monthly global free tier,,"Amazon Web Services, Inc.",Amazon Simple Storage Service,,,,,,,,,,,,,,,,,,,,,,,,,,,,,,S3-API-Tier2,GET and all other requests,,,,,,,,,US West (Oregon),AWS Region,,,,,,,,,,,,,,,,,,,,API Request,,,,us-west-2,us-west-2,,,,,AmazonS3,Amazon Simple Storage Service,E77AQEM2DC4VV3FC,,,,,,,,,,,USW2-Requests-Tier2,,,,,,E77AQEM2DC4VV3FC.A429C66SYZ.6YS6EN2CT7,327159826099,USD,0.0000020000,0.0000004000,,Requests,,,,,,,,,,21100991763,,,,,,,,,,,,,,,
z2nscwiv7vpvigocs3ou4tchxni7fcge5lu2t7uhkd7m2tfpx2na,2026-02-01T00:00:00Z/2026-03-01T00:00:00Z,,"Amazon Web Services, Inc.",AWS,Anniversary,595673262386,2026-02-01T00:00:00Z,2026-03-01T00:00:00Z,353545917793,Usage,2026-02-01T18:00:00Z,2026-02-01T19:00:00Z,AmazonS3,USW2-Requests-Tier2,ReadBucketPublicAccessBlock,,frontendstackuat-artifactbucket7410c9ef-hkqgbyrdiclg,4.0000000000,,,USD,0.0000000000,0.0000000000,0.0000000916,0.0000003664,$0.00 per request - GET and all other requests under the monthly global free tier,,"Amazon Web Services, Inc.",Amazon Simple Storage Service,,,,,,,,,,,,,,,,,,,,,,,,,,,,,,S3-API-Tier2,GET and all other requests,,,,,,,,,US West (Oregon),AWS Region,,,,,,,,,,,,,,,,,,,,API Request,,,,us-west-2,us-west-2,,,,,AmazonS3,Amazon Simple Storage Service,E77AQEM2DC4VV3FC,,,,,,,,,,,USW2-Requests-Tier2,,,,,,E77AQEM2DC4VV3FC.A429C66SYZ.6YS6EN2CT7,327159826099,USD,0.0000016000,0.0000004000,,Requests,,,,,,,,,,21100991763,,,,,,,,,,,,,,,
pg5zl7bmzuw2lgw4di2t2c5bo6vklvpv66rgumnurjs473tgqhta,2026-02-01T00:00:00Z/2026-03-01T00:00:00Z,,"Amazon Web Services, Inc.",AWS,Anniversary,595673262386,2026-02-01T00:00:00Z,2026-03-01T00:00:00Z,353545917793,Usage,2026-02-01T18:00:00Z,2026-02-01T19:00:00Z,AmazonS3,USW2-Requests-Tier2,ReadBucketPublicAccessBlock,,frontendstackuat-artifactbucketadmind30278b4-hcgt66uec200,3.0000000000,,,USD,0.0000000000,0.0000000000,0.0000000916,0.0000002748,$0.00 per request - GET and all other requests under the monthly global free tier,,"Amazon Web Services, Inc.",Amazon Simple Storage Service,,,,,,,,,,,,,,,,,,,,,,,,,,,,,,S3-API-Tier2,GET and all other requests,,,,,,,,,US West (Oregon),AWS Region,,,,,,,,,,,,,,,,,,,,API Request,,,,us-west-2,us-west-2,,,,,AmazonS3,Amazon Simple Storage Service,E77AQEM2DC4VV3FC,,,,,,,,,,,USW2-Requests-Tier2,,,,,,E77AQEM2DC4VV3FC.A429C66SYZ.6YS6EN2CT7,327159826099,USD,0.0000012000,0.0000004000,,Requests,,,,,,,,,,21100991763,,,,,,,,,,,,,,,
2pvhglzktj3624q5dekvndpokrb2kcust375auk2si6fqisb26ra,2026-02-01T00:00:00Z/2026-03-01T00:00:00Z,,"Amazon Web Services, Inc.",AWS,Anniversary,595673262386,2026-02-01T00:00:00Z,2026-03-01T00:00:00Z,353545917793,Usage,2026-02-01T18:00:00Z,2026-02-01T19:00:00Z,AmazonS3,USW2-Requests-Tier2,ReadBucketReplication,,backendstackuat-backendartifactbucket48723263-1obosmu2ngjp,5.0000000000,,,USD,0.0000000000,0.0000000000,0.0000000916,0.0000004580,$0.00 per request - GET and all other requests under the monthly global free tier,,"Amazon Web Services, Inc.",Amazon Simple Storage Service,,,,,,,,,,,,,,,,,,,,,,,,,,,,,,S3-API-Tier2,GET and all other requests,,,,,,,,,US West (Oregon),AWS Region,,,,,,,,,,,,,,,,,,,,API Request,,,,us-west-2,us-west-2,,,,,AmazonS3,Amazon Simple Storage Service,E77AQEM2DC4VV3FC,,,,,,,,,,,USW2-Requests-Tier2,,,,,,E77AQEM2DC4VV3FC.A429C66SYZ.6YS6EN2CT7,327159826099,USD,0.0000020000,0.0000004000,,Requests,,,,,,,,,,21100991763,,,,,,,,,,,,,,,
skd4ihvg47wr66plqy6lzpn34o6dm5kkfpevhovlwv56o573mvga,2026-02-01T00:00:00Z/2026-03-01T00:00:00Z,,"Amazon Web Services, Inc.",AWS,Anniversary,595673262386,2026-02-01T00:00:00Z,2026-03-01T00:00:00Z,353545917793,Usage,2026-02-01T18:00:00Z,2026-02-01T19:00:00Z,AmazonS3,USW2-Requests-Tier2,ReadBucketReplication,,frontendstackuat-artifactbucket7410c9ef-hkqgbyrdiclg,4.0000000000,,,USD,0.0000000000,0.0000000000,0.0000000916,0.0000003664,$0.00 per request - GET and all other requests under the monthly global free tier,,"Amazon Web Services, Inc.",Amazon Simple Storage Service,,,,,,,,,,,,,,,,,,,,,,,,,,,,,,S3-API-Tier2,GET and all other requests,,,,,,,,,US West (Oregon),AWS Region,,,,,,,,,,,,,,,,,,,,API Request,,,,us-west-2,us-west-2,,,,,AmazonS3,Amazon Simple Storage Service,E77AQEM2DC4VV3FC,,,,,,,,,,,USW2-Requests-Tier2,,,,,,E77AQEM2DC4VV3FC.A429C66SYZ.6YS6EN2CT7,327159826099,USD,0.0000016000,0.0000004000,,Requests,,,,,,,,,,21100991763,,,,,,,,,,,,,,,
362tikpbpzeoqpr4zxuyzr6npvhx6ahhe47oybxpvoj53tvwvcsq,2026-02-01T00:00:00Z/2026-03-01T00:00:00Z,,"Amazon Web Services, Inc.",AWS,Anniversary,595673262386,2026-02-01T00:00:00Z,2026-03-01T00:00:00Z,353545917793,Usage,2026-02-01T18:00:00Z,2026-02-01T19:00:00Z,AmazonS3,USW2-Requests-Tier2,ReadBucketReplication,,frontendstackuat-artifactbucketadmind30278b4-hcgt66uec200,3.0000000000,,,USD,0.0000000000,0.0000000000,0.0000000916,0.0000002748,$0.00 per request - GET and all other requests under the monthly global free tier,,"Amazon Web Services, Inc.",Amazon Simple Storage Service,,,,,,,,,,,,,,,,,,,,,,,,,,,,,,S3-API-Tier2,GET and all other requests,,,,,,,,,US West (Oregon),AWS Region,,,,,,,,,,,,,,,,,,,,API Request,,,,us-west-2,us-west-2,,,,,AmazonS3,Amazon Simple Storage Service,E77AQEM2DC4VV3FC,,,,,,,,,,,USW2-Requests-Tier2,,,,,,E77AQEM2DC4VV3FC.A429C66SYZ.6YS6EN2CT7,327159826099,USD,0.0000012000,0.0000004000,,Requests,,,,,,,,,,21100991763,,,,,,,,,,,,,,,
hz3zqs3ndkeswbrjggybigqunrs6flfdlz6qtd4xl7qpfxmt2qxa,2026-02-01T00:00:00Z/2026-03-01T00:00:00Z,,"Amazon Web Services, Inc.",AWS,Anniversary,595673262386,2026-02-01T00:00:00Z,2026-03-01T00:00:00Z,353545917793,Usage,2026-02-01T18:00:00Z,2026-02-01T19:00:00Z,AmazonS3,USW2-Requests-Tier2,ReadBucketServerSideEncryption,,backendstackuat-backendartifactbucket48723263-1obosmu2ngjp,5.0000000000,,,USD,0.0000000000,0.0000000000,0.0000000916,0.0000004580,$0.00 per request - GET and all other requests under the monthly global free tier,,"Amazon Web Services, Inc.",Amazon Simple Storage Service,,,,,,,,,,,,,,,,,,,,,,,,,,,,,,S3-API-Tier2,GET and all other requests,,,,,,,,,US West (Oregon),AWS Region,,,,,,,,,,,,,,,,,,,,API Request,,,,us-west-2,us-west-2,,,,,AmazonS3,Amazon Simple Storage Service,E77AQEM2DC4VV3FC,,,,,,,,,,,USW2-Requests-Tier2,,,,,,E77AQEM2DC4VV3FC.A429C66SYZ.6YS6EN2CT7,327159826099,USD,0.0000020000,0.0000004000,,Requests,,,,,,,,,,21100991763,,,,,,,,,,,,,,,
fhqgxizxj62wg6ufyj6zurakxyds5gmswju5mbungrrjb5iazccq,2026-02-01T00:00:00Z/2026-03-01T00:00:00Z,,"Amazon Web Services, Inc.",AWS,Anniversary,595673262386,2026-02-01T00:00:00Z,2026-03-01T00:00:00Z,353545917793,Usage,2026-02-01T18:00:00Z,2026-02-01T19:00:00Z,AmazonS3,USW2-Requests-Tier2,ReadBucketServerSideEncryption,,cdk-hnb659fds-assets-353545917793-us-west-2,2.0000000000,,,USD,0.0000000000,0.0000000000,0.0000000916,0.0000001832,$0.00 per request - GET and all other requests under the monthly global free tier,,"Amazon Web Services, Inc.",Amazon Simple Storage Service,,,,,,,,,,,,,,,,,,,,,,,,,,,,,,S3-API-Tier2,GET and all other requests,,,,,,,,,US West (Oregon),AWS Region,,,,,,,,,,,,,,,,,,,,API Request,,,,us-west-2,us-west-2,,,,,AmazonS3,Amazon Simple Storage Service,E77AQEM2DC4VV3FC,,,,,,,,,,,USW2-Requests-Tier2,,,,,,E77AQEM2DC4VV3FC.A429C66SYZ.6YS6EN2CT7,327159826099,USD,0.0000008000,0.0000004000,,Requests,,,,,,,,,,21100991763,,,,,,,,,,,,,,,
z2a7joovl7pblw7fcem7rk3vd5xwxb7lqtsiseca4sofxvj5ofpa,2026-02-01T00:00:00Z/2026-03-01T00:00:00Z,,"Amazon Web Services, Inc.",AWS,Anniversary,595673262386,2026-02-01T00:00:00Z,2026-03-01T00:00:00Z,353545917793,Usage,2026-02-01T18:00:00Z,2026-02-01T19:00:00Z,AmazonS3,USW2-Requests-Tier2,ReadBucketServerSideEncryption,,frontendstackuat-artifactbucket7410c9ef-hkqgbyrdiclg,4.0000000000,,,USD,0.0000000000,0.0000000000,0.0000000916,0.0000003664,$0.00 per request - GET and all other requests under the monthly global free tier,,"Amazon Web Services, Inc.",Amazon Simple Storage Service,,,,,,,,,,,,,,,,,,,,,,,,,,,,,,S3-API-Tier2,GET and all other requests,,,,,,,,,US West (Oregon),AWS Region,,,,,,,,,,,,,,,,,,,,API Request,,,,us-west-2,us-west-2,,,,,AmazonS3,Amazon Simple Storage Service,E77AQEM2DC4VV3FC,,,,,,,,,,,USW2-Requests-Tier2,,,,,,E77AQEM2DC4VV3FC.A429C66SYZ.6YS6EN2CT7,327159826099,USD,0.0000016000,0.0000004000,,Requests,,,,,,,,,,21100991763,,,,,,,,,,,,,,,
xufwsoliuwv42ueo53k5aympr4gbj34za3tnukib45wznmoteqga,2026-02-01T00:00:00Z/2026-03-01T00:00:00Z,,"Amazon Web Services, Inc.",AWS,Anniversary,595673262386,2026-02-01T00:00:00Z,2026-03-01T00:00:00Z,353545917793,Usage,2026-02-01T18:00:00Z,2026-02-01T19:00:00Z,AmazonS3,USW2-Requests-Tier2,ReadBucketServerSideEncryption,,frontendstackuat-artifactbucketadmind30278b4-hcgt66uec200,3.0000000000,,,USD,0.0000000000,0.0000000000,0.0000000916,0.0000002748,$0.00 per request - GET and all other requests under the monthly global free tier,,"Amazon Web Services, Inc.",Amazon Simple Storage Service,,,,,,,,,,,,,,,,,,,,,,,,,,,,,,S3-API-Tier2,GET and all other requests,,,,,,,,,US West (Oregon),AWS Region,,,,,,,,,,,,,,,,,,,,API Request,,,,us-west-2,us-west-2,,,,,AmazonS3,Amazon Simple Storage Service,E77AQEM2DC4VV3FC,,,,,,,,,,,USW2-Requests-Tier2,,,,,,E77AQEM2DC4VV3FC.A429C66SYZ.6YS6EN2CT7,327159826099,USD,0.0000012000,0.0000004000,,Requests,,,,,,,,,,21100991763,,,,,,,,,,,,,,,
vwqvowlrofo3ysaqv3b43earoy4dbwxjl4pgi6myyb2vo4lc5vpa,2026-02-01T00:00:00Z/2026-03-01T00:00:00Z,,"Amazon Web Services, Inc.",AWS,Anniversary,595673262386,2026-02-01T00:00:00Z,2026-03-01T00:00:00Z,353545917793,Usage,2026-02-01T18:00:00Z,2026-02-01T19:00:00Z,AmazonS3,USW2-Requests-Tier2,ReadLocation,,cdk-hnb659fds-assets-353545917793-us-west-2,2.0000000000,,,USD,0.0000000000,0.0000000000,0.0000000916,0.0000001832,$0.00 per request - GET and all other requests under the monthly global free tier,,"Amazon Web Services, Inc.",Amazon Simple Storage Service,,,,,,,,,,,,,,,,,,,,,,,,,,,,,,S3-API-Tier2,GET and all other requests,,,,,,,,,US West (Oregon),AWS Region,,,,,,,,,,,,,,,,,,,,API Request,,,,us-west-2,us-west-2,,,,,AmazonS3,Amazon Simple Storage Service,E77AQEM2DC4VV3FC,,,,,,,,,,,USW2-Requests-Tier2,,,,,,E77AQEM2DC4VV3FC.A429C66SYZ.6YS6EN2CT7,327159826099,USD,0.0000008000,0.0000004000,,Requests,,,,,,,,,,21100991763,,,,,,,,,,,,,,,
ecooetj6quelipae5wvl2ynxvb3b4cdnbyz3xgpj4b7o6j5jbwuq,2026-02-01T00:00:00Z/2026-03-01T00:00:00Z,,"Amazon Web Services, Inc.",AWS,Anniversary,595673262386,2026-02-01T00:00:00Z,2026-03-01T00:00:00Z,353545917793,Usage,2026-02-01T18:00:00Z,2026-02-01T19:00:00Z,AmazonS3,USW2-Requests-Tier2,ReadLogProps,,backendstackuat-backendartifactbucket48723263-1obosmu2ngjp,5.0000000000,,,USD,0.0000000000,0.0000000000,0.0000000916,0.0000004580,$0.00 per request - GET and all other requests under the monthly global free tier,,"Amazon Web Services, Inc.",Amazon Simple Storage Service,,,,,,,,,,,,,,,,,,,,,,,,,,,,,,S3-API-Tier2,GET and all other requests,,,,,,,,,US West (Oregon),AWS Region,,,,,,,,,,,,,,,,,,,,API Request,,,,us-west-2,us-west-2,,,,,AmazonS3,Amazon Simple Storage Service,E77AQEM2DC4VV3FC,,,,,,,,,,,USW2-Requests-Tier2,,,,,,E77AQEM2DC4VV3FC.A429C66SYZ.6YS6EN2CT7,327159826099,USD,0.0000020000,0.0000004000,,Requests,,,,,,,,,,21100991763,,,,,,,,,,,,,,,
ogiu2d5sd5xog6ppil5rowg4hk67ddcxj3jiaqpkk7gvpvcpbbrq,2026-02-01T00:00:00Z/2026-03-01T00:00:00Z,,"Amazon Web Services, Inc.",AWS,Anniversary,595673262386,2026-02-01T00:00:00Z,2026-03-01T00:00:00Z,353545917793,Usage,2026-02-01T18:00:00Z,2026-02-01T19:00:00Z,AmazonS3,USW2-Requests-Tier2,ReadLogProps,,frontendstackuat-artifactbucket7410c9ef-hkqgbyrdiclg,4.0000000000,,,USD,0.0000000000,0.0000000000,0.0000000916,0.0000003664,$0.00 per request - GET and all other requests under the monthly global free tier,,"Amazon Web Services, Inc.",Amazon Simple Storage Service,,,,,,,,,,,,,,,,,,,,,,,,,,,,,,S3-API-Tier2,GET and all other requests,,,,,,,,,US West (Oregon),AWS Region,,,,,,,,,,,,,,,,,,,,API Request,,,,us-west-2,us-west-2,,,,,AmazonS3,Amazon Simple Storage Service,E77AQEM2DC4VV3FC,,,,,,,,,,,USW2-Requests-Tier2,,,,,,E77AQEM2DC4VV3FC.A429C66SYZ.6YS6EN2CT7,327159826099,USD,0.0000016000,0.0000004000,,Requests,,,,,,,,,,21100991763,,,,,,,,,,,,,,,
iadztysnzk45gz56eqdquux2yeeacrwjsb2zxtch2xpw3amaymlq,2026-02-01T00:00:00Z/2026-03-01T00:00:00Z,,"Amazon Web Services, Inc.",AWS,Anniversary,595673262386,2026-02-01T00:00:00Z,2026-03-01T00:00:00Z,353545917793,Usage,2026-02-01T18:00:00Z,2026-02-01T19:00:00Z,AmazonS3,USW2-Requests-Tier2,ReadLogProps,,frontendstackuat-artifactbucketadmind30278b4-hcgt66uec200,3.0000000000,,,USD,0.0000000000,0.0000000000,0.0000000916,0.0000002748,$0.00 per request - GET and all other requests under the monthly global free tier,,"Amazon Web Services, Inc.",Amazon Simple Storage Service,,,,,,,,,,,,,,,,,,,,,,,,,,,,,,S3-API-Tier2,GET and all other requests,,,,,,,,,US West (Oregon),AWS Region,,,,,,,,,,,,,,,,,,,,API Request,,,,us-west-2,us-west-2,,,,,AmazonS3,Amazon Simple Storage Service,E77AQEM2DC4VV3FC,,,,,,,,,,,USW2-Requests-Tier2,,,,,,E77AQEM2DC4VV3FC.A429C66SYZ.6YS6EN2CT7,327159826099,USD,0.0000012000,0.0000004000,,Requests,,,,,,,,,,21100991763,,,,,,,,,,,,,,,
ovgst24g6ny7esspf6dhfm6wi7xrh6hsbunpfhimwl6ycopdslcq,2026-02-01T00:00:00Z/2026-03-01T00:00:00Z,,"Amazon Web Services, Inc.",AWS,Anniversary,595673262386,2026-02-01T00:00:00Z,2026-03-01T00:00:00Z,353545917793,Usage,2026-02-01T18:00:00Z,2026-02-01T19:00:00Z,AmazonS3,USW2-Requests-Tier2,ReadNotificationProps,,backendstackuat-backendartifactbucket48723263-1obosmu2ngjp,5.0000000000,,,USD,0.0000000000,0.0000000000,0.0000000916,0.0000004580,$0.00 per request - GET and all other requests under the monthly global free tier,,"Amazon Web Services, Inc.",Amazon Simple Storage Service,,,,,,,,,,,,,,,,,,,,,,,,,,,,,,S3-API-Tier2,GET and all other requests,,,,,,,,,US West (Oregon),AWS Region,,,,,,,,,,,,,,,,,,,,API Request,,,,us-west-2,us-west-2,,,,,AmazonS3,Amazon Simple Storage Service,E77AQEM2DC4VV3FC,,,,,,,,,,,USW2-Requests-Tier2,,,,,,E77AQEM2DC4VV3FC.A429C66SYZ.6YS6EN2CT7,327159826099,USD,0.0000020000,0.0000004000,,Requests,,,,,,,,,,21100991763,,,,,,,,,,,,,,,
xgcywgwgti7qzfongfl673f55wajberygsicfcmklfv2lbgsxxkq,2026-02-01T00:00:00Z/2026-03-01T00:00:00Z,,"Amazon Web Services, Inc.",AWS,Anniversary,595673262386,2026-02-01T00:00:00Z,2026-03-01T00:00:00Z,353545917793,Usage,2026-02-01T18:00:00Z,2026-02-01T19:00:00Z,AmazonS3,USW2-Requests-Tier2,ReadNotificationProps,,frontendstackuat-artifactbucket7410c9ef-hkqgbyrdiclg,4.0000000000,,,USD,0.0000000000,0.0000000000,0.0000000916,0.0000003664,$0.00 per request - GET and all other requests under the monthly global free tier,,"Amazon Web Services, Inc.",Amazon Simple Storage Service,,,,,,,,,,,,,,,,,,,,,,,,,,,,,,S3-API-Tier2,GET and all other requests,,,,,,,,,US West (Oregon),AWS Region,,,,,,,,,,,,,,,,,,,,API Request,,,,us-west-2,us-west-2,,,,,AmazonS3,Amazon Simple Storage Service,E77AQEM2DC4VV3FC,,,,,,,,,,,USW2-Requests-Tier2,,,,,,E77AQEM2DC4VV3FC.A429C66SYZ.6YS6EN2CT7,327159826099,USD,0.0000016000,0.0000004000,,Requests,,,,,,,,,,21100991763,,,,,,,,,,,,,,,
zf57eyymfljz2bjuw3wrceebvovvvb4jptqitkrxhjpdst7l52eq,2026-02-01T00:00:00Z/2026-03-01T00:00:00Z,,"Amazon Web Services, Inc.",AWS,Anniversary,595673262386,2026-02-01T00:00:00Z,2026-03-01T00:00:00Z,353545917793,Usage,2026-02-01T18:00:00Z,2026-02-01T19:00:00Z,AmazonS3,USW2-Requests-Tier2,ReadNotificationProps,,frontendstackuat-artifactbucketadmind30278b4-hcgt66uec200,3.0000000000,,,USD,0.0000000000,0.0000000000,0.0000000916,0.0000002748,$0.00 per request - GET and all other requests under the monthly global free tier,,"Amazon Web Services, Inc.",Amazon Simple Storage Service,,,,,,,,,,,,,,,,,,,,,,,,,,,,,,S3-API-Tier2,GET and all other requests,,,,,,,,,US West (Oregon),AWS Region,,,,,,,,,,,,,,,,,,,,API Request,,,,us-west-2,us-west-2,,,,,AmazonS3,Amazon Simple Storage Service,E77AQEM2DC4VV3FC,,,,,,,,,,,USW2-Requests-Tier2,,,,,,E77AQEM2DC4VV3FC.A429C66SYZ.6YS6EN2CT7,327159826099,USD,0.0000012000,0.0000004000,,Requests,,,,,,,,,,21100991763,,,,,,,,,,,,,,,
fbvupwnrg5k45apkshqi5ia3l76keb4dtmtomqxtxocka26uwm6q,2026-02-01T00:00:00Z/2026-03-01T00:00:00Z,,"Amazon Web Services, Inc.",AWS,Anniversary,595673262386,2026-02-01T00:00:00Z,2026-03-01T00:00:00Z,353545917793,Usage,2026-02-01T18:00:00Z,2026-02-01T19:00:00Z,AmazonS3,USW2-Requests-Tier2,ReadVersioningProps,,backendstackuat-backendartifactbucket48723263-1obosmu2ngjp,5.0000000000,,,USD,0.0000000000,0.0000000000,0.0000000916,0.0000004580,$0.00 per request - GET and all other requests under the monthly global free tier,,"Amazon Web Services, Inc.",Amazon Simple Storage Service,,,,,,,,,,,,,,,,,,,,,,,,,,,,,,S3-API-Tier2,GET and all other requests,,,,,,,,,US West (Oregon),AWS Region,,,,,,,,,,,,,,,,,,,,API Request,,,,us-west-2,us-west-2,,,,,AmazonS3,Amazon Simple Storage Service,E77AQEM2DC4VV3FC,,,,,,,,,,,USW2-Requests-Tier2,,,,,,E77AQEM2DC4VV3FC.A429C66SYZ.6YS6EN2CT7,327159826099,USD,0.0000020000,0.0000004000,,Requests,,,,,,,,,,21100991763,,,,,,,,,,,,,,,
hzli3bq55bhbnvbd2ftgwrtvn7jmh6ch33drdxxg77fv3p55jp4q,2026-02-01T00:00:00Z/2026-03-01T00:00:00Z,,"Amazon Web Services, Inc.",AWS,Anniversary,595673262386,2026-02-01T00:00:00Z,2026-03-01T00:00:00Z,353545917793,Usage,2026-02-01T18:00:00Z,2026-02-01T19:00:00Z,AmazonS3,USW2-Requests-Tier2,ReadVersioningProps,,frontendstackuat-artifactbucket7410c9ef-hkqgbyrdiclg,4.0000000000,,,USD,0.0000000000,0.0000000000,0.0000000916,0.0000003664,$0.00 per request - GET and all other requests under the monthly global free tier,,"Amazon Web Services, Inc.",Amazon Simple Storage Service,,,,,,,,,,,,,,,,,,,,,,,,,,,,,,S3-API-Tier2,GET and all other requests,,,,,,,,,US West (Oregon),AWS Region,,,,,,,,,,,,,,,,,,,,API Request,,,,us-west-2,us-west-2,,,,,AmazonS3,Amazon Simple Storage Service,E77AQEM2DC4VV3FC,,,,,,,,,,,USW2-Requests-Tier2,,,,,,E77AQEM2DC4VV3FC.A429C66SYZ.6YS6EN2CT7,327159826099,USD,0.0000016000,0.0000004000,,Requests,,,,,,,,,,21100991763,,,,,,,,,,,,,,,
3rhbtc2dgu3dr5fterwhkh4svclckuqe5sbqznhvf736om7i6psa,2026-02-01T00:00:00Z/2026-03-01T00:00:00Z,,"Amazon Web Services, Inc.",AWS,Anniversary,595673262386,2026-02-01T00:00:00Z,2026-03-01T00:00:00Z,353545917793,Usage,2026-02-01T18:00:00Z,2026-02-01T19:00:00Z,AmazonS3,USW2-Requests-Tier2,ReadVersioningProps,,frontendstackuat-artifactbucketadmind30278b4-hcgt66uec200,3.0000000000,,,USD,0.0000000000,0.0000000000,0.0000000916,0.0000002748,$0.00 per request - GET and all other requests under the monthly global free tier,,"Amazon Web Services, Inc.",Amazon Simple Storage Service,,,,,,,,,,,,,,,,,,,,,,,,,,,,,,S3-API-Tier2,GET and all other requests,,,,,,,,,US West (Oregon),AWS Region,,,,,,,,,,,,,,,,,,,,API Request,,,,us-west-2,us-west-2,,,,,AmazonS3,Amazon Simple Storage Service,E77AQEM2DC4VV3FC,,,,,,,,,,,USW2-Requests-Tier2,,,,,,E77AQEM2DC4VV3FC.A429C66SYZ.6YS6EN2CT7,327159826099,USD,0.0000012000,0.0000004000,,Requests,,,,,,,,,,21100991763,,,,,,,,,,,,,,,
auocsj2b3i2amhydn5bdxfs2dcxgg5ehoovq6s5yrp2ygvqfb7ma,2026-02-01T00:00:00Z/2026-03-01T00:00:00Z,,"Amazon Web Services, Inc.",AWS,Anniversary,595673262386,2026-02-01T00:00:00Z,2026-03-01T00:00:00Z,353545917793,Usage,2026-02-02T07:00:00Z,2026-02-02T09:00:00Z,AmazonS3,USW2-Requests-Tier2,GetBucketMetadataConfig,,model-usage-sindh-obudsman,7.0000000000,,,USD,0.0000004000,0.0000028000,0.0000000916,0.0000006412,"$0.004 per 10,000 GET and all other requests",,"Amazon Web Services, Inc.",Amazon Simple Storage Service,,,,,,,,,,,,,,,,,,,,,,,,,,,,,,S3-API-Tier2,GET and all other requests,,,,,,,,,US West (Oregon),AWS Region,,,,,,,,,,,,,,,,,,,,API Request,,,,us-west-2,us-west-2,,,,,AmazonS3,Amazon Simple Storage Service,E77AQEM2DC4VV3FC,,,,,,,,,,,USW2-Requests-Tier2,,,,,,E77AQEM2DC4VV3FC.JRTCKXETXF.6YS6EN2CT7,327192957120,USD,0.0000028000,0.0000004000,OnDemand,Requests,,,,,,,,,,21100991763,,,,,,,,,,,,,,,
rwn47jasuxnhidshoak65p34ecdfwooljwendbedxpvhp7p4vkjq,2026-02-01T00:00:00Z/2026-03-01T00:00:00Z,,"Amazon Web Services, Inc.",AWS,Anniversary,595673262386,2026-02-01T00:00:00Z,2026-03-01T00:00:00Z,353545917793,Usage,2026-02-02T10:00:00Z,2026-02-02T11:00:00Z,AmazonS3,USW2-Requests-Tier2,GetBucketMetadataConfig,,s3bucketforizza,2.0000000000,,,USD,0.0000004000,0.0000008000,0.0000000916,0.0000001832,"$0.004 per 10,000 GET and all other requests",,"Amazon Web Services, Inc.",Amazon Simple Storage Service,,,,,,,,,,,,,,,,,,,,,,,,,,,,,,S3-API-Tier2,GET and all other requests,,,,,,,,,US West (Oregon),AWS Region,,,,,,,,,,,,,,,,,,,,API Request,,,,us-west-2,us-west-2,,,,,AmazonS3,Amazon Simple Storage Service,E77AQEM2DC4VV3FC,,,,,,,,,,,USW2-Requests-Tier2,,,,,,E77AQEM2DC4VV3FC.JRTCKXETXF.6YS6EN2CT7,327192957120,USD,0.0000008000,0.0000004000,OnDemand,Requests,,,,,,,,,,21100991763,,,,,,,,,,,,,,,
dz6pn5jjkv2ztb2qhcwk7bocsrtdkoybyetpdigb37g3yq65ru7a,2026-02-01T00:00:00Z/2026-03-01T00:00:00Z,,"Amazon Web Services, Inc.",AWS,Anniversary,595673262386,2026-02-01T00:00:00Z,2026-03-01T00:00:00Z,353545917793,Usage,2026-02-02T08:00:00Z,2026-02-02T09:00:00Z,AmazonS3,USW2-Requests-Tier2,GetObject,,backendstack-backendartifactbucket48723263-3spbxgacohfr,4.0000000000,,,USD,0.0000004000,0.0000016000,0.0000000916,0.0000003664,"$0.004 per 10,000 GET and all other requests",,"Amazon Web Services, Inc.",Amazon Simple Storage Service,,,,,,,,,,,,,,,,,,,,,,,,,,,,,,S3-API-Tier2,GET and all other requests,,,,,,,,,US West (Oregon),AWS Region,,,,,,,,,,,,,,,,,,,,API Request,,,,us-west-2,us-west-2,,,,,AmazonS3,Amazon Simple Storage Service,E77AQEM2DC4VV3FC,,,,,,,,,,,USW2-Requests-Tier2,,,,,,E77AQEM2DC4VV3FC.JRTCKXETXF.6YS6EN2CT7,327192957120,USD,0.0000016000,0.0000004000,OnDemand,Requests,,,,,,,,,,21100991763,,,,,,,,,,,,,,,
zrx3kyxvey3c5sii3pii3f7o3ljeafeenb7mgivqoxfu67tfuura,2026-02-01T00:00:00Z/2026-03-01T00:00:00Z,,"Amazon Web Services, Inc.",AWS,Anniversary,595673262386,2026-02-01T00:00:00Z,2026-03-01T00:00:00Z,353545917793,Usage,2026-02-02T10:00:00Z,2026-02-02T11:00:00Z,AmazonS3,USW2-Requests-Tier2,GetObject,,notification-templates-socms-dev-uat,23.0000000000,,,USD,0.0000004000,0.0000092000,0.0000000916,0.0000021068,"$0.004 per 10,000 GET and all other requests",,"Amazon Web Services, Inc.",Amazon Simple Storage Service,,,,,,,,,,,,,,,,,,,,,,,,,,,,,,S3-API-Tier2,GET and all other requests,,,,,,,,,US West (Oregon),AWS Region,,,,,,,,,,,,,,,,,,,,API Request,,,,us-west-2,us-west-2,,,,,AmazonS3,Amazon Simple Storage Service,E77AQEM2DC4VV3FC,,,,,,,,,,,USW2-Requests-Tier2,,,,,,E77AQEM2DC4VV3FC.JRTCKXETXF.6YS6EN2CT7,327192957120,USD,0.0000092000,0.0000004000,OnDemand,Requests,,,,,,,,,,21100991763,,,,,,,,,,,,,,,
6smsw6cnwjlpva43oiphrgtcuh4vrtddlrbydkgemx4tpse6m6ta,2026-02-01T00:00:00Z/2026-03-01T00:00:00Z,,"Amazon Web Services, Inc.",AWS,Anniversary,595673262386,2026-02-01T00:00:00Z,2026-03-01T00:00:00Z,353545917793,Usage,2026-02-02T08:00:00Z,2026-02-02T11:00:00Z,AmazonS3,USW2-Requests-Tier2,GetObject,,notification-templates-socms-prod,4613.0000000000,,,USD,0.0000004000,0.0018452000,0.0000000916,0.0004225508,"$0.004 per 10,000 GET and all other requests",,"Amazon Web Services, Inc.",Amazon Simple Storage Service,,,,,,,,,,,,,,,,,,,,,,,,,,,,,,S3-API-Tier2,GET and all other requests,,,,,,,,,US West (Oregon),AWS Region,,,,,,,,,,,,,,,,,,,,API Request,,,,us-west-2,us-west-2,,,,,AmazonS3,Amazon Simple Storage Service,E77AQEM2DC4VV3FC,,,,,,,,,,,USW2-Requests-Tier2,,,,,,E77AQEM2DC4VV3FC.JRTCKXETXF.6YS6EN2CT7,327192957120,USD,0.0018452000,0.0000004000,OnDemand,Requests,,,,,,,,,,21100991763,,,,,,,,,,,,,,,
6ibrzddigmrxnrdeyyywypw6vdtqciyhcipodmznbszouwsui6iq,2026-02-01T00:00:00Z/2026-03-01T00:00:00Z,,"Amazon Web Services, Inc.",AWS,Anniversary,595673262386,2026-02-01T00:00:00Z,2026-03-01T00:00:00Z,353545917793,Usage,2026-02-02T09:00:00Z,2026-02-02T11:00:00Z,AmazonS3,USW2-Requests-Tier2,GetObject,,s3stack-userfileuploadbucket259f036a-aoe8urrbevxw,83.0000000000,,,USD,0.0000004000,0.0000332000,0.0000000916,0.0000076028,"$0.004 per 10,000 GET and all other requests",,"Amazon Web Services, Inc.",Amazon Simple Storage Service,,,,,,,,,,,,,,,,,,,,,,,,,,,,,,S3-API-Tier2,GET and all other requests,,,,,,,,,US West (Oregon),AWS Region,,,,,,,,,,,,,,,,,,,,API Request,,,,us-west-2,us-west-2,,,,,AmazonS3,Amazon Simple Storage Service,E77AQEM2DC4VV3FC,,,,,,,,,,,USW2-Requests-Tier2,,,,,,E77AQEM2DC4VV3FC.JRTCKXETXF.6YS6EN2CT7,327192957120,USD,0.0000332000,0.0000004000,OnDemand,Requests,,,,,,,,,,21100991763,,,,,,,,,,,,,,,
maabuf4jkwavxyanslyvwgvdss5y2wv4i2g2cj4homqlxv2afata,2026-02-01T00:00:00Z/2026-03-01T00:00:00Z,,"Amazon Web Services, Inc.",AWS,Anniversary,595673262386,2026-02-01T00:00:00Z,2026-03-01T00:00:00Z,353545917793,Usage,2026-02-02T09:00:00Z,2026-02-02T11:00:00Z,AmazonS3,USW2-Requests-Tier2,GetObject,,s3stack-userfileuploadbucketprod5670d977-cc1o6umd6ksg,315.0000000000,,,USD,0.0000004000,0.0001260000,0.0000000916,0.0000288540,"$0.004 per 10,000 GET and all other requests",,"Amazon Web Services, Inc.",Amazon Simple Storage Service,,,,,,,,,,,,,,,,,,,,,,,,,,,,,,S3-API-Tier2,GET and all other requests,,,,,,,,,US West (Oregon),AWS Region,,,,,,,,,,,,,,,,,,,,API Request,,,,us-west-2,us-west-2,,,,,AmazonS3,Amazon Simple Storage Service,E77AQEM2DC4VV3FC,,,,,,,,,,,USW2-Requests-Tier2,,,,,,E77AQEM2DC4VV3FC.JRTCKXETXF.6YS6EN2CT7,327192957120,USD,0.0001260000,0.0000004000,OnDemand,Requests,,,,,,,,,,21100991763,,,,,,,,,,,,,,,
5yuem2sp6qh46mv2vcc6jgjef2mvc4y3xuvannplnhwnep7humia,2026-02-01T00:00:00Z/2026-03-01T00:00:00Z,,"Amazon Web Services, Inc.",AWS,Anniversary,595673262386,2026-02-01T00:00:00Z,2026-03-01T00:00:00Z,353545917793,Usage,2026-02-02T07:00:00Z,2026-02-02T11:00:00Z,AmazonS3,USW2-Requests-Tier2,HeadBucket,,athena-logs-xyz123,11.0000000000,,,USD,0.0000004000,0.0000044000,0.0000000916,0.0000010076,"$0.004 per 10,000 GET and all other requests",,"Amazon Web Services, Inc.",Amazon Simple Storage Service,,,,,,,,,,,,,,,,,,,,,,,,,,,,,,S3-API-Tier2,GET and all other requests,,,,,,,,,US West (Oregon),AWS Region,,,,,,,,,,,,,,,,,,,,API Request,,,,us-west-2,us-west-2,,,,,AmazonS3,Amazon Simple Storage Service,E77AQEM2DC4VV3FC,,,,,,,,,,,USW2-Requests-Tier2,,,,,,E77AQEM2DC4VV3FC.JRTCKXETXF.6YS6EN2CT7,327192957120,USD,0.0000044000,0.0000004000,OnDemand,Requests,,,,,,,,,,21100991763,,,,,,,,,,,,,,,
omwh7ygbohgs6wdnd6sx2ijxgixckld6pq2p4cjadbenvxzbujsa,2026-02-01T00:00:00Z/2026-03-01T00:00:00Z,,"Amazon Web Services, Inc.",AWS,Anniversary,595673262386,2026-02-01T00:00:00Z,2026-03-01T00:00:00Z,353545917793,Usage,2026-02-02T07:00:00Z,2026-02-02T11:00:00Z,AmazonS3,USW2-Requests-Tier2,HeadBucket,,attachment-bucket-11222,11.0000000000,,,USD,0.0000004000,0.0000044000,0.0000000916,0.0000010076,"$0.004 per 10,000 GET and all other requests",,"Amazon Web Services, Inc.",Amazon Simple Storage Service,,,,,,,,,,,,,,,,,,,,,,,,,,,,,,S3-API-Tier2,GET and all other requests,,,,,,,,,US West (Oregon),AWS Region,,,,,,,,,,,,,,,,,,,,API Request,,,,us-west-2,us-west-2,,,,,AmazonS3,Amazon Simple Storage Service,E77AQEM2DC4VV3FC,,,,,,,,,,,USW2-Requests-Tier2,,,,,,E77AQEM2DC4VV3FC.JRTCKXETXF.6YS6EN2CT7,327192957120,USD,0.0000044000,0.0000004000,OnDemand,Requests,,,,,,,,,,21100991763,,,,,,,,,,,,,,,
baw2oojg5fdhpznlw2ikeilc5g6ie5bxiuatz7xxayvuw7jah2hq,2026-02-01T00:00:00Z/2026-03-01T00:00:00Z,,"Amazon Web Services, Inc.",AWS,Anniversary,595673262386,2026-02-01T00:00:00Z,2026-03-01T00:00:00Z,353545917793,Usage,2026-02-02T07:00:00Z,2026-02-02T11:00:00Z,AmazonS3,USW2-Requests-Tier2,HeadBucket,,aws-sam-cli-managed-default-samclisourcebucket-zloxm0n9qfx4,12.0000000000,,,USD,0.0000004000,0.0000048000,0.0000000916,0.0000010992,"$0.004 per 10,000 GET and all other requests",,"Amazon Web Services, Inc.",Amazon Simple Storage Service,,,,,,,,,,,,,,,,,,,,,,,,,,,,,,S3-API-Tier2,GET and all other requests,,,,,,,,,US West (Oregon),AWS Region,,,,,,,,,,,,,,,,,,,,API Request,,,,us-west-2,us-west-2,,,,,AmazonS3,Amazon Simple Storage Service,E77AQEM2DC4VV3FC,,,,,,,,,,,USW2-Requests-Tier2,,,,,,E77AQEM2DC4VV3FC.JRTCKXETXF.6YS6EN2CT7,327192957120,USD,0.0000048000,0.0000004000,OnDemand,Requests,,,,,,,,,,21100991763,,,,,,,,,,,,,,,
gqrovfai2k2ha75ylynjcyy2sjby27dt5p54o2y2fsjgyqipjeaq,2026-02-01T00:00:00Z/2026-03-01T00:00:00Z,,"Amazon Web Services, Inc.",AWS,Anniversary,595673262386,2026-02-01T00:00:00Z,2026-03-01T00:00:00Z,353545917793,Usage,2026-02-02T07:00:00Z,2026-02-02T11:00:00Z,AmazonS3,USW2-Requests-Tier2,HeadBucket,,backendstack-backendartifactbucket48723263-3spbxgacohfr,12.0000000000,,,USD,0.0000004000,0.0000048000,0.0000000916,0.0000010992,"$0.004 per 10,000 GET and all other requests",,"Amazon Web Services, Inc.",Amazon Simple Storage Service,,,,,,,,,,,,,,,,,,,,,,,,,,,,,,S3-API-Tier2,GET and all other requests,,,,,,,,,US West (Oregon),AWS Region,,,,,,,,,,,,,,,,,,,,API Request,,,,us-west-2,us-west-2,,,,,AmazonS3,Amazon Simple Storage Service,E77AQEM2DC4VV3FC,,,,,,,,,,,USW2-Requests-Tier2,,,,,,E77AQEM2DC4VV3FC.JRTCKXETXF.6YS6EN2CT7,327192957120,USD,0.0000048000,0.0000004000,OnDemand,Requests,,,,,,,,,,21100991763,,,,,,,,,,,,,,,
ux2tobttls3xes34susp56tt6n7mrmykar4vl5ugipchv4ky5rha,2026-02-01T00:00:00Z/2026-03-01T00:00:00Z,,"Amazon Web Services, Inc.",AWS,Anniversary,595673262386,2026-02-01T00:00:00Z,2026-03-01T00:00:00Z,353545917793,Usage,2026-02-02T07:00:00Z,2026-02-02T11:00:00Z,AmazonS3,USW2-Requests-Tier2,HeadBucket,,backendstackprod-backendartifactbucket48723263-les0gjtm1ws3,12.0000000000,,,USD,0.0000004000,0.0000048000,0.0000000916,0.0000010992,"$0.004 per 10,000 GET and all other requests",,"Amazon Web Services, Inc.",Amazon Simple Storage Service,,,,,,,,,,,,,,,,,,,,,,,,,,,,,,S3-API-Tier2,GET and all other requests,,,,,,,,,US West (Oregon),AWS Region,,,,,,,,,,,,,,,,,,,,API Request,,,,us-west-2,us-west-2,,,,,AmazonS3,Amazon Simple Storage Service,E77AQEM2DC4VV3FC,,,,,,,,,,,USW2-Requests-Tier2,,,,,,E77AQEM2DC4VV3FC.JRTCKXETXF.6YS6EN2CT7,327192957120,USD,0.0000048000,0.0000004000,OnDemand,Requests,,,,,,,,,,21100991763,,,,,,,,,,,,,,,
fkaspph4ygvqoknmvib56grmlgup3avk3yzmaz6mvwbkty6uqoqq,2026-02-01T00:00:00Z/2026-03-01T00:00:00Z,,"Amazon Web Services, Inc.",AWS,Anniversary,595673262386,2026-02-01T00:00:00Z,2026-03-01T00:00:00Z,353545917793,Usage,2026-02-02T07:00:00Z,2026-02-02T11:00:00Z,AmazonS3,USW2-Requests-Tier2,HeadBucket,,backendstackuat-backendartifactbucket48723263-1obosmu2ngjp,11.0000000000,,,USD,0.0000004000,0.0000044000,0.0000000916,0.0000010076,"$0.004 per 10,000 GET and all other requests",,"Amazon Web Services, Inc.",Amazon Simple Storage Service,,,,,,,,,,,,,,,,,,,,,,,,,,,,,,S3-API-Tier2,GET and all other requests,,,,,,,,,US West (Oregon),AWS Region,,,,,,,,,,,,,,,,,,,,API Request,,,,us-west-2,us-west-2,,,,,AmazonS3,Amazon Simple Storage Service,E77AQEM2DC4VV3FC,,,,,,,,,,,USW2-Requests-Tier2,,,,,,E77AQEM2DC4VV3FC.JRTCKXETXF.6YS6EN2CT7,327192957120,USD,0.0000044000,0.0000004000,OnDemand,Requests,,,,,,,,,,21100991763,,,,,,,,,,,,,,,
e5oswlbh2xvlun4lhia4jiw7d7df4meygalblpmmvyzhx57d5dvq,2026-02-01T00:00:00Z/2026-03-01T00:00:00Z,,"Amazon Web Services, Inc.",AWS,Anniversary,595673262386,2026-02-01T00:00:00Z,2026-03-01T00:00:00Z,353545917793,Usage,2026-02-02T07:00:00Z,2026-02-02T11:00:00Z,AmazonS3,USW2-Requests-Tier2,HeadBucket,,cdk-hnb659fds-assets-353545917793-us-west-2,10.0000000000,,,USD,0.0000004000,0.0000040000,0.0000000916,0.0000009160,"$0.004 per 10,000 GET and all other requests",,"Amazon Web Services, Inc.",Amazon Simple Storage Service,,,,,,,,,,,,,,,,,,,,,,,,,,,,,,S3-API-Tier2,GET and all other requests,,,,,,,,,US West (Oregon),AWS Region,,,,,,,,,,,,,,,,,,,,API Request,,,,us-west-2,us-west-2,,,,,AmazonS3,Amazon Simple Storage Service,E77AQEM2DC4VV3FC,,,,,,,,,,,USW2-Requests-Tier2,,,,,,E77AQEM2DC4VV3FC.JRTCKXETXF.6YS6EN2CT7,327192957120,USD,0.0000040000,0.0000004000,OnDemand,Requests,,,,,,,,,,21100991763,,,,,,,,,,,,,,,
fdmozng7avjvatnvlmcqmlaklyuqkwpwxpo3o3qcfcqms4drq5za,2026-02-01T00:00:00Z/2026-03-01T00:00:00Z,,"Amazon Web Services, Inc.",AWS,Anniversary,595673262386,2026-02-01T00:00:00Z,2026-03-01T00:00:00Z,353545917793,Usage,2026-02-02T07:00:00Z,2026-02-02T11:00:00Z,AmazonS3,USW2-Requests-Tier2,HeadBucket,,cf-templates-mriqnk830h6e-us-west-2,11.0000000000,,,USD,0.0000004000,0.0000044000,0.0000000916,0.0000010076,"$0.004 per 10,000 GET and all other requests",,"Amazon Web Services, Inc.",Amazon Simple Storage Service,,,,,,,,,,,,,,,,,,,,,,,,,,,,,,S3-API-Tier2,GET and all other requests,,,,,,,,,US West (Oregon),AWS Region,,,,,,,,,,,,,,,,,,,,API Request,,,,us-west-2,us-west-2,,,,,AmazonS3,Amazon Simple Storage Service,E77AQEM2DC4VV3FC,,,,,,,,,,,USW2-Requests-Tier2,,,,,,E77AQEM2DC4VV3FC.JRTCKXETXF.6YS6EN2CT7,327192957120,USD,0.0000044000,0.0000004000,OnDemand,Requests,,,,,,,,,,21100991763,,,,,,,,,,,,,,,
solsulvk6f7p5i6kygep2fctaznhybgmu2hkxvrxcwztvuungmqq,2026-02-01T00:00:00Z/2026-03-01T00:00:00Z,,"Amazon Web Services, Inc.",AWS,Anniversary,595673262386,2026-02-01T00:00:00Z,2026-03-01T00:00:00Z,353545917793,Usage,2026-02-02T07:00:00Z,2026-02-02T11:00:00Z,AmazonS3,USW2-Requests-Tier2,HeadBucket,,clamavec2stack-artifactbucket7410c9ef-idxp4hcoiwnd,11.0000000000,,,USD,0.0000004000,0.0000044000,0.0000000916,0.0000010076,"$0.004 per 10,000 GET and all other requests",,"Amazon Web Services, Inc.",Amazon Simple Storage Service,,,,,,,,,,,,,,,,,,,,,,,,,,,,,,S3-API-Tier2,GET and all other requests,,,,,,,,,US West (Oregon),AWS Region,,,,,,,,,,,,,,,,,,,,API Request,,,,us-west-2,us-west-2,,,,,AmazonS3,Amazon Simple Storage Service,E77AQEM2DC4VV3FC,,,,,,,,,,,USW2-Requests-Tier2,,,,,,E77AQEM2DC4VV3FC.JRTCKXETXF.6YS6EN2CT7,327192957120,USD,0.0000044000,0.0000004000,OnDemand,Requests,,,,,,,,,,21100991763,,,,,,,,,,,,,,,
tw4dgeqf5lgjlhx6gs3ohq3mtaq4e4eymzt3ljokkw3r2zwq5hdq,2026-02-01T00:00:00Z/2026-03-01T00:00:00Z,,"Amazon Web Services, Inc.",AWS,Anniversary,595673262386,2026-02-01T00:00:00Z,2026-03-01T00:00:00Z,353545917793,Usage,2026-02-02T07:00:00Z,2026-02-02T11:00:00Z,AmazonS3,USW2-Requests-Tier2,HeadBucket,,cms-elb-logs-prod-xyz,11.0000000000,,,USD,0.0000004000,0.0000044000,0.0000000916,0.0000010076,"$0.004 per 10,000 GET and all other requests",,"Amazon Web Services, Inc.",Amazon Simple Storage Service,,,,,,,,,,,,,,,,,,,,,,,,,,,,,,S3-API-Tier2,GET and all other requests,,,,,,,,,US West (Oregon),AWS Region,,,,,,,,,,,,,,,,,,,,API Request,,,,us-west-2,us-west-2,,,,,AmazonS3,Amazon Simple Storage Service,E77AQEM2DC4VV3FC,,,,,,,,,,,USW2-Requests-Tier2,,,,,,E77AQEM2DC4VV3FC.JRTCKXETXF.6YS6EN2CT7,327192957120,USD,0.0000044000,0.0000004000,OnDemand,Requests,,,,,,,,,,21100991763,,,,,,,,,,,,,,,
6gjuv2tynoxbpa7dgvu4rcpt6ihjdvsd6nkssdnghdth3lu3ppkq,2026-02-01T00:00:00Z/2026-03-01T00:00:00Z,,"Amazon Web Services, Inc.",AWS,Anniversary,595673262386,2026-02-01T00:00:00Z,2026-03-01T00:00:00Z,353545917793,Usage,2026-02-02T07:00:00Z,2026-02-02T11:00:00Z,AmazonS3,USW2-Requests-Tier2,HeadBucket,,cognito-import-20251105172527,11.0000000000,,,USD,0.0000004000,0.0000044000,0.0000000916,0.0000010076,"$0.004 per 10,000 GET and all other requests",,"Amazon Web Services, Inc.",Amazon Simple Storage Service,,,,,,,,,,,,,,,,,,,,,,,,,,,,,,S3-API-Tier2,GET and all other requests,,,,,,,,,US West (Oregon),AWS Region,,,,,,,,,,,,,,,,,,,,API Request,,,,us-west-2,us-west-2,,,,,AmazonS3,Amazon Simple Storage Service,E77AQEM2DC4VV3FC,,,,,,,,,,,USW2-Requests-Tier2,,,,,,E77AQEM2DC4VV3FC.JRTCKXETXF.6YS6EN2CT7,327192957120,USD,0.0000044000,0.0000004000,OnDemand,Requests,,,,,,,,,,21100991763,,,,,,,,,,,,,,,
4rrv3hyga7hgrnukqs4zfk3kwh5vojbi4jtzrnxvqlpdzguvppqq,2026-02-01T00:00:00Z/2026-03-01T00:00:00Z,,"Amazon Web Services, Inc.",AWS,Anniversary,595673262386,2026-02-01T00:00:00Z,2026-03-01T00:00:00Z,353545917793,Usage,2026-02-02T07:00:00Z,2026-02-02T11:00:00Z,AmazonS3,USW2-Requests-Tier2,HeadBucket,,cognito-import-20251105172757,9.0000000000,,,USD,0.0000004000,0.0000036000,0.0000000916,0.0000008244,"$0.004 per 10,000 GET and all other requests",,"Amazon Web Services, Inc.",Amazon Simple Storage Service,,,,,,,,,,,,,,,,,,,,,,,,,,,,,,S3-API-Tier2,GET and all other requests,,,,,,,,,US West (Oregon),AWS Region,,,,,,,,,,,,,,,,,,,,API Request,,,,us-west-2,us-west-2,,,,,AmazonS3,Amazon Simple Storage Service,E77AQEM2DC4VV3FC,,,,,,,,,,,USW2-Requests-Tier2,,,,,,E77AQEM2DC4VV3FC.JRTCKXETXF.6YS6EN2CT7,327192957120,USD,0.0000036000,0.0000004000,OnDemand,Requests,,,,,,,,,,21100991763,,,,,,,,,,,,,,,
iwycrx6flwxn6n7b5w5eqmarbvfrpza2c6vxp5ossl7fwvfp5xua,2026-02-01T00:00:00Z/2026-03-01T00:00:00Z,,"Amazon Web Services, Inc.",AWS,Anniversary,595673262386,2026-02-01T00:00:00Z,2026-03-01T00:00:00Z,353545917793,Usage,2026-02-02T07:00:00Z,2026-02-02T11:00:00Z,AmazonS3,USW2-Requests-Tier2,HeadBucket,,cognito-import-20251105172953,9.0000000000,,,USD,0.0000004000,0.0000036000,0.0000000916,0.0000008244,"$0.004 per 10,000 GET and all other requests",,"Amazon Web Services, Inc.",Amazon Simple Storage Service,,,,,,,,,,,,,,,,,,,,,,,,,,,,,,S3-API-Tier2,GET and all other requests,,,,,,,,,US West (Oregon),AWS Region,,,,,,,,,,,,,,,,,,,,API Request,,,,us-west-2,us-west-2,,,,,AmazonS3,Amazon Simple Storage Service,E77AQEM2DC4VV3FC,,,,,,,,,,,USW2-Requests-Tier2,,,,,,E77AQEM2DC4VV3FC.JRTCKXETXF.6YS6EN2CT7,327192957120,USD,0.0000036000,0.0000004000,OnDemand,Requests,,,,,,,,,,21100991763,,,,,,,,,,,,,,,
akvw4wrbx7mjyei5p2l36qj5skwcj5sd3y7joas6khtzahktobfq,2026-02-01T00:00:00Z/2026-03-01T00:00:00Z,,"Amazon Web Services, Inc.",AWS,Anniversary,595673262386,2026-02-01T00:00:00Z,2026-03-01T00:00:00Z,353545917793,Usage,2026-02-02T07:00:00Z,2026-02-02T11:00:00Z,AmazonS3,USW2-Requests-Tier2,HeadBucket,,cognito-import-20251105173107,9.0000000000,,,USD,0.0000004000,0.0000036000,0.0000000916,0.0000008244,"$0.004 per 10,000 GET and all other requests",,"Amazon Web Services, Inc.",Amazon Simple Storage Service,,,,,,,,,,,,,,,,,,,,,,,,,,,,,,S3-API-Tier2,GET and all other requests,,,,,,,,,US West (Oregon),AWS Region,,,,,,,,,,,,,,,,,,,,API Request,,,,us-west-2,us-west-2,,,,,AmazonS3,Amazon Simple Storage Service,E77AQEM2DC4VV3FC,,,,,,,,,,,USW2-Requests-Tier2,,,,,,E77AQEM2DC4VV3FC.JRTCKXETXF.6YS6EN2CT7,327192957120,USD,0.0000036000,0.0000004000,OnDemand,Requests,,,,,,,,,,21100991763,,,,,,,,,,,,,,,
eicd4g365hboacp3cr5qnufgom3ucyz3xei4vlmtn2ruub2blina,2026-02-01T00:00:00Z/2026-03-01T00:00:00Z,,"Amazon Web Services, Inc.",AWS,Anniversary,595673262386,2026-02-01T00:00:00Z,2026-03-01T00:00:00Z,353545917793,Usage,2026-02-02T07:00:00Z,2026-02-02T11:00:00Z,AmazonS3,USW2-Requests-Tier2,HeadBucket,,cognito-import-20251105174111,10.0000000000,,,USD,0.0000004000,0.0000040000,0.0000000916,0.0000009160,"$0.004 per 10,000 GET and all other requests",,"Amazon Web Services, Inc.",Amazon Simple Storage Service,,,,,,,,,,,,,,,,,,,,,,,,,,,,,,S3-API-Tier2,GET and all other requests,,,,,,,,,US West (Oregon),AWS Region,,,,,,,,,,,,,,,,,,,,API Request,,,,us-west-2,us-west-2,,,,,AmazonS3,Amazon Simple Storage Service,E77AQEM2DC4VV3FC,,,,,,,,,,,USW2-Requests-Tier2,,,,,,E77AQEM2DC4VV3FC.JRTCKXETXF.6YS6EN2CT7,327192957120,USD,0.0000040000,0.0000004000,OnDemand,Requests,,,,,,,,,,21100991763,,,,,,,,,,,,,,,
w2eyabrdx4mygx2fiaw4busqgtln5ew7y2o7ppor3qc7wrxcmkxa,2026-02-01T00:00:00Z/2026-03-01T00:00:00Z,,"Amazon Web Services, Inc.",AWS,Anniversary,595673262386,2026-02-01T00:00:00Z,2026-03-01T00:00:00Z,353545917793,Usage,2026-02-02T07:00:00Z,2026-02-02T11:00:00Z,AmazonS3,USW2-Requests-Tier2,HeadBucket,,cognito-import-20251105195903,10.0000000000,,,USD,0.0000004000,0.0000040000,0.0000000916,0.0000009160,"$0.004 per 10,000 GET and all other requests",,"Amazon Web Services, Inc.",Amazon Simple Storage Service,,,,,,,,,,,,,,,,,,,,,,,,,,,,,,S3-API-Tier2,GET and all other requests,,,,,,,,,US West (Oregon),AWS Region,,,,,,,,,,,,,,,,,,,,API Request,,,,us-west-2,us-west-2,,,,,AmazonS3,Amazon Simple Storage Service,E77AQEM2DC4VV3FC,,,,,,,,,,,USW2-Requests-Tier2,,,,,,E77AQEM2DC4VV3FC.JRTCKXETXF.6YS6EN2CT7,327192957120,USD,0.0000040000,0.0000004000,OnDemand,Requests,,,,,,,,,,21100991763,,,,,,,,,,,,,,,
66uw3odfur7orj4pvg5gaiiqtri4oj6yygdjxlpd36a2xa6tfm4a,2026-02-01T00:00:00Z/2026-03-01T00:00:00Z,,"Amazon Web Services, Inc.",AWS,Anniversary,595673262386,2026-02-01T00:00:00Z,2026-03-01T00:00:00Z,353545917793,Usage,2026-02-02T07:00:00Z,2026-02-02T11:00:00Z,AmazonS3,USW2-Requests-Tier2,HeadBucket,,dplit-monthly-billing-reports,6.0000000000,,,USD,0.0000004000,0.0000024000,0.0000000916,0.0000005496,"$0.004 per 10,000 GET and all other requests",,"Amazon Web Services, Inc.",Amazon Simple Storage Service,,,,,,,,,,,,,,,,,,,,,,,,,,,,,,S3-API-Tier2,GET and all other requests,,,,,,,,,US West (Oregon),AWS Region,,,,,,,,,,,,,,,,,,,,API Request,,,,us-west-2,us-west-2,,,,,AmazonS3,Amazon Simple Storage Service,E77AQEM2DC4VV3FC,,,,,,,,,,,USW2-Requests-Tier2,,,,,,E77AQEM2DC4VV3FC.JRTCKXETXF.6YS6EN2CT7,327192957120,USD,0.0000024000,0.0000004000,OnDemand,Requests,,,,,,,,,,21100991763,,,,,,,,,,,,,,,
bvhfrw63zksiaatjijiqz23pt5wot3lpflleqt272n3szskfncvq,2026-02-01T00:00:00Z/2026-03-01T00:00:00Z,,"Amazon Web Services, Inc.",AWS,Anniversary,595673262386,2026-02-01T00:00:00Z,2026-03-01T00:00:00Z,353545917793,Usage,2026-02-02T07:00:00Z,2026-02-02T11:00:00Z,AmazonS3,USW2-Requests-Tier2,HeadBucket,,frontendstack-artifactbucket7410c9ef-xsga68jmzdcj,10.0000000000,,,USD,0.0000004000,0.0000040000,0.0000000916,0.0000009160,"$0.004 per 10,000 GET and all other requests",,"Amazon Web Services, Inc.",Amazon Simple Storage Service,,,,,,,,,,,,,,,,,,,,,,,,,,,,,,S3-API-Tier2,GET and all other requests,,,,,,,,,US West (Oregon),AWS Region,,,,,,,,,,,,,,,,,,,,API Request,,,,us-west-2,us-west-2,,,,,AmazonS3,Amazon Simple Storage Service,E77AQEM2DC4VV3FC,,,,,,,,,,,USW2-Requests-Tier2,,,,,,E77AQEM2DC4VV3FC.JRTCKXETXF.6YS6EN2CT7,327192957120,USD,0.0000040000,0.0000004000,OnDemand,Requests,,,,,,,,,,21100991763,,,,,,,,,,,,,,,
rkbyxmkdzwaricfj3yaj2ukriskufx452zx3pz4tso6a7qz4rnbq,2026-02-01T00:00:00Z/2026-03-01T00:00:00Z,,"Amazon Web Services, Inc.",AWS,Anniversary,595673262386,2026-02-01T00:00:00Z,2026-03-01T00:00:00Z,353545917793,Usage,2026-02-02T07:00:00Z,2026-02-02T11:00:00Z,AmazonS3,USW2-Requests-Tier2,HeadBucket,,frontendstack-artifactbucketadmind30278b4-yfqewhl6wdjr,10.0000000000,,,USD,0.0000004000,0.0000040000,0.0000000916,0.0000009160,"$0.004 per 10,000 GET and all other requests",,"Amazon Web Services, Inc.",Amazon Simple Storage Service,,,,,,,,,,,,,,,,,,,,,,,,,,,,,,S3-API-Tier2,GET and all other requests,,,,,,,,,US West (Oregon),AWS Region,,,,,,,,,,,,,,,,,,,,API Request,,,,us-west-2,us-west-2,,,,,AmazonS3,Amazon Simple Storage Service,E77AQEM2DC4VV3FC,,,,,,,,,,,USW2-Requests-Tier2,,,,,,E77AQEM2DC4VV3FC.JRTCKXETXF.6YS6EN2CT7,327192957120,USD,0.0000040000,0.0000004000,OnDemand,Requests,,,,,,,,,,21100991763,,,,,,,,,,,,,,,
7x2zcetsqvozl626x2te5x6h4m2klpmfkotr7ocrvts5hh2lsvaa,2026-02-01T00:00:00Z/2026-03-01T00:00:00Z,,"Amazon Web Services, Inc.",AWS,Anniversary,595673262386,2026-02-01T00:00:00Z,2026-03-01T00:00:00Z,353545917793,Usage,2026-02-02T07:00:00Z,2026-02-02T11:00:00Z,AmazonS3,USW2-Requests-Tier2,HeadBucket,,frontendstackprod-artifactbucket7410c9ef-ebiapfpk0s8u,9.0000000000,,,USD,0.0000004000,0.0000036000,0.0000000916,0.0000008244,"$0.004 per 10,000 GET and all other requests",,"Amazon Web Services, Inc.",Amazon Simple Storage Service,,,,,,,,,,,,,,,,,,,,,,,,,,,,,,S3-API-Tier2,GET and all other requests,,,,,,,,,US West (Oregon),AWS Region,,,,,,,,,,,,,,,,,,,,API Request,,,,us-west-2,us-west-2,,,,,AmazonS3,Amazon Simple Storage Service,E77AQEM2DC4VV3FC,,,,,,,,,,,USW2-Requests-Tier2,,,,,,E77AQEM2DC4VV3FC.JRTCKXETXF.6YS6EN2CT7,327192957120,USD,0.0000036000,0.0000004000,OnDemand,Requests,,,,,,,,,,21100991763,,,,,,,,,,,,,,,
d53kxcq2timigeznny2kvbm2y4b53555of6wm4otad4j5pyu2gfq,2026-02-01T00:00:00Z/2026-03-01T00:00:00Z,,"Amazon Web Services, Inc.",AWS,Anniversary,595673262386,2026-02-01T00:00:00Z,2026-03-01T00:00:00Z,353545917793,Usage,2026-02-02T07:00:00Z,2026-02-02T11:00:00Z,AmazonS3,USW2-Requests-Tier2,HeadBucket,,frontendstackprod-artifactbucketadmind30278b4-ktouj3dvxbzv,9.0000000000,,,USD,0.0000004000,0.0000036000,0.0000000916,0.0000008244,"$0.004 per 10,000 GET and all other requests",,"Amazon Web Services, Inc.",Amazon Simple Storage Service,,,,,,,,,,,,,,,,,,,,,,,,,,,,,,S3-API-Tier2,GET and all other requests,,,,,,,,,US West (Oregon),AWS Region,,,,,,,,,,,,,,,,,,,,API Request,,,,us-west-2,us-west-2,,,,,AmazonS3,Amazon Simple Storage Service,E77AQEM2DC4VV3FC,,,,,,,,,,,USW2-Requests-Tier2,,,,,,E77AQEM2DC4VV3FC.JRTCKXETXF.6YS6EN2CT7,327192957120,USD,0.0000036000,0.0000004000,OnDemand,Requests,,,,,,,,,,21100991763,,,,,,,,,,,,,,,
6hvd546mzhl6s6mm2w75a6kjhv77gvcopogipmk354b3vsce75ga,2026-02-01T00:00:00Z/2026-03-01T00:00:00Z,,"Amazon Web Services, Inc.",AWS,Anniversary,595673262386,2026-02-01T00:00:00Z,2026-03-01T00:00:00Z,353545917793,Usage,2026-02-02T07:00:00Z,2026-02-02T11:00:00Z,AmazonS3,USW2-Requests-Tier2,HeadBucket,,frontendstackuat-artifactbucket7410c9ef-hkqgbyrdiclg,9.0000000000,,,USD,0.0000004000,0.0000036000,0.0000000916,0.0000008244,"$0.004 per 10,000 GET and all other requests",,"Amazon Web Services, Inc.",Amazon Simple Storage Service,,,,,,,,,,,,,,,,,,,,,,,,,,,,,,S3-API-Tier2,GET and all other requests,,,,,,,,,US West (Oregon),AWS Region,,,,,,,,,,,,,,,,,,,,API Request,,,,us-west-2,us-west-2,,,,,AmazonS3,Amazon Simple Storage Service,E77AQEM2DC4VV3FC,,,,,,,,,,,USW2-Requests-Tier2,,,,,,E77AQEM2DC4VV3FC.JRTCKXETXF.6YS6EN2CT7,327192957120,USD,0.0000036000,0.0000004000,OnDemand,Requests,,,,,,,,,,21100991763,,,,,,,,,,,,,,,
lfihcl7l6cshnky3lkxzwk6wy7ysepzsgcjfzngw52ozsh23ztzq,2026-02-01T00:00:00Z/2026-03-01T00:00:00Z,,"Amazon Web Services, Inc.",AWS,Anniversary,595673262386,2026-02-01T00:00:00Z,2026-03-01T00:00:00Z,353545917793,Usage,2026-02-02T07:00:00Z,2026-02-02T11:00:00Z,AmazonS3,USW2-Requests-Tier2,HeadBucket,,frontendstackuat-artifactbucketadmind30278b4-hcgt66uec200,9.0000000000,,,USD,0.0000004000,0.0000036000,0.0000000916,0.0000008244,"$0.004 per 10,000 GET and all other requests",,"Amazon Web Services, Inc.",Amazon Simple Storage Service,,,,,,,,,,,,,,,,,,,,,,,,,,,,,,S3-API-Tier2,GET and all other requests,,,,,,,,,US West (Oregon),AWS Region,,,,,,,,,,,,,,,,,,,,API Request,,,,us-west-2,us-west-2,,,,,AmazonS3,Amazon Simple Storage Service,E77AQEM2DC4VV3FC,,,,,,,,,,,USW2-Requests-Tier2,,,,,,E77AQEM2DC4VV3FC.JRTCKXETXF.6YS6EN2CT7,327192957120,USD,0.0000036000,0.0000004000,OnDemand,Requests,,,,,,,,,,21100991763,,,,,,,,,,,,,,,
mitym7uatp2lnwbjyrmlwnpljylydznspdgiw2g7ym2gexql62sq,2026-02-01T00:00:00Z/2026-03-01T00:00:00Z,,"Amazon Web Services, Inc.",AWS,Anniversary,595673262386,2026-02-01T00:00:00Z,2026-03-01T00:00:00Z,353545917793,Usage,2026-02-02T07:00:00Z,2026-02-02T11:00:00Z,AmazonS3,USW2-Requests-Tier2,HeadBucket,,model-usage-sindh-obudsman,13.0000000000,,,USD,0.0000004000,0.0000052000,0.0000000916,0.0000011908,"$0.004 per 10,000 GET and all other requests",,"Amazon Web Services, Inc.",Amazon Simple Storage Service,,,,,,,,,,,,,,,,,,,,,,,,,,,,,,S3-API-Tier2,GET and all other requests,,,,,,,,,US West (Oregon),AWS Region,,,,,,,,,,,,,,,,,,,,API Request,,,,us-west-2,us-west-2,,,,,AmazonS3,Amazon Simple Storage Service,E77AQEM2DC4VV3FC,,,,,,,,,,,USW2-Requests-Tier2,,,,,,E77AQEM2DC4VV3FC.JRTCKXETXF.6YS6EN2CT7,327192957120,USD,0.0000052000,0.0000004000,OnDemand,Requests,,,,,,,,,,21100991763,,,,,,,,,,,,,,,
f532c7q57h6r4febqrhq5w7wkcfwq3ylkn7jhge7dohjc335bq2a,2026-02-01T00:00:00Z/2026-03-01T00:00:00Z,,"Amazon Web Services, Inc.",AWS,Anniversary,595673262386,2026-02-01T00:00:00Z,2026-03-01T00:00:00Z,353545917793,Usage,2026-02-02T07:00:00Z,2026-02-02T11:00:00Z,AmazonS3,USW2-Requests-Tier2,HeadBucket,,notification-templates-socms-dev-uat,10.0000000000,,,USD,0.0000004000,0.0000040000,0.0000000916,0.0000009160,"$0.004 per 10,000 GET and all other requests",,"Amazon Web Services, Inc.",Amazon Simple Storage Service,,,,,,,,,,,,,,,,,,,,,,,,,,,,,,S3-API-Tier2,GET and all other requests,,,,,,,,,US West (Oregon),AWS Region,,,,,,,,,,,,,,,,,,,,API Request,,,,us-west-2,us-west-2,,,,,AmazonS3,Amazon Simple Storage Service,E77AQEM2DC4VV3FC,,,,,,,,,,,USW2-Requests-Tier2,,,,,,E77AQEM2DC4VV3FC.JRTCKXETXF.6YS6EN2CT7,327192957120,USD,0.0000040000,0.0000004000,OnDemand,Requests,,,,,,,,,,21100991763,,,,,,,,,,,,,,,
vectje4kftvzwdk5nd2ycyhourp7c3732bbo3kcsqnu75zvaocbq,2026-02-01T00:00:00Z/2026-03-01T00:00:00Z,,"Amazon Web Services, Inc.",AWS,Anniversary,595673262386,2026-02-01T00:00:00Z,2026-03-01T00:00:00Z,353545917793,Usage,2026-02-02T07:00:00Z,2026-02-02T11:00:00Z,AmazonS3,USW2-Requests-Tier2,HeadBucket,,notification-templates-socms-prod,10.0000000000,,,USD,0.0000004000,0.0000040000,0.0000000916,0.0000009160,"$0.004 per 10,000 GET and all other requests",,"Amazon Web Services, Inc.",Amazon Simple Storage Service,,,,,,,,,,,,,,,,,,,,,,,,,,,,,,S3-API-Tier2,GET and all other requests,,,,,,,,,US West (Oregon),AWS Region,,,,,,,,,,,,,,,,,,,,API Request,,,,us-west-2,us-west-2,,,,,AmazonS3,Amazon Simple Storage Service,E77AQEM2DC4VV3FC,,,,,,,,,,,USW2-Requests-Tier2,,,,,,E77AQEM2DC4VV3FC.JRTCKXETXF.6YS6EN2CT7,327192957120,USD,0.0000040000,0.0000004000,OnDemand,Requests,,,,,,,,,,21100991763,,,,,,,,,,,,,,,
nfbtzmv3qcgpnvx3cs4ifvpzb3aejpzlmacngwfhmtk5mwvykduq,2026-02-01T00:00:00Z/2026-03-01T00:00:00Z,,"Amazon Web Services, Inc.",AWS,Anniversary,595673262386,2026-02-01T00:00:00Z,2026-03-01T00:00:00Z,353545917793,Usage,2026-02-02T09:00:00Z,2026-02-02T11:00:00Z,AmazonS3,USW2-Requests-Tier2,HeadBucket,,s3bucketforizza,10.0000000000,,,USD,0.0000004000,0.0000040000,0.0000000916,0.0000009160,"$0.004 per 10,000 GET and all other requests",,"Amazon Web Services, Inc.",Amazon Simple Storage Service,,,,,,,,,,,,,,,,,,,,,,,,,,,,,,S3-API-Tier2,GET and all other requests,,,,,,,,,US West (Oregon),AWS Region,,,,,,,,,,,,,,,,,,,,API Request,,,,us-west-2,us-west-2,,,,,AmazonS3,Amazon Simple Storage Service,E77AQEM2DC4VV3FC,,,,,,,,,,,USW2-Requests-Tier2,,,,,,E77AQEM2DC4VV3FC.JRTCKXETXF.6YS6EN2CT7,327192957120,USD,0.0000040000,0.0000004000,OnDemand,Requests,,,,,,,,,,21100991763,,,,,,,,,,,,,,,
yof3pdfpca6llgsk4utlosrkq6o2w3ae45b2t7w5xyzhkgolgorq,2026-02-01T00:00:00Z/2026-03-01T00:00:00Z,,"Amazon Web Services, Inc.",AWS,Anniversary,595673262386,2026-02-01T00:00:00Z,2026-03-01T00:00:00Z,353545917793,Usage,2026-02-02T07:00:00Z,2026-02-02T11:00:00Z,AmazonS3,USW2-Requests-Tier2,HeadBucket,,s3stack-userfileuploadbucket259f036a-aoe8urrbevxw,13.0000000000,,,USD,0.0000004000,0.0000052000,0.0000000916,0.0000011908,"$0.004 per 10,000 GET and all other requests",,"Amazon Web Services, Inc.",Amazon Simple Storage Service,,,,,,,,,,,,,,,,,,,,,,,,,,,,,,S3-API-Tier2,GET and all other requests,,,,,,,,,US West (Oregon),AWS Region,,,,,,,,,,,,,,,,,,,,API Request,,,,us-west-2,us-west-2,,,,,AmazonS3,Amazon Simple Storage Service,E77AQEM2DC4VV3FC,,,,,,,,,,,USW2-Requests-Tier2,,,,,,E77AQEM2DC4VV3FC.JRTCKXETXF.6YS6EN2CT7,327192957120,USD,0.0000052000,0.0000004000,OnDemand,Requests,,,,,,,,,,21100991763,,,,,,,,,,,,,,,
fn5txj7qcbdm6rkkxg6xeuioiqfiz4omyfajlqxlqubwlc56pbha,2026-02-01T00:00:00Z/2026-03-01T00:00:00Z,,"Amazon Web Services, Inc.",AWS,Anniversary,595673262386,2026-02-01T00:00:00Z,2026-03-01T00:00:00Z,353545917793,Usage,2026-02-02T07:00:00Z,2026-02-02T10:00:00Z,AmazonS3,USW2-Requests-Tier2,HeadBucket,,s3stack-userfileuploadbucketprod5670d977-cc1o6umd6ksg,8.0000000000,,,USD,0.0000004000,0.0000032000,0.0000000916,0.0000007328,"$0.004 per 10,000 GET and all other requests",,"Amazon Web Services, Inc.",Amazon Simple Storage Service,,,,,,,,,,,,,,,,,,,,,,,,,,,,,,S3-API-Tier2,GET and all other requests,,,,,,,,,US West (Oregon),AWS Region,,,,,,,,,,,,,,,,,,,,API Request,,,,us-west-2,us-west-2,,,,,AmazonS3,Amazon Simple Storage Service,E77AQEM2DC4VV3FC,,,,,,,,,,,USW2-Requests-Tier2,,,,,,E77AQEM2DC4VV3FC.JRTCKXETXF.6YS6EN2CT7,327192957120,USD,0.0000032000,0.0000004000,OnDemand,Requests,,,,,,,,,,21100991763,,,,,,,,,,,,,,,
427dfhlhtm5skszu2qmwuk42o5t7oebbhjvn2333puq2xjjvpwpq,2026-02-01T00:00:00Z/2026-03-01T00:00:00Z,,"Amazon Web Services, Inc.",AWS,Anniversary,595673262386,2026-02-01T00:00:00Z,2026-03-01T00:00:00Z,353545917793,Usage,2026-02-02T07:00:00Z,2026-02-02T10:00:00Z,AmazonS3,USW2-Requests-Tier2,HeadBucket,,s3stack-userfileuploadbucketuat0d968125-iadazn2jspsp,8.0000000000,,,USD,0.0000004000,0.0000032000,0.0000000916,0.0000007328,"$0.004 per 10,000 GET and all other requests",,"Amazon Web Services, Inc.",Amazon Simple Storage Service,,,,,,,,,,,,,,,,,,,,,,,,,,,,,,S3-API-Tier2,GET and all other requests,,,,,,,,,US West (Oregon),AWS Region,,,,,,,,,,,,,,,,,,,,API Request,,,,us-west-2,us-west-2,,,,,AmazonS3,Amazon Simple Storage Service,E77AQEM2DC4VV3FC,,,,,,,,,,,USW2-Requests-Tier2,,,,,,E77AQEM2DC4VV3FC.JRTCKXETXF.6YS6EN2CT7,327192957120,USD,0.0000032000,0.0000004000,OnDemand,Requests,,,,,,,,,,21100991763,,,,,,,,,,,,,,,
chhd47cdzb7qfq3kip7lgbbdljesvuitclreyd6bcfxa5q7hdllq,2026-02-01T00:00:00Z/2026-03-01T00:00:00Z,,"Amazon Web Services, Inc.",AWS,Anniversary,595673262386,2026-02-01T00:00:00Z,2026-03-01T00:00:00Z,353545917793,Usage,2026-02-02T07:00:00Z,2026-02-02T10:00:00Z,AmazonS3,USW2-Requests-Tier2,HeadBucket,,so-sms-prod-scripts,7.0000000000,,,USD,0.0000004000,0.0000028000,0.0000000916,0.0000006412,"$0.004 per 10,000 GET and all other requests",,"Amazon Web Services, Inc.",Amazon Simple Storage Service,,,,,,,,,,,,,,,,,,,,,,,,,,,,,,S3-API-Tier2,GET and all other requests,,,,,,,,,US West (Oregon),AWS Region,,,,,,,,,,,,,,,,,,,,API Request,,,,us-west-2,us-west-2,,,,,AmazonS3,Amazon Simple Storage Service,E77AQEM2DC4VV3FC,,,,,,,,,,,USW2-Requests-Tier2,,,,,,E77AQEM2DC4VV3FC.JRTCKXETXF.6YS6EN2CT7,327192957120,USD,0.0000028000,0.0000004000,OnDemand,Requests,,,,,,,,,,21100991763,,,,,,,,,,,,,,,
3osvltbskpoh47aid4lkacuzalgul44436zzgkegqx37gfnznbjq,2026-02-01T00:00:00Z/2026-03-01T00:00:00Z,,"Amazon Web Services, Inc.",AWS,Anniversary,595673262386,2026-02-01T00:00:00Z,2026-03-01T00:00:00Z,353545917793,Usage,2026-02-02T05:00:00Z,2026-02-02T09:00:00Z,AmazonS3,USW2-Requests-Tier2,HeadObject,,backendstack-backendartifactbucket48723263-3spbxgacohfr,10.0000000000,,,USD,0.0000004000,0.0000040000,0.0000000916,0.0000009160,"$0.004 per 10,000 GET and all other requests",,"Amazon Web Services, Inc.",Amazon Simple Storage Service,,,,,,,,,,,,,,,,,,,,,,,,,,,,,,S3-API-Tier2,GET and all other requests,,,,,,,,,US West (Oregon),AWS Region,,,,,,,,,,,,,,,,,,,,API Request,,,,us-west-2,us-west-2,,,,,AmazonS3,Amazon Simple Storage Service,E77AQEM2DC4VV3FC,,,,,,,,,,,USW2-Requests-Tier2,,,,,,E77AQEM2DC4VV3FC.JRTCKXETXF.6YS6EN2CT7,327192957120,USD,0.0000040000,0.0000004000,OnDemand,Requests,,,,,,,,,,21100991763,,,,,,,,,,,,,,,
sun4rxgic6mcvqczpopmiiegqmsofricz24uuxiljfsjyjdexfcq,2026-02-01T00:00:00Z/2026-03-01T00:00:00Z,,"Amazon Web Services, Inc.",AWS,Anniversary,595673262386,2026-02-01T00:00:00Z,2026-03-01T00:00:00Z,353545917793,Usage,2026-02-02T06:00:00Z,2026-02-02T08:00:00Z,AmazonS3,USW2-Requests-Tier2,HeadObject,,frontendstack-artifactbucketadmind30278b4-yfqewhl6wdjr,4.0000000000,,,USD,0.0000004000,0.0000016000,0.0000000916,0.0000003664,"$0.004 per 10,000 GET and all other requests",,"Amazon Web Services, Inc.",Amazon Simple Storage Service,,,,,,,,,,,,,,,,,,,,,,,,,,,,,,S3-API-Tier2,GET and all other requests,,,,,,,,,US West (Oregon),AWS Region,,,,,,,,,,,,,,,,,,,,API Request,,,,us-west-2,us-west-2,,,,,AmazonS3,Amazon Simple Storage Service,E77AQEM2DC4VV3FC,,,,,,,,,,,USW2-Requests-Tier2,,,,,,E77AQEM2DC4VV3FC.JRTCKXETXF.6YS6EN2CT7,327192957120,USD,0.0000016000,0.0000004000,OnDemand,Requests,,,,,,,,,,21100991763,,,,,,,,,,,,,,,
fvt6jpgnv57jqysgzgvqgw7el7rcfdd5swniys22gg6e6flx6uhq,2026-02-01T00:00:00Z/2026-03-01T00:00:00Z,,"Amazon Web Services, Inc.",AWS,Anniversary,595673262386,2026-02-01T00:00:00Z,2026-03-01T00:00:00Z,353545917793,Usage,2026-02-02T07:00:00Z,2026-02-02T08:00:00Z,AmazonS3,USW2-Requests-Tier2,HeadObject,,model-usage-sindh-obudsman,6.0000000000,,,USD,0.0000004000,0.0000024000,0.0000000916,0.0000005496,"$0.004 per 10,000 GET and all other requests",,"Amazon Web Services, Inc.",Amazon Simple Storage Service,,,,,,,,,,,,,,,,,,,,,,,,,,,,,,S3-API-Tier2,GET and all other requests,,,,,,,,,US West (Oregon),AWS Region,,,,,,,,,,,,,,,,,,,,API Request,,,,us-west-2,us-west-2,,,,,AmazonS3,Amazon Simple Storage Service,E77AQEM2DC4VV3FC,,,,,,,,,,,USW2-Requests-Tier2,,,,,,E77AQEM2DC4VV3FC.JRTCKXETXF.6YS6EN2CT7,327192957120,USD,0.0000024000,0.0000004000,OnDemand,Requests,,,,,,,,,,21100991763,,,,,,,,,,,,,,,
br43fyepx4mjn3bdtmq25mfmkvfiulruflol4mkbq2exxlxrm7sa,2026-02-01T00:00:00Z/2026-03-01T00:00:00Z,,"Amazon Web Services, Inc.",AWS,Anniversary,595673262386,2026-02-01T00:00:00Z,2026-03-01T00:00:00Z,353545917793,Usage,2026-02-02T07:00:00Z,2026-02-02T08:00:00Z,AmazonS3,USW2-Requests-Tier2,ReadACL,,dplit-monthly-billing-reports,2.0000000000,,,USD,0.0000004000,0.0000008000,0.0000000916,0.0000001832,"$0.004 per 10,000 GET and all other requests",,"Amazon Web Services, Inc.",Amazon Simple Storage Service,,,,,,,,,,,,,,,,,,,,,,,,,,,,,,S3-API-Tier2,GET and all other requests,,,,,,,,,US West (Oregon),AWS Region,,,,,,,,,,,,,,,,,,,,API Request,,,,us-west-2,us-west-2,,,,,AmazonS3,Amazon Simple Storage Service,E77AQEM2DC4VV3FC,,,,,,,,,,,USW2-Requests-Tier2,,,,,,E77AQEM2DC4VV3FC.JRTCKXETXF.6YS6EN2CT7,327192957120,USD,0.0000008000,0.0000004000,OnDemand,Requests,,,,,,,,,,21100991763,,,,,,,,,,,,,,,
4i4p62wxxo6o6jus6o5qlw5nlpcsseay55jkkn3zi236hhlzpnnq,2026-02-01T00:00:00Z/2026-03-01T00:00:00Z,,"Amazon Web Services, Inc.",AWS,Anniversary,595673262386,2026-02-01T00:00:00Z,2026-03-01T00:00:00Z,353545917793,Usage,2026-02-02T07:00:00Z,2026-02-02T09:00:00Z,AmazonS3,USW2-Requests-Tier2,ReadACL,,model-usage-sindh-obudsman,2.0000000000,,,USD,0.0000004000,0.0000008000,0.0000000916,0.0000001832,"$0.004 per 10,000 GET and all other requests",,"Amazon Web Services, Inc.",Amazon Simple Storage Service,,,,,,,,,,,,,,,,,,,,,,,,,,,,,,S3-API-Tier2,GET and all other requests,,,,,,,,,US West (Oregon),AWS Region,,,,,,,,,,,,,,,,,,,,API Request,,,,us-west-2,us-west-2,,,,,AmazonS3,Amazon Simple Storage Service,E77AQEM2DC4VV3FC,,,,,,,,,,,USW2-Requests-Tier2,,,,,,E77AQEM2DC4VV3FC.JRTCKXETXF.6YS6EN2CT7,327192957120,USD,0.0000008000,0.0000004000,OnDemand,Requests,,,,,,,,,,21100991763,,,,,,,,,,,,,,,
j7cqnjj32yzfmmyqckjsxu7xz5xgf52gs3kz27qes5ggghoap7tq,2026-02-01T00:00:00Z/2026-03-01T00:00:00Z,,"Amazon Web Services, Inc.",AWS,Anniversary,595673262386,2026-02-01T00:00:00Z,2026-03-01T00:00:00Z,353545917793,Usage,2026-02-02T09:00:00Z,2026-02-02T11:00:00Z,AmazonS3,USW2-Requests-Tier2,ReadACL,,s3bucketforizza,3.0000000000,,,USD,0.0000004000,0.0000012000,0.0000000916,0.0000002748,"$0.004 per 10,000 GET and all other requests",,"Amazon Web Services, Inc.",Amazon Simple Storage Service,,,,,,,,,,,,,,,,,,,,,,,,,,,,,,S3-API-Tier2,GET and all other requests,,,,,,,,,US West (Oregon),AWS Region,,,,,,,,,,,,,,,,,,,,API Request,,,,us-west-2,us-west-2,,,,,AmazonS3,Amazon Simple Storage Service,E77AQEM2DC4VV3FC,,,,,,,,,,,USW2-Requests-Tier2,,,,,,E77AQEM2DC4VV3FC.JRTCKXETXF.6YS6EN2CT7,327192957120,USD,0.0000012000,0.0000004000,OnDemand,Requests,,,,,,,,,,21100991763,,,,,,,,,,,,,,,
kcklli7wr6vrspacwqn3fbvevutqrvdx7sok3opbztrg5hdg3w5a,2026-02-01T00:00:00Z/2026-03-01T00:00:00Z,,"Amazon Web Services, Inc.",AWS,Anniversary,595673262386,2026-02-01T00:00:00Z,2026-03-01T00:00:00Z,353545917793,Usage,2026-02-02T07:00:00Z,2026-02-02T09:00:00Z,AmazonS3,USW2-Requests-Tier2,ReadAccelerate,,model-usage-sindh-obudsman,9.0000000000,,,USD,0.0000004000,0.0000036000,0.0000000916,0.0000008244,"$0.004 per 10,000 GET and all other requests",,"Amazon Web Services, Inc.",Amazon Simple Storage Service,,,,,,,,,,,,,,,,,,,,,,,,,,,,,,S3-API-Tier2,GET and all other requests,,,,,,,,,US West (Oregon),AWS Region,,,,,,,,,,,,,,,,,,,,API Request,,,,us-west-2,us-west-2,,,,,AmazonS3,Amazon Simple Storage Service,E77AQEM2DC4VV3FC,,,,,,,,,,,USW2-Requests-Tier2,,,,,,E77AQEM2DC4VV3FC.JRTCKXETXF.6YS6EN2CT7,327192957120,USD,0.0000036000,0.0000004000,OnDemand,Requests,,,,,,,,,,21100991763,,,,,,,,,,,,,,,
okeab3jtxxu2vqvfksfvjlhxeqwu5yvyeekqpnv7rdvaqrm6nsna,2026-02-01T00:00:00Z/2026-03-01T00:00:00Z,,"Amazon Web Services, Inc.",AWS,Anniversary,595673262386,2026-02-01T00:00:00Z,2026-03-01T00:00:00Z,353545917793,Usage,2026-02-02T10:00:00Z,2026-02-02T11:00:00Z,AmazonS3,USW2-Requests-Tier2,ReadAccelerate,,s3bucketforizza,1.0000000000,,,USD,0.0000004000,0.0000004000,0.0000000916,0.0000000916,"$0.004 per 10,000 GET and all other requests",,"Amazon Web Services, Inc.",Amazon Simple Storage Service,,,,,,,,,,,,,,,,,,,,,,,,,,,,,,S3-API-Tier2,GET and all other requests,,,,,,,,,US West (Oregon),AWS Region,,,,,,,,,,,,,,,,,,,,API Request,,,,us-west-2,us-west-2,,,,,AmazonS3,Amazon Simple Storage Service,E77AQEM2DC4VV3FC,,,,,,,,,,,USW2-Requests-Tier2,,,,,,E77AQEM2DC4VV3FC.JRTCKXETXF.6YS6EN2CT7,327192957120,USD,0.0000004000,0.0000004000,OnDemand,Requests,,,,,,,,,,21100991763,,,,,,,,,,,,,,,
yxefb32ewzplw4pyjeyhbel2qayypimtljfuqe2o5j4jp4ss6kza,2026-02-01T00:00:00Z/2026-03-01T00:00:00Z,,"Amazon Web Services, Inc.",AWS,Anniversary,595673262386,2026-02-01T00:00:00Z,2026-03-01T00:00:00Z,353545917793,Usage,2026-02-02T07:00:00Z,2026-02-02T09:00:00Z,AmazonS3,USW2-Requests-Tier2,ReadBucketAbac,,model-usage-sindh-obudsman,3.0000000000,,,USD,0.0000004000,0.0000012000,0.0000000916,0.0000002748,"$0.004 per 10,000 GET and all other requests",,"Amazon Web Services, Inc.",Amazon Simple Storage Service,,,,,,,,,,,,,,,,,,,,,,,,,,,,,,S3-API-Tier2,GET and all other requests,,,,,,,,,US West (Oregon),AWS Region,,,,,,,,,,,,,,,,,,,,API Request,,,,us-west-2,us-west-2,,,,,AmazonS3,Amazon Simple Storage Service,E77AQEM2DC4VV3FC,,,,,,,,,,,USW2-Requests-Tier2,,,,,,E77AQEM2DC4VV3FC.JRTCKXETXF.6YS6EN2CT7,327192957120,USD,0.0000012000,0.0000004000,OnDemand,Requests,,,,,,,,,,21100991763,,,,,,,,,,,,,,,
wfxdnmvkdcgwrjmtwjwcnwgbw4iyazp6q2joarmmexsud3f5yx2q,2026-02-01T00:00:00Z/2026-03-01T00:00:00Z,,"Amazon Web Services, Inc.",AWS,Anniversary,595673262386,2026-02-01T00:00:00Z,2026-03-01T00:00:00Z,353545917793,Usage,2026-02-02T10:00:00Z,2026-02-02T11:00:00Z,AmazonS3,USW2-Requests-Tier2,ReadBucketAbac,,s3bucketforizza,1.0000000000,,,USD,0.0000004000,0.0000004000,0.0000000916,0.0000000916,"$0.004 per 10,000 GET and all other requests",,"Amazon Web Services, Inc.",Amazon Simple Storage Service,,,,,,,,,,,,,,,,,,,,,,,,,,,,,,S3-API-Tier2,GET and all other requests,,,,,,,,,US West (Oregon),AWS Region,,,,,,,,,,,,,,,,,,,,API Request,,,,us-west-2,us-west-2,,,,,AmazonS3,Amazon Simple Storage Service,E77AQEM2DC4VV3FC,,,,,,,,,,,USW2-Requests-Tier2,,,,,,E77AQEM2DC4VV3FC.JRTCKXETXF.6YS6EN2CT7,327192957120,USD,0.0000004000,0.0000004000,OnDemand,Requests,,,,,,,,,,21100991763,,,,,,,,,,,,,,,
5q6fothzv4kloqlwuzhu57yqmuddg5hz2fd77i3sbwx52tca33ba,2026-02-01T00:00:00Z/2026-03-01T00:00:00Z,,"Amazon Web Services, Inc.",AWS,Anniversary,595673262386,2026-02-01T00:00:00Z,2026-03-01T00:00:00Z,353545917793,Usage,2026-02-02T07:00:00Z,2026-02-02T09:00:00Z,AmazonS3,USW2-Requests-Tier2,ReadBucketAnalytics,,model-usage-sindh-obudsman,3.0000000000,,,USD,0.0000004000,0.0000012000,0.0000000916,0.0000002748,"$0.004 per 10,000 GET and all other requests",,"Amazon Web Services, Inc.",Amazon Simple Storage Service,,,,,,,,,,,,,,,,,,,,,,,,,,,,,,S3-API-Tier2,GET and all other requests,,,,,,,,,US West (Oregon),AWS Region,,,,,,,,,,,,,,,,,,,,API Request,,,,us-west-2,us-west-2,,,,,AmazonS3,Amazon Simple Storage Service,E77AQEM2DC4VV3FC,,,,,,,,,,,USW2-Requests-Tier2,,,,,,E77AQEM2DC4VV3FC.JRTCKXETXF.6YS6EN2CT7,327192957120,USD,0.0000012000,0.0000004000,OnDemand,Requests,,,,,,,,,,21100991763,,,,,,,,,,,,,,,
d546zl54vy6ea4zpmdx3w5igr6yfwf2lysy2f2nnkxazb53nbc7a,2026-02-01T00:00:00Z/2026-03-01T00:00:00Z,,"Amazon Web Services, Inc.",AWS,Anniversary,595673262386,2026-02-01T00:00:00Z,2026-03-01T00:00:00Z,353545917793,Usage,2026-02-02T10:00:00Z,2026-02-02T11:00:00Z,AmazonS3,USW2-Requests-Tier2,ReadBucketAnalytics,,s3bucketforizza,1.0000000000,,,USD,0.0000004000,0.0000004000,0.0000000916,0.0000000916,"$0.004 per 10,000 GET and all other requests",,"Amazon Web Services, Inc.",Amazon Simple Storage Service,,,,,,,,,,,,,,,,,,,,,,,,,,,,,,S3-API-Tier2,GET and all other requests,,,,,,,,,US West (Oregon),AWS Region,,,,,,,,,,,,,,,,,,,,API Request,,,,us-west-2,us-west-2,,,,,AmazonS3,Amazon Simple Storage Service,E77AQEM2DC4VV3FC,,,,,,,,,,,USW2-Requests-Tier2,,,,,,E77AQEM2DC4VV3FC.JRTCKXETXF.6YS6EN2CT7,327192957120,USD,0.0000004000,0.0000004000,OnDemand,Requests,,,,,,,,,,21100991763,,,,,,,,,,,,,,,
wsq4tp7eb3uwgnua5t2g7ld7x6ahuumon4e5kkwlgvrm2n5mqcpq,2026-02-01T00:00:00Z/2026-03-01T00:00:00Z,,"Amazon Web Services, Inc.",AWS,Anniversary,595673262386,2026-02-01T00:00:00Z,2026-03-01T00:00:00Z,353545917793,Usage,2026-02-02T07:00:00Z,2026-02-02T09:00:00Z,AmazonS3,USW2-Requests-Tier2,ReadBucketCors,,model-usage-sindh-obudsman,2.0000000000,,,USD,0.0000004000,0.0000008000,0.0000000916,0.0000001832,"$0.004 per 10,000 GET and all other requests",,"Amazon Web Services, Inc.",Amazon Simple Storage Service,,,,,,,,,,,,,,,,,,,,,,,,,,,,,,S3-API-Tier2,GET and all other requests,,,,,,,,,US West (Oregon),AWS Region,,,,,,,,,,,,,,,,,,,,API Request,,,,us-west-2,us-west-2,,,,,AmazonS3,Amazon Simple Storage Service,E77AQEM2DC4VV3FC,,,,,,,,,,,USW2-Requests-Tier2,,,,,,E77AQEM2DC4VV3FC.JRTCKXETXF.6YS6EN2CT7,327192957120,USD,0.0000008000,0.0000004000,OnDemand,Requests,,,,,,,,,,21100991763,,,,,,,,,,,,,,,
qoo7o5yrx5lxmgz6ogukwxnifojq2y3wntax6n6fjm2aqpf6fauq,2026-02-01T00:00:00Z/2026-03-01T00:00:00Z,,"Amazon Web Services, Inc.",AWS,Anniversary,595673262386,2026-02-01T00:00:00Z,2026-03-01T00:00:00Z,353545917793,Usage,2026-02-02T09:00:00Z,2026-02-02T11:00:00Z,AmazonS3,USW2-Requests-Tier2,ReadBucketCors,,s3bucketforizza,3.0000000000,,,USD,0.0000004000,0.0000012000,0.0000000916,0.0000002748,"$0.004 per 10,000 GET and all other requests",,"Amazon Web Services, Inc.",Amazon Simple Storage Service,,,,,,,,,,,,,,,,,,,,,,,,,,,,,,S3-API-Tier2,GET and all other requests,,,,,,,,,US West (Oregon),AWS Region,,,,,,,,,,,,,,,,,,,,API Request,,,,us-west-2,us-west-2,,,,,AmazonS3,Amazon Simple Storage Service,E77AQEM2DC4VV3FC,,,,,,,,,,,USW2-Requests-Tier2,,,,,,E77AQEM2DC4VV3FC.JRTCKXETXF.6YS6EN2CT7,327192957120,USD,0.0000012000,0.0000004000,OnDemand,Requests,,,,,,,,,,21100991763,,,,,,,,,,,,,,,
3ijcnbqudguv3wk4uaiux447nth3dwhsunphpvpsvuxh7bgxzx4a,2026-02-01T00:00:00Z/2026-03-01T00:00:00Z,,"Amazon Web Services, Inc.",AWS,Anniversary,595673262386,2026-02-01T00:00:00Z,2026-03-01T00:00:00Z,353545917793,Usage,2026-02-02T07:00:00Z,2026-02-02T09:00:00Z,AmazonS3,USW2-Requests-Tier2,ReadBucketIntelligentTiering,,model-usage-sindh-obudsman,9.0000000000,,,USD,0.0000004000,0.0000036000,0.0000000916,0.0000008244,"$0.004 per 10,000 GET and all other requests",,"Amazon Web Services, Inc.",Amazon Simple Storage Service,,,,,,,,,,,,,,,,,,,,,,,,,,,,,,S3-API-Tier2,GET and all other requests,,,,,,,,,US West (Oregon),AWS Region,,,,,,,,,,,,,,,,,,,,API Request,,,,us-west-2,us-west-2,,,,,AmazonS3,Amazon Simple Storage Service,E77AQEM2DC4VV3FC,,,,,,,,,,,USW2-Requests-Tier2,,,,,,E77AQEM2DC4VV3FC.JRTCKXETXF.6YS6EN2CT7,327192957120,USD,0.0000036000,0.0000004000,OnDemand,Requests,,,,,,,,,,21100991763,,,,,,,,,,,,,,,
cjxihqjktjor7ngtqgdnk5luefwevwssyxr646iw33ndx45f6qaa,2026-02-01T00:00:00Z/2026-03-01T00:00:00Z,,"Amazon Web Services, Inc.",AWS,Anniversary,595673262386,2026-02-01T00:00:00Z,2026-03-01T00:00:00Z,353545917793,Usage,2026-02-02T10:00:00Z,2026-02-02T11:00:00Z,AmazonS3,USW2-Requests-Tier2,ReadBucketIntelligentTiering,,s3bucketforizza,1.0000000000,,,USD,0.0000004000,0.0000004000,0.0000000916,0.0000000916,"$0.004 per 10,000 GET and all other requests",,"Amazon Web Services, Inc.",Amazon Simple Storage Service,,,,,,,,,,,,,,,,,,,,,,,,,,,,,,S3-API-Tier2,GET and all other requests,,,,,,,,,US West (Oregon),AWS Region,,,,,,,,,,,,,,,,,,,,API Request,,,,us-west-2,us-west-2,,,,,AmazonS3,Amazon Simple Storage Service,E77AQEM2DC4VV3FC,,,,,,,,,,,USW2-Requests-Tier2,,,,,,E77AQEM2DC4VV3FC.JRTCKXETXF.6YS6EN2CT7,327192957120,USD,0.0000004000,0.0000004000,OnDemand,Requests,,,,,,,,,,21100991763,,,,,,,,,,,,,,,
3fiyjasurvcehbycj2nvqh2ypuaouryejm77mlbhngkgv7oyow3a,2026-02-01T00:00:00Z/2026-03-01T00:00:00Z,,"Amazon Web Services, Inc.",AWS,Anniversary,595673262386,2026-02-01T00:00:00Z,2026-03-01T00:00:00Z,353545917793,Usage,2026-02-02T07:00:00Z,2026-02-02T08:00:00Z,AmazonS3,USW2-Requests-Tier2,ReadBucketInventory,,model-usage-sindh-obudsman,1.0000000000,,,USD,0.0000004000,0.0000004000,0.0000000916,0.0000000916,"$0.004 per 10,000 GET and all other requests",,"Amazon Web Services, Inc.",Amazon Simple Storage Service,,,,,,,,,,,,,,,,,,,,,,,,,,,,,,S3-API-Tier2,GET and all other requests,,,,,,,,,US West (Oregon),AWS Region,,,,,,,,,,,,,,,,,,,,API Request,,,,us-west-2,us-west-2,,,,,AmazonS3,Amazon Simple Storage Service,E77AQEM2DC4VV3FC,,,,,,,,,,,USW2-Requests-Tier2,,,,,,E77AQEM2DC4VV3FC.JRTCKXETXF.6YS6EN2CT7,327192957120,USD,0.0000004000,0.0000004000,OnDemand,Requests,,,,,,,,,,21100991763,,,,,,,,,,,,,,,
gvywrmqljto6dj7xqcmzdy3mjaevlbmdicr3bjwt6aqvencmm3iq,2026-02-01T00:00:00Z/2026-03-01T00:00:00Z,,"Amazon Web Services, Inc.",AWS,Anniversary,595673262386,2026-02-01T00:00:00Z,2026-03-01T00:00:00Z,353545917793,Usage,2026-02-02T09:00:00Z,2026-02-02T11:00:00Z,AmazonS3,USW2-Requests-Tier2,ReadBucketInventory,,s3bucketforizza,2.0000000000,,,USD,0.0000004000,0.0000008000,0.0000000916,0.0000001832,"$0.004 per 10,000 GET and all other requests",,"Amazon Web Services, Inc.",Amazon Simple Storage Service,,,,,,,,,,,,,,,,,,,,,,,,,,,,,,S3-API-Tier2,GET and all other requests,,,,,,,,,US West (Oregon),AWS Region,,,,,,,,,,,,,,,,,,,,API Request,,,,us-west-2,us-west-2,,,,,AmazonS3,Amazon Simple Storage Service,E77AQEM2DC4VV3FC,,,,,,,,,,,USW2-Requests-Tier2,,,,,,E77AQEM2DC4VV3FC.JRTCKXETXF.6YS6EN2CT7,327192957120,USD,0.0000008000,0.0000004000,OnDemand,Requests,,,,,,,,,,21100991763,,,,,,,,,,,,,,,
x73mnfgtsn45yjoenf6nekyl3svmv7sx33lya7njjbg4emmiganq,2026-02-01T00:00:00Z/2026-03-01T00:00:00Z,,"Amazon Web Services, Inc.",AWS,Anniversary,595673262386,2026-02-01T00:00:00Z,2026-03-01T00:00:00Z,353545917793,Usage,2026-02-02T07:00:00Z,2026-02-02T08:00:00Z,AmazonS3,USW2-Requests-Tier2,ReadBucketLifecycle,,model-usage-sindh-obudsman,2.0000000000,,,USD,0.0000004000,0.0000008000,0.0000000916,0.0000001832,"$0.004 per 10,000 GET and all other requests",,"Amazon Web Services, Inc.",Amazon Simple Storage Service,,,,,,,,,,,,,,,,,,,,,,,,,,,,,,S3-API-Tier2,GET and all other requests,,,,,,,,,US West (Oregon),AWS Region,,,,,,,,,,,,,,,,,,,,API Request,,,,us-west-2,us-west-2,,,,,AmazonS3,Amazon Simple Storage Service,E77AQEM2DC4VV3FC,,,,,,,,,,,USW2-Requests-Tier2,,,,,,E77AQEM2DC4VV3FC.JRTCKXETXF.6YS6EN2CT7,327192957120,USD,0.0000008000,0.0000004000,OnDemand,Requests,,,,,,,,,,21100991763,,,,,,,,,,,,,,,
iydgdi5xdpeuw3l7vzc7us4xk6fsqlqrmtwg2rmewoe5ifqa5y3q,2026-02-01T00:00:00Z/2026-03-01T00:00:00Z,,"Amazon Web Services, Inc.",AWS,Anniversary,595673262386,2026-02-01T00:00:00Z,2026-03-01T00:00:00Z,353545917793,Usage,2026-02-02T09:00:00Z,2026-02-02T11:00:00Z,AmazonS3,USW2-Requests-Tier2,ReadBucketLifecycle,,s3bucketforizza,2.0000000000,,,USD,0.0000004000,0.0000008000,0.0000000916,0.0000001832,"$0.004 per 10,000 GET and all other requests",,"Amazon Web Services, Inc.",Amazon Simple Storage Service,,,,,,,,,,,,,,,,,,,,,,,,,,,,,,S3-API-Tier2,GET and all other requests,,,,,,,,,US West (Oregon),AWS Region,,,,,,,,,,,,,,,,,,,,API Request,,,,us-west-2,us-west-2,,,,,AmazonS3,Amazon Simple Storage Service,E77AQEM2DC4VV3FC,,,,,,,,,,,USW2-Requests-Tier2,,,,,,E77AQEM2DC4VV3FC.JRTCKXETXF.6YS6EN2CT7,327192957120,USD,0.0000008000,0.0000004000,OnDemand,Requests,,,,,,,,,,21100991763,,,,,,,,,,,,,,,
mxu2uiawrkkwl4i4sovxhtsrjyzzzl3gkuu4z66msk3kayictxsa,2026-02-01T00:00:00Z/2026-03-01T00:00:00Z,,"Amazon Web Services, Inc.",AWS,Anniversary,595673262386,2026-02-01T00:00:00Z,2026-03-01T00:00:00Z,353545917793,Usage,2026-02-02T10:00:00Z,2026-02-02T11:00:00Z,AmazonS3,USW2-Requests-Tier2,ReadBucketObjectLockConfig,,s3bucketforizza,2.0000000000,,,USD,0.0000004000,0.0000008000,0.0000000916,0.0000001832,"$0.004 per 10,000 GET and all other requests",,"Amazon Web Services, Inc.",Amazon Simple Storage Service,,,,,,,,,,,,,,,,,,,,,,,,,,,,,,S3-API-Tier2,GET and all other requests,,,,,,,,,US West (Oregon),AWS Region,,,,,,,,,,,,,,,,,,,,API Request,,,,us-west-2,us-west-2,,,,,AmazonS3,Amazon Simple Storage Service,E77AQEM2DC4VV3FC,,,,,,,,,,,USW2-Requests-Tier2,,,,,,E77AQEM2DC4VV3FC.JRTCKXETXF.6YS6EN2CT7,327192957120,USD,0.0000008000,0.0000004000,OnDemand,Requests,,,,,,,,,,21100991763,,,,,,,,,,,,,,,
krssqep52crpqqsnr7ji376iylr6nrogjtveogxuzlbhg7yjoqnq,2026-02-01T00:00:00Z/2026-03-01T00:00:00Z,,"Amazon Web Services, Inc.",AWS,Anniversary,595673262386,2026-02-01T00:00:00Z,2026-03-01T00:00:00Z,353545917793,Usage,2026-02-02T07:00:00Z,2026-02-02T08:00:00Z,AmazonS3,USW2-Requests-Tier2,ReadBucketOwnershipControls,,athena-logs-xyz123,1.0000000000,,,USD,0.0000004000,0.0000004000,0.0000000916,0.0000000916,"$0.004 per 10,000 GET and all other requests",,"Amazon Web Services, Inc.",Amazon Simple Storage Service,,,,,,,,,,,,,,,,,,,,,,,,,,,,,,S3-API-Tier2,GET and all other requests,,,,,,,,,US West (Oregon),AWS Region,,,,,,,,,,,,,,,,,,,,API Request,,,,us-west-2,us-west-2,,,,,AmazonS3,Amazon Simple Storage Service,E77AQEM2DC4VV3FC,,,,,,,,,,,USW2-Requests-Tier2,,,,,,E77AQEM2DC4VV3FC.JRTCKXETXF.6YS6EN2CT7,327192957120,USD,0.0000004000,0.0000004000,OnDemand,Requests,,,,,,,,,,21100991763,,,,,,,,,,,,,,,
cnsamufudoy6cc3iyfmu6cblzuoyg7wnmzvqubtjqzvyrwrtzlyq,2026-02-01T00:00:00Z/2026-03-01T00:00:00Z,,"Amazon Web Services, Inc.",AWS,Anniversary,595673262386,2026-02-01T00:00:00Z,2026-03-01T00:00:00Z,353545917793,Usage,2026-02-02T07:00:00Z,2026-02-02T08:00:00Z,AmazonS3,USW2-Requests-Tier2,ReadBucketOwnershipControls,,dplit-monthly-billing-reports,1.0000000000,,,USD,0.0000004000,0.0000004000,0.0000000916,0.0000000916,"$0.004 per 10,000 GET and all other requests",,"Amazon Web Services, Inc.",Amazon Simple Storage Service,,,,,,,,,,,,,,,,,,,,,,,,,,,,,,S3-API-Tier2,GET and all other requests,,,,,,,,,US West (Oregon),AWS Region,,,,,,,,,,,,,,,,,,,,API Request,,,,us-west-2,us-west-2,,,,,AmazonS3,Amazon Simple Storage Service,E77AQEM2DC4VV3FC,,,,,,,,,,,USW2-Requests-Tier2,,,,,,E77AQEM2DC4VV3FC.JRTCKXETXF.6YS6EN2CT7,327192957120,USD,0.0000004000,0.0000004000,OnDemand,Requests,,,,,,,,,,21100991763,,,,,,,,,,,,,,,
x4q2ur7l5ufvvyhahznpwlk2sygf7tfnd5gdnw2bmdxnikbegsqq,2026-02-01T00:00:00Z/2026-03-01T00:00:00Z,,"Amazon Web Services, Inc.",AWS,Anniversary,595673262386,2026-02-01T00:00:00Z,2026-03-01T00:00:00Z,353545917793,Usage,2026-02-02T07:00:00Z,2026-02-02T09:00:00Z,AmazonS3,USW2-Requests-Tier2,ReadBucketOwnershipControls,,model-usage-sindh-obudsman,12.0000000000,,,USD,0.0000004000,0.0000048000,0.0000000916,0.0000010992,"$0.004 per 10,000 GET and all other requests",,"Amazon Web Services, Inc.",Amazon Simple Storage Service,,,,,,,,,,,,,,,,,,,,,,,,,,,,,,S3-API-Tier2,GET and all other requests,,,,,,,,,US West (Oregon),AWS Region,,,,,,,,,,,,,,,,,,,,API Request,,,,us-west-2,us-west-2,,,,,AmazonS3,Amazon Simple Storage Service,E77AQEM2DC4VV3FC,,,,,,,,,,,USW2-Requests-Tier2,,,,,,E77AQEM2DC4VV3FC.JRTCKXETXF.6YS6EN2CT7,327192957120,USD,0.0000048000,0.0000004000,OnDemand,Requests,,,,,,,,,,21100991763,,,,,,,,,,,,,,,
c364ydhw2u4x47ijacz5fvzjcwpklp4nx72y6pb63lrl55cxsgeq,2026-02-01T00:00:00Z/2026-03-01T00:00:00Z,,"Amazon Web Services, Inc.",AWS,Anniversary,595673262386,2026-02-01T00:00:00Z,2026-03-01T00:00:00Z,353545917793,Usage,2026-02-02T09:00:00Z,2026-02-02T11:00:00Z,AmazonS3,USW2-Requests-Tier2,ReadBucketOwnershipControls,,s3bucketforizza,8.0000000000,,,USD,0.0000004000,0.0000032000,0.0000000916,0.0000007328,"$0.004 per 10,000 GET and all other requests",,"Amazon Web Services, Inc.",Amazon Simple Storage Service,,,,,,,,,,,,,,,,,,,,,,,,,,,,,,S3-API-Tier2,GET and all other requests,,,,,,,,,US West (Oregon),AWS Region,,,,,,,,,,,,,,,,,,,,API Request,,,,us-west-2,us-west-2,,,,,AmazonS3,Amazon Simple Storage Service,E77AQEM2DC4VV3FC,,,,,,,,,,,USW2-Requests-Tier2,,,,,,E77AQEM2DC4VV3FC.JRTCKXETXF.6YS6EN2CT7,327192957120,USD,0.0000032000,0.0000004000,OnDemand,Requests,,,,,,,,,,21100991763,,,,,,,,,,,,,,,
bggtd4iodxekpcgnfeqhscfjarm6dfwuy4tvt6pvpymtsr4iuvcq,2026-02-01T00:00:00Z/2026-03-01T00:00:00Z,,"Amazon Web Services, Inc.",AWS,Anniversary,595673262386,2026-02-01T00:00:00Z,2026-03-01T00:00:00Z,353545917793,Usage,2026-02-02T10:00:00Z,2026-02-02T11:00:00Z,AmazonS3,USW2-Requests-Tier2,ReadBucketPolicy,,attachment-bucket-11222,1.0000000000,,,USD,0.0000004000,0.0000004000,0.0000000916,0.0000000916,"$0.004 per 10,000 GET and all other requests",,"Amazon Web Services, Inc.",Amazon Simple Storage Service,,,,,,,,,,,,,,,,,,,,,,,,,,,,,,S3-API-Tier2,GET and all other requests,,,,,,,,,US West (Oregon),AWS Region,,,,,,,,,,,,,,,,,,,,API Request,,,,us-west-2,us-west-2,,,,,AmazonS3,Amazon Simple Storage Service,E77AQEM2DC4VV3FC,,,,,,,,,,,USW2-Requests-Tier2,,,,,,E77AQEM2DC4VV3FC.JRTCKXETXF.6YS6EN2CT7,327192957120,USD,0.0000004000,0.0000004000,OnDemand,Requests,,,,,,,,,,21100991763,,,,,,,,,,,,,,,
qytwh7yq6gn6kg24tnzswzo2mott5afq2smcp4zdfbsf56jkkmma,2026-02-01T00:00:00Z/2026-03-01T00:00:00Z,,"Amazon Web Services, Inc.",AWS,Anniversary,595673262386,2026-02-01T00:00:00Z,2026-03-01T00:00:00Z,353545917793,Usage,2026-02-02T07:00:00Z,2026-02-02T09:00:00Z,AmazonS3,USW2-Requests-Tier2,ReadBucketPolicy,,model-usage-sindh-obudsman,4.0000000000,,,USD,0.0000004000,0.0000016000,0.0000000916,0.0000003664,"$0.004 per 10,000 GET and all other requests",,"Amazon Web Services, Inc.",Amazon Simple Storage Service,,,,,,,,,,,,,,,,,,,,,,,,,,,,,,S3-API-Tier2,GET and all other requests,,,,,,,,,US West (Oregon),AWS Region,,,,,,,,,,,,,,,,,,,,API Request,,,,us-west-2,us-west-2,,,,,AmazonS3,Amazon Simple Storage Service,E77AQEM2DC4VV3FC,,,,,,,,,,,USW2-Requests-Tier2,,,,,,E77AQEM2DC4VV3FC.JRTCKXETXF.6YS6EN2CT7,327192957120,USD,0.0000016000,0.0000004000,OnDemand,Requests,,,,,,,,,,21100991763,,,,,,,,,,,,,,,
2usumqpsx4ptf5ogbqlnnnrgzohhpbgodlckyagv3z43mkojbhoa,2026-02-01T00:00:00Z/2026-03-01T00:00:00Z,,"Amazon Web Services, Inc.",AWS,Anniversary,595673262386,2026-02-01T00:00:00Z,2026-03-01T00:00:00Z,353545917793,Usage,2026-02-02T09:00:00Z,2026-02-02T11:00:00Z,AmazonS3,USW2-Requests-Tier2,ReadBucketPolicy,,s3bucketforizza,4.0000000000,,,USD,0.0000004000,0.0000016000,0.0000000916,0.0000003664,"$0.004 per 10,000 GET and all other requests",,"Amazon Web Services, Inc.",Amazon Simple Storage Service,,,,,,,,,,,,,,,,,,,,,,,,,,,,,,S3-API-Tier2,GET and all other requests,,,,,,,,,US West (Oregon),AWS Region,,,,,,,,,,,,,,,,,,,,API Request,,,,us-west-2,us-west-2,,,,,AmazonS3,Amazon Simple Storage Service,E77AQEM2DC4VV3FC,,,,,,,,,,,USW2-Requests-Tier2,,,,,,E77AQEM2DC4VV3FC.JRTCKXETXF.6YS6EN2CT7,327192957120,USD,0.0000016000,0.0000004000,OnDemand,Requests,,,,,,,,,,21100991763,,,,,,,,,,,,,,,
cv3vtnhlmjp4an3fm3kboq7c5elxstzc6ydvyyyawgszyw67gxya,2026-02-01T00:00:00Z/2026-03-01T00:00:00Z,,"Amazon Web Services, Inc.",AWS,Anniversary,595673262386,2026-02-01T00:00:00Z,2026-03-01T00:00:00Z,353545917793,Usage,2026-02-02T07:00:00Z,2026-02-02T08:00:00Z,AmazonS3,USW2-Requests-Tier2,ReadBucketPublicAccessBlock,,dplit-monthly-billing-reports,1.0000000000,,,USD,0.0000004000,0.0000004000,0.0000000916,0.0000000916,"$0.004 per 10,000 GET and all other requests",,"Amazon Web Services, Inc.",Amazon Simple Storage Service,,,,,,,,,,,,,,,,,,,,,,,,,,,,,,S3-API-Tier2,GET and all other requests,,,,,,,,,US West (Oregon),AWS Region,,,,,,,,,,,,,,,,,,,,API Request,,,,us-west-2,us-west-2,,,,,AmazonS3,Amazon Simple Storage Service,E77AQEM2DC4VV3FC,,,,,,,,,,,USW2-Requests-Tier2,,,,,,E77AQEM2DC4VV3FC.JRTCKXETXF.6YS6EN2CT7,327192957120,USD,0.0000004000,0.0000004000,OnDemand,Requests,,,,,,,,,,21100991763,,,,,,,,,,,,,,,
eu6s52sefk2ttc2ys3s2chltnz7i3k43iq64xmkldjzy4mth2hiq,2026-02-01T00:00:00Z/2026-03-01T00:00:00Z,,"Amazon Web Services, Inc.",AWS,Anniversary,595673262386,2026-02-01T00:00:00Z,2026-03-01T00:00:00Z,353545917793,Usage,2026-02-02T07:00:00Z,2026-02-02T09:00:00Z,AmazonS3,USW2-Requests-Tier2,ReadBucketPublicAccessBlock,,model-usage-sindh-obudsman,12.0000000000,,,USD,0.0000004000,0.0000048000,0.0000000916,0.0000010992,"$0.004 per 10,000 GET and all other requests",,"Amazon Web Services, Inc.",Amazon Simple Storage Service,,,,,,,,,,,,,,,,,,,,,,,,,,,,,,S3-API-Tier2,GET and all other requests,,,,,,,,,US West (Oregon),AWS Region,,,,,,,,,,,,,,,,,,,,API Request,,,,us-west-2,us-west-2,,,,,AmazonS3,Amazon Simple Storage Service,E77AQEM2DC4VV3FC,,,,,,,,,,,USW2-Requests-Tier2,,,,,,E77AQEM2DC4VV3FC.JRTCKXETXF.6YS6EN2CT7,327192957120,USD,0.0000048000,0.0000004000,OnDemand,Requests,,,,,,,,,,21100991763,,,,,,,,,,,,,,,
lexizhjcjmroowvepkct3sb56sgmxdu57kc2irz4ko6mql73fhjq,2026-02-01T00:00:00Z/2026-03-01T00:00:00Z,,"Amazon Web Services, Inc.",AWS,Anniversary,595673262386,2026-02-01T00:00:00Z,2026-03-01T00:00:00Z,353545917793,Usage,2026-02-02T09:00:00Z,2026-02-02T11:00:00Z,AmazonS3,USW2-Requests-Tier2,ReadBucketPublicAccessBlock,,s3bucketforizza,11.0000000000,,,USD,0.0000004000,0.0000044000,0.0000000916,0.0000010076,"$0.004 per 10,000 GET and all other requests",,"Amazon Web Services, Inc.",Amazon Simple Storage Service,,,,,,,,,,,,,,,,,,,,,,,,,,,,,,S3-API-Tier2,GET and all other requests,,,,,,,,,US West (Oregon),AWS Region,,,,,,,,,,,,,,,,,,,,API Request,,,,us-west-2,us-west-2,,,,,AmazonS3,Amazon Simple Storage Service,E77AQEM2DC4VV3FC,,,,,,,,,,,USW2-Requests-Tier2,,,,,,E77AQEM2DC4VV3FC.JRTCKXETXF.6YS6EN2CT7,327192957120,USD,0.0000044000,0.0000004000,OnDemand,Requests,,,,,,,,,,21100991763,,,,,,,,,,,,,,,
fmkmss27hrldcvpxfsipa4nuojn3pca4e5twdd5yaeeveceawoka,2026-02-01T00:00:00Z/2026-03-01T00:00:00Z,,"Amazon Web Services, Inc.",AWS,Anniversary,595673262386,2026-02-01T00:00:00Z,2026-03-01T00:00:00Z,353545917793,Usage,2026-02-02T07:00:00Z,2026-02-02T09:00:00Z,AmazonS3,USW2-Requests-Tier2,ReadBucketReplication,,model-usage-sindh-obudsman,4.0000000000,,,USD,0.0000004000,0.0000016000,0.0000000916,0.0000003664,"$0.004 per 10,000 GET and all other requests",,"Amazon Web Services, Inc.",Amazon Simple Storage Service,,,,,,,,,,,,,,,,,,,,,,,,,,,,,,S3-API-Tier2,GET and all other requests,,,,,,,,,US West (Oregon),AWS Region,,,,,,,,,,,,,,,,,,,,API Request,,,,us-west-2,us-west-2,,,,,AmazonS3,Amazon Simple Storage Service,E77AQEM2DC4VV3FC,,,,,,,,,,,USW2-Requests-Tier2,,,,,,E77AQEM2DC4VV3FC.JRTCKXETXF.6YS6EN2CT7,327192957120,USD,0.0000016000,0.0000004000,OnDemand,Requests,,,,,,,,,,21100991763,,,,,,,,,,,,,,,
phy7pexrim7prvmj26kueo4tpf3d2vpm4k2f62rt3ftnmunby7fq,2026-02-01T00:00:00Z/2026-03-01T00:00:00Z,,"Amazon Web Services, Inc.",AWS,Anniversary,595673262386,2026-02-01T00:00:00Z,2026-03-01T00:00:00Z,353545917793,Usage,2026-02-02T09:00:00Z,2026-02-02T11:00:00Z,AmazonS3,USW2-Requests-Tier2,ReadBucketReplication,,s3bucketforizza,3.0000000000,,,USD,0.0000004000,0.0000012000,0.0000000916,0.0000002748,"$0.004 per 10,000 GET and all other requests",,"Amazon Web Services, Inc.",Amazon Simple Storage Service,,,,,,,,,,,,,,,,,,,,,,,,,,,,,,S3-API-Tier2,GET and all other requests,,,,,,,,,US West (Oregon),AWS Region,,,,,,,,,,,,,,,,,,,,API Request,,,,us-west-2,us-west-2,,,,,AmazonS3,Amazon Simple Storage Service,E77AQEM2DC4VV3FC,,,,,,,,,,,USW2-Requests-Tier2,,,,,,E77AQEM2DC4VV3FC.JRTCKXETXF.6YS6EN2CT7,327192957120,USD,0.0000012000,0.0000004000,OnDemand,Requests,,,,,,,,,,21100991763,,,,,,,,,,,,,,,
3v53miib6oi5rwq4phkg6gtyfmdone7lli2mlavmz7ipxisisd5q,2026-02-01T00:00:00Z/2026-03-01T00:00:00Z,,"Amazon Web Services, Inc.",AWS,Anniversary,595673262386,2026-02-01T00:00:00Z,2026-03-01T00:00:00Z,353545917793,Usage,2026-02-02T07:00:00Z,2026-02-02T08:00:00Z,AmazonS3,USW2-Requests-Tier2,ReadBucketServerSideEncryption,,dplit-monthly-billing-reports,1.0000000000,,,USD,0.0000004000,0.0000004000,0.0000000916,0.0000000916,"$0.004 per 10,000 GET and all other requests",,"Amazon Web Services, Inc.",Amazon Simple Storage Service,,,,,,,,,,,,,,,,,,,,,,,,,,,,,,S3-API-Tier2,GET and all other requests,,,,,,,,,US West (Oregon),AWS Region,,,,,,,,,,,,,,,,,,,,API Request,,,,us-west-2,us-west-2,,,,,AmazonS3,Amazon Simple Storage Service,E77AQEM2DC4VV3FC,,,,,,,,,,,USW2-Requests-Tier2,,,,,,E77AQEM2DC4VV3FC.JRTCKXETXF.6YS6EN2CT7,327192957120,USD,0.0000004000,0.0000004000,OnDemand,Requests,,,,,,,,,,21100991763,,,,,,,,,,,,,,,
dihnx7kzmratulrawho4bzfc3asbrin5imkohs2hrtm6wan7q7eq,2026-02-01T00:00:00Z/2026-03-01T00:00:00Z,,"Amazon Web Services, Inc.",AWS,Anniversary,595673262386,2026-02-01T00:00:00Z,2026-03-01T00:00:00Z,353545917793,Usage,2026-02-02T07:00:00Z,2026-02-02T09:00:00Z,AmazonS3,USW2-Requests-Tier2,ReadBucketServerSideEncryption,,model-usage-sindh-obudsman,9.0000000000,,,USD,0.0000004000,0.0000036000,0.0000000916,0.0000008244,"$0.004 per 10,000 GET and all other requests",,"Amazon Web Services, Inc.",Amazon Simple Storage Service,,,,,,,,,,,,,,,,,,,,,,,,,,,,,,S3-API-Tier2,GET and all other requests,,,,,,,,,US West (Oregon),AWS Region,,,,,,,,,,,,,,,,,,,,API Request,,,,us-west-2,us-west-2,,,,,AmazonS3,Amazon Simple Storage Service,E77AQEM2DC4VV3FC,,,,,,,,,,,USW2-Requests-Tier2,,,,,,E77AQEM2DC4VV3FC.JRTCKXETXF.6YS6EN2CT7,327192957120,USD,0.0000036000,0.0000004000,OnDemand,Requests,,,,,,,,,,21100991763,,,,,,,,,,,,,,,
i4qswcao2ae6malynjhaenfhl5p2yme32b4hjxllfphulrp4525q,2026-02-01T00:00:00Z/2026-03-01T00:00:00Z,,"Amazon Web Services, Inc.",AWS,Anniversary,595673262386,2026-02-01T00:00:00Z,2026-03-01T00:00:00Z,353545917793,Usage,2026-02-02T09:00:00Z,2026-02-02T11:00:00Z,AmazonS3,USW2-Requests-Tier2,ReadBucketServerSideEncryption,,s3bucketforizza,3.0000000000,,,USD,0.0000004000,0.0000012000,0.0000000916,0.0000002748,"$0.004 per 10,000 GET and all other requests",,"Amazon Web Services, Inc.",Amazon Simple Storage Service,,,,,,,,,,,,,,,,,,,,,,,,,,,,,,S3-API-Tier2,GET and all other requests,,,,,,,,,US West (Oregon),AWS Region,,,,,,,,,,,,,,,,,,,,API Request,,,,us-west-2,us-west-2,,,,,AmazonS3,Amazon Simple Storage Service,E77AQEM2DC4VV3FC,,,,,,,,,,,USW2-Requests-Tier2,,,,,,E77AQEM2DC4VV3FC.JRTCKXETXF.6YS6EN2CT7,327192957120,USD,0.0000012000,0.0000004000,OnDemand,Requests,,,,,,,,,,21100991763,,,,,,,,,,,,,,,
aeua5uyst7q2eckm75cr6na3whpf74u3o24hwrwqurqddxqgk3qq,2026-02-01T00:00:00Z/2026-03-01T00:00:00Z,,"Amazon Web Services, Inc.",AWS,Anniversary,595673262386,2026-02-01T00:00:00Z,2026-03-01T00:00:00Z,353545917793,Usage,2026-02-02T10:00:00Z,2026-02-02T11:00:00Z,AmazonS3,USW2-Requests-Tier2,ReadBucketWebsite,,s3bucketforizza,1.0000000000,,,USD,0.0000004000,0.0000004000,0.0000000916,0.0000000916,"$0.004 per 10,000 GET and all other requests",,"Amazon Web Services, Inc.",Amazon Simple Storage Service,,,,,,,,,,,,,,,,,,,,,,,,,,,,,,S3-API-Tier2,GET and all other requests,,,,,,,,,US West (Oregon),AWS Region,,,,,,,,,,,,,,,,,,,,API Request,,,,us-west-2,us-west-2,,,,,AmazonS3,Amazon Simple Storage Service,E77AQEM2DC4VV3FC,,,,,,,,,,,USW2-Requests-Tier2,,,,,,E77AQEM2DC4VV3FC.JRTCKXETXF.6YS6EN2CT7,327192957120,USD,0.0000004000,0.0000004000,OnDemand,Requests,,,,,,,,,,21100991763,,,,,,,,,,,,,,,
wwekxdlfizvdc5tdviwza5f2irjv5xc4hj2vn5hnokzx5a3mikgq,2026-02-01T00:00:00Z/2026-03-01T00:00:00Z,,"Amazon Web Services, Inc.",AWS,Anniversary,595673262386,2026-02-01T00:00:00Z,2026-03-01T00:00:00Z,353545917793,Usage,2026-02-02T10:00:00Z,2026-02-02T11:00:00Z,AmazonS3,USW2-Requests-Tier2,ReadCostAllocation,,s3bucketforizza,1.0000000000,,,USD,0.0000004000,0.0000004000,0.0000000916,0.0000000916,"$0.004 per 10,000 GET and all other requests",,"Amazon Web Services, Inc.",Amazon Simple Storage Service,,,,,,,,,,,,,,,,,,,,,,,,,,,,,,S3-API-Tier2,GET and all other requests,,,,,,,,,US West (Oregon),AWS Region,,,,,,,,,,,,,,,,,,,,API Request,,,,us-west-2,us-west-2,,,,,AmazonS3,Amazon Simple Storage Service,E77AQEM2DC4VV3FC,,,,,,,,,,,USW2-Requests-Tier2,,,,,,E77AQEM2DC4VV3FC.JRTCKXETXF.6YS6EN2CT7,327192957120,USD,0.0000004000,0.0000004000,OnDemand,Requests,,,,,,,,,,21100991763,,,,,,,,,,,,,,,
xx54v5shnaiem7gjtjbcurhiltysytermzaealwrmashky7c2pfq,2026-02-01T00:00:00Z/2026-03-01T00:00:00Z,,"Amazon Web Services, Inc.",AWS,Anniversary,595673262386,2026-02-01T00:00:00Z,2026-03-01T00:00:00Z,353545917793,Usage,2026-02-02T05:00:00Z,2026-02-02T11:00:00Z,AmazonS3,USW2-Requests-Tier2,ReadLocation,,athena-logs-xyz123,13.0000000000,,,USD,0.0000004000,0.0000052000,0.0000000916,0.0000011908,"$0.004 per 10,000 GET and all other requests",,"Amazon Web Services, Inc.",Amazon Simple Storage Service,,,,,,,,,,,,,,,,,,,,,,,,,,,,,,S3-API-Tier2,GET and all other requests,,,,,,,,,US West (Oregon),AWS Region,,,,,,,,,,,,,,,,,,,,API Request,,,,us-west-2,us-west-2,,,,,AmazonS3,Amazon Simple Storage Service,E77AQEM2DC4VV3FC,,,,,,,,,,,USW2-Requests-Tier2,,,,,,E77AQEM2DC4VV3FC.JRTCKXETXF.6YS6EN2CT7,327192957120,USD,0.0000052000,0.0000004000,OnDemand,Requests,,,,,,,,,,21100991763,,,,,,,,,,,,,,,
4h7qa644wmtj7dffnwskouuw754755xxcevmbkgcs5iohx7ilr2q,2026-02-01T00:00:00Z/2026-03-01T00:00:00Z,,"Amazon Web Services, Inc.",AWS,Anniversary,595673262386,2026-02-01T00:00:00Z,2026-03-01T00:00:00Z,353545917793,Usage,2026-02-02T05:00:00Z,2026-02-02T11:00:00Z,AmazonS3,USW2-Requests-Tier2,ReadLocation,,attachment-bucket-11222,13.0000000000,,,USD,0.0000004000,0.0000052000,0.0000000916,0.0000011908,"$0.004 per 10,000 GET and all other requests",,"Amazon Web Services, Inc.",Amazon Simple Storage Service,,,,,,,,,,,,,,,,,,,,,,,,,,,,,,S3-API-Tier2,GET and all other requests,,,,,,,,,US West (Oregon),AWS Region,,,,,,,,,,,,,,,,,,,,API Request,,,,us-west-2,us-west-2,,,,,AmazonS3,Amazon Simple Storage Service,E77AQEM2DC4VV3FC,,,,,,,,,,,USW2-Requests-Tier2,,,,,,E77AQEM2DC4VV3FC.JRTCKXETXF.6YS6EN2CT7,327192957120,USD,0.0000052000,0.0000004000,OnDemand,Requests,,,,,,,,,,21100991763,,,,,,,,,,,,,,,
skgidnvolul2dw62nzyx35vwecamuuze7ywky7zz2v72gdfkik7q,2026-02-01T00:00:00Z/2026-03-01T00:00:00Z,,"Amazon Web Services, Inc.",AWS,Anniversary,595673262386,2026-02-01T00:00:00Z,2026-03-01T00:00:00Z,353545917793,Usage,2026-02-02T05:00:00Z,2026-02-02T11:00:00Z,AmazonS3,USW2-Requests-Tier2,ReadLocation,,aws-sam-cli-managed-default-samclisourcebucket-zloxm0n9qfx4,13.0000000000,,,USD,0.0000004000,0.0000052000,0.0000000916,0.0000011908,"$0.004 per 10,000 GET and all other requests",,"Amazon Web Services, Inc.",Amazon Simple Storage Service,,,,,,,,,,,,,,,,,,,,,,,,,,,,,,S3-API-Tier2,GET and all other requests,,,,,,,,,US West (Oregon),AWS Region,,,,,,,,,,,,,,,,,,,,API Request,,,,us-west-2,us-west-2,,,,,AmazonS3,Amazon Simple Storage Service,E77AQEM2DC4VV3FC,,,,,,,,,,,USW2-Requests-Tier2,,,,,,E77AQEM2DC4VV3FC.JRTCKXETXF.6YS6EN2CT7,327192957120,USD,0.0000052000,0.0000004000,OnDemand,Requests,,,,,,,,,,21100991763,,,,,,,,,,,,,,,
23ggatj5cgh3exs3lforviedseyfyrhxsokjyocslulgnxgno6wa,2026-02-01T00:00:00Z/2026-03-01T00:00:00Z,,"Amazon Web Services, Inc.",AWS,Anniversary,595673262386,2026-02-01T00:00:00Z,2026-03-01T00:00:00Z,353545917793,Usage,2026-02-02T05:00:00Z,2026-02-02T11:00:00Z,AmazonS3,USW2-Requests-Tier2,ReadLocation,,backendstack-backendartifactbucket48723263-3spbxgacohfr,13.0000000000,,,USD,0.0000004000,0.0000052000,0.0000000916,0.0000011908,"$0.004 per 10,000 GET and all other requests",,"Amazon Web Services, Inc.",Amazon Simple Storage Service,,,,,,,,,,,,,,,,,,,,,,,,,,,,,,S3-API-Tier2,GET and all other requests,,,,,,,,,US West (Oregon),AWS Region,,,,,,,,,,,,,,,,,,,,API Request,,,,us-west-2,us-west-2,,,,,AmazonS3,Amazon Simple Storage Service,E77AQEM2DC4VV3FC,,,,,,,,,,,USW2-Requests-Tier2,,,,,,E77AQEM2DC4VV3FC.JRTCKXETXF.6YS6EN2CT7,327192957120,USD,0.0000052000,0.0000004000,OnDemand,Requests,,,,,,,,,,21100991763,,,,,,,,,,,,,,,
k3u73osil3vntnk5rwcoxwjxuhqonhk7cpffhdkonbnssiwlam4q,2026-02-01T00:00:00Z/2026-03-01T00:00:00Z,,"Amazon Web Services, Inc.",AWS,Anniversary,595673262386,2026-02-01T00:00:00Z,2026-03-01T00:00:00Z,353545917793,Usage,2026-02-02T05:00:00Z,2026-02-02T11:00:00Z,AmazonS3,USW2-Requests-Tier2,ReadLocation,,backendstackprod-backendartifactbucket48723263-les0gjtm1ws3,13.0000000000,,,USD,0.0000004000,0.0000052000,0.0000000916,0.0000011908,"$0.004 per 10,000 GET and all other requests",,"Amazon Web Services, Inc.",Amazon Simple Storage Service,,,,,,,,,,,,,,,,,,,,,,,,,,,,,,S3-API-Tier2,GET and all other requests,,,,,,,,,US West (Oregon),AWS Region,,,,,,,,,,,,,,,,,,,,API Request,,,,us-west-2,us-west-2,,,,,AmazonS3,Amazon Simple Storage Service,E77AQEM2DC4VV3FC,,,,,,,,,,,USW2-Requests-Tier2,,,,,,E77AQEM2DC4VV3FC.JRTCKXETXF.6YS6EN2CT7,327192957120,USD,0.0000052000,0.0000004000,OnDemand,Requests,,,,,,,,,,21100991763,,,,,,,,,,,,,,,
shhzmxe6uzovty4knms6arnxgfogbokrsqhvhntp5mkmvjrdbfba,2026-02-01T00:00:00Z/2026-03-01T00:00:00Z,,"Amazon Web Services, Inc.",AWS,Anniversary,595673262386,2026-02-01T00:00:00Z,2026-03-01T00:00:00Z,353545917793,Usage,2026-02-02T05:00:00Z,2026-02-02T11:00:00Z,AmazonS3,USW2-Requests-Tier2,ReadLocation,,backendstackuat-backendartifactbucket48723263-1obosmu2ngjp,13.0000000000,,,USD,0.0000004000,0.0000052000,0.0000000916,0.0000011908,"$0.004 per 10,000 GET and all other requests",,"Amazon Web Services, Inc.",Amazon Simple Storage Service,,,,,,,,,,,,,,,,,,,,,,,,,,,,,,S3-API-Tier2,GET and all other requests,,,,,,,,,US West (Oregon),AWS Region,,,,,,,,,,,,,,,,,,,,API Request,,,,us-west-2,us-west-2,,,,,AmazonS3,Amazon Simple Storage Service,E77AQEM2DC4VV3FC,,,,,,,,,,,USW2-Requests-Tier2,,,,,,E77AQEM2DC4VV3FC.JRTCKXETXF.6YS6EN2CT7,327192957120,USD,0.0000052000,0.0000004000,OnDemand,Requests,,,,,,,,,,21100991763,,,,,,,,,,,,,,,
mx57gnhbjibjrbjdtrpojirhsshsnz2zdyopmh5npm4x5mtr6wiq,2026-02-01T00:00:00Z/2026-03-01T00:00:00Z,,"Amazon Web Services, Inc.",AWS,Anniversary,595673262386,2026-02-01T00:00:00Z,2026-03-01T00:00:00Z,353545917793,Usage,2026-02-02T05:00:00Z,2026-02-02T11:00:00Z,AmazonS3,USW2-Requests-Tier2,ReadLocation,,cdk-hnb659fds-assets-353545917793-us-west-2,13.0000000000,,,USD,0.0000004000,0.0000052000,0.0000000916,0.0000011908,"$0.004 per 10,000 GET and all other requests",,"Amazon Web Services, Inc.",Amazon Simple Storage Service,,,,,,,,,,,,,,,,,,,,,,,,,,,,,,S3-API-Tier2,GET and all other requests,,,,,,,,,US West (Oregon),AWS Region,,,,,,,,,,,,,,,,,,,,API Request,,,,us-west-2,us-west-2,,,,,AmazonS3,Amazon Simple Storage Service,E77AQEM2DC4VV3FC,,,,,,,,,,,USW2-Requests-Tier2,,,,,,E77AQEM2DC4VV3FC.JRTCKXETXF.6YS6EN2CT7,327192957120,USD,0.0000052000,0.0000004000,OnDemand,Requests,,,,,,,,,,21100991763,,,,,,,,,,,,,,,
flg47y5lc4b2agh4taml7zico5iocszzm7bih3sbji2k5cwhtu7a,2026-02-01T00:00:00Z/2026-03-01T00:00:00Z,,"Amazon Web Services, Inc.",AWS,Anniversary,595673262386,2026-02-01T00:00:00Z,2026-03-01T00:00:00Z,353545917793,Usage,2026-02-02T05:00:00Z,2026-02-02T11:00:00Z,AmazonS3,USW2-Requests-Tier2,ReadLocation,,cf-templates-mriqnk830h6e-us-west-2,13.0000000000,,,USD,0.0000004000,0.0000052000,0.0000000916,0.0000011908,"$0.004 per 10,000 GET and all other requests",,"Amazon Web Services, Inc.",Amazon Simple Storage Service,,,,,,,,,,,,,,,,,,,,,,,,,,,,,,S3-API-Tier2,GET and all other requests,,,,,,,,,US West (Oregon),AWS Region,,,,,,,,,,,,,,,,,,,,API Request,,,,us-west-2,us-west-2,,,,,AmazonS3,Amazon Simple Storage Service,E77AQEM2DC4VV3FC,,,,,,,,,,,USW2-Requests-Tier2,,,,,,E77AQEM2DC4VV3FC.JRTCKXETXF.6YS6EN2CT7,327192957120,USD,0.0000052000,0.0000004000,OnDemand,Requests,,,,,,,,,,21100991763,,,,,,,,,,,,,,,
4g6zfbojip7z5xommiwkawrw7ohpa2en66rvvnfdc4eeqpgl4cyq,2026-02-01T00:00:00Z/2026-03-01T00:00:00Z,,"Amazon Web Services, Inc.",AWS,Anniversary,595673262386,2026-02-01T00:00:00Z,2026-03-01T00:00:00Z,353545917793,Usage,2026-02-02T05:00:00Z,2026-02-02T11:00:00Z,AmazonS3,USW2-Requests-Tier2,ReadLocation,,clamavec2stack-artifactbucket7410c9ef-idxp4hcoiwnd,13.0000000000,,,USD,0.0000004000,0.0000052000,0.0000000916,0.0000011908,"$0.004 per 10,000 GET and all other requests",,"Amazon Web Services, Inc.",Amazon Simple Storage Service,,,,,,,,,,,,,,,,,,,,,,,,,,,,,,S3-API-Tier2,GET and all other requests,,,,,,,,,US West (Oregon),AWS Region,,,,,,,,,,,,,,,,,,,,API Request,,,,us-west-2,us-west-2,,,,,AmazonS3,Amazon Simple Storage Service,E77AQEM2DC4VV3FC,,,,,,,,,,,USW2-Requests-Tier2,,,,,,E77AQEM2DC4VV3FC.JRTCKXETXF.6YS6EN2CT7,327192957120,USD,0.0000052000,0.0000004000,OnDemand,Requests,,,,,,,,,,21100991763,,,,,,,,,,,,,,,
w3qb27namgow572nnzscsnccdt7tdjdt6vh3mow2ntyq5kupkcfq,2026-02-01T00:00:00Z/2026-03-01T00:00:00Z,,"Amazon Web Services, Inc.",AWS,Anniversary,595673262386,2026-02-01T00:00:00Z,2026-03-01T00:00:00Z,353545917793,Usage,2026-02-02T05:00:00Z,2026-02-02T11:00:00Z,AmazonS3,USW2-Requests-Tier2,ReadLocation,,cms-elb-logs-prod-xyz,13.0000000000,,,USD,0.0000004000,0.0000052000,0.0000000916,0.0000011908,"$0.004 per 10,000 GET and all other requests",,"Amazon Web Services, Inc.",Amazon Simple Storage Service,,,,,,,,,,,,,,,,,,,,,,,,,,,,,,S3-API-Tier2,GET and all other requests,,,,,,,,,US West (Oregon),AWS Region,,,,,,,,,,,,,,,,,,,,API Request,,,,us-west-2,us-west-2,,,,,AmazonS3,Amazon Simple Storage Service,E77AQEM2DC4VV3FC,,,,,,,,,,,USW2-Requests-Tier2,,,,,,E77AQEM2DC4VV3FC.JRTCKXETXF.6YS6EN2CT7,327192957120,USD,0.0000052000,0.0000004000,OnDemand,Requests,,,,,,,,,,21100991763,,,,,,,,,,,,,,,
5io65pr66y3ofh7tx5ovnhi6ka2klmwzkc6sey4hu5sbd6z4dclq,2026-02-01T00:00:00Z/2026-03-01T00:00:00Z,,"Amazon Web Services, Inc.",AWS,Anniversary,595673262386,2026-02-01T00:00:00Z,2026-03-01T00:00:00Z,353545917793,Usage,2026-02-02T05:00:00Z,2026-02-02T11:00:00Z,AmazonS3,USW2-Requests-Tier2,ReadLocation,,cognito-import-20251105172527,13.0000000000,,,USD,0.0000004000,0.0000052000,0.0000000916,0.0000011908,"$0.004 per 10,000 GET and all other requests",,"Amazon Web Services, Inc.",Amazon Simple Storage Service,,,,,,,,,,,,,,,,,,,,,,,,,,,,,,S3-API-Tier2,GET and all other requests,,,,,,,,,US West (Oregon),AWS Region,,,,,,,,,,,,,,,,,,,,API Request,,,,us-west-2,us-west-2,,,,,AmazonS3,Amazon Simple Storage Service,E77AQEM2DC4VV3FC,,,,,,,,,,,USW2-Requests-Tier2,,,,,,E77AQEM2DC4VV3FC.JRTCKXETXF.6YS6EN2CT7,327192957120,USD,0.0000052000,0.0000004000,OnDemand,Requests,,,,,,,,,,21100991763,,,,,,,,,,,,,,,
ffzlxoc2tk3uzw7xdnm3or2t4nxbuuscdb4r6fcxq5dxzeic5kea,2026-02-01T00:00:00Z/2026-03-01T00:00:00Z,,"Amazon Web Services, Inc.",AWS,Anniversary,595673262386,2026-02-01T00:00:00Z,2026-03-01T00:00:00Z,353545917793,Usage,2026-02-02T05:00:00Z,2026-02-02T11:00:00Z,AmazonS3,USW2-Requests-Tier2,ReadLocation,,cognito-import-20251105172757,13.0000000000,,,USD,0.0000004000,0.0000052000,0.0000000916,0.0000011908,"$0.004 per 10,000 GET and all other requests",,"Amazon Web Services, Inc.",Amazon Simple Storage Service,,,,,,,,,,,,,,,,,,,,,,,,,,,,,,S3-API-Tier2,GET and all other requests,,,,,,,,,US West (Oregon),AWS Region,,,,,,,,,,,,,,,,,,,,API Request,,,,us-west-2,us-west-2,,,,,AmazonS3,Amazon Simple Storage Service,E77AQEM2DC4VV3FC,,,,,,,,,,,USW2-Requests-Tier2,,,,,,E77AQEM2DC4VV3FC.JRTCKXETXF.6YS6EN2CT7,327192957120,USD,0.0000052000,0.0000004000,OnDemand,Requests,,,,,,,,,,21100991763,,,,,,,,,,,,,,,
zztom2cv3csq56jgyivjluwcmmnuz2zndxaaqt6f7ddqolhpxpfq,2026-02-01T00:00:00Z/2026-03-01T00:00:00Z,,"Amazon Web Services, Inc.",AWS,Anniversary,595673262386,2026-02-01T00:00:00Z,2026-03-01T00:00:00Z,353545917793,Usage,2026-02-02T05:00:00Z,2026-02-02T11:00:00Z,AmazonS3,USW2-Requests-Tier2,ReadLocation,,cognito-import-20251105172953,13.0000000000,,,USD,0.0000004000,0.0000052000,0.0000000916,0.0000011908,"$0.004 per 10,000 GET and all other requests",,"Amazon Web Services, Inc.",Amazon Simple Storage Service,,,,,,,,,,,,,,,,,,,,,,,,,,,,,,S3-API-Tier2,GET and all other requests,,,,,,,,,US West (Oregon),AWS Region,,,,,,,,,,,,,,,,,,,,API Request,,,,us-west-2,us-west-2,,,,,AmazonS3,Amazon Simple Storage Service,E77AQEM2DC4VV3FC,,,,,,,,,,,USW2-Requests-Tier2,,,,,,E77AQEM2DC4VV3FC.JRTCKXETXF.6YS6EN2CT7,327192957120,USD,0.0000052000,0.0000004000,OnDemand,Requests,,,,,,,,,,21100991763,,,,,,,,,,,,,,,
qjs74lm7uuudkx2y66hxhebdqi6442zxdtke6wgqg3d52vyz5qwa,2026-02-01T00:00:00Z/2026-03-01T00:00:00Z,,"Amazon Web Services, Inc.",AWS,Anniversary,595673262386,2026-02-01T00:00:00Z,2026-03-01T00:00:00Z,353545917793,Usage,2026-02-02T05:00:00Z,2026-02-02T11:00:00Z,AmazonS3,USW2-Requests-Tier2,ReadLocation,,cognito-import-20251105173107,13.0000000000,,,USD,0.0000004000,0.0000052000,0.0000000916,0.0000011908,"$0.004 per 10,000 GET and all other requests",,"Amazon Web Services, Inc.",Amazon Simple Storage Service,,,,,,,,,,,,,,,,,,,,,,,,,,,,,,S3-API-Tier2,GET and all other requests,,,,,,,,,US West (Oregon),AWS Region,,,,,,,,,,,,,,,,,,,,API Request,,,,us-west-2,us-west-2,,,,,AmazonS3,Amazon Simple Storage Service,E77AQEM2DC4VV3FC,,,,,,,,,,,USW2-Requests-Tier2,,,,,,E77AQEM2DC4VV3FC.JRTCKXETXF.6YS6EN2CT7,327192957120,USD,0.0000052000,0.0000004000,OnDemand,Requests,,,,,,,,,,21100991763,,,,,,,,,,,,,,,
lysymwureri6ckp6dkxduntmkzn7nkfg3tfjsamhgx3ezzl56yla,2026-02-01T00:00:00Z/2026-03-01T00:00:00Z,,"Amazon Web Services, Inc.",AWS,Anniversary,595673262386,2026-02-01T00:00:00Z,2026-03-01T00:00:00Z,353545917793,Usage,2026-02-02T05:00:00Z,2026-02-02T11:00:00Z,AmazonS3,USW2-Requests-Tier2,ReadLocation,,cognito-import-20251105174111,13.0000000000,,,USD,0.0000004000,0.0000052000,0.0000000916,0.0000011908,"$0.004 per 10,000 GET and all other requests",,"Amazon Web Services, Inc.",Amazon Simple Storage Service,,,,,,,,,,,,,,,,,,,,,,,,,,,,,,S3-API-Tier2,GET and all other requests,,,,,,,,,US West (Oregon),AWS Region,,,,,,,,,,,,,,,,,,,,API Request,,,,us-west-2,us-west-2,,,,,AmazonS3,Amazon Simple Storage Service,E77AQEM2DC4VV3FC,,,,,,,,,,,USW2-Requests-Tier2,,,,,,E77AQEM2DC4VV3FC.JRTCKXETXF.6YS6EN2CT7,327192957120,USD,0.0000052000,0.0000004000,OnDemand,Requests,,,,,,,,,,21100991763,,,,,,,,,,,,,,,
jaugas3pnmlvrvaz6y625b3trdfj7p6rokvexipdhnv5sfp2xljq,2026-02-01T00:00:00Z/2026-03-01T00:00:00Z,,"Amazon Web Services, Inc.",AWS,Anniversary,595673262386,2026-02-01T00:00:00Z,2026-03-01T00:00:00Z,353545917793,Usage,2026-02-02T05:00:00Z,2026-02-02T11:00:00Z,AmazonS3,USW2-Requests-Tier2,ReadLocation,,cognito-import-20251105195903,13.0000000000,,,USD,0.0000004000,0.0000052000,0.0000000916,0.0000011908,"$0.004 per 10,000 GET and all other requests",,"Amazon Web Services, Inc.",Amazon Simple Storage Service,,,,,,,,,,,,,,,,,,,,,,,,,,,,,,S3-API-Tier2,GET and all other requests,,,,,,,,,US West (Oregon),AWS Region,,,,,,,,,,,,,,,,,,,,API Request,,,,us-west-2,us-west-2,,,,,AmazonS3,Amazon Simple Storage Service,E77AQEM2DC4VV3FC,,,,,,,,,,,USW2-Requests-Tier2,,,,,,E77AQEM2DC4VV3FC.JRTCKXETXF.6YS6EN2CT7,327192957120,USD,0.0000052000,0.0000004000,OnDemand,Requests,,,,,,,,,,21100991763,,,,,,,,,,,,,,,
3bm4too2sphopkma6leeps42z4qstxcklbjqglo2uj45i6wcn4ka,2026-02-01T00:00:00Z/2026-03-01T00:00:00Z,,"Amazon Web Services, Inc.",AWS,Anniversary,595673262386,2026-02-01T00:00:00Z,2026-03-01T00:00:00Z,353545917793,Usage,2026-02-02T07:00:00Z,2026-02-02T11:00:00Z,AmazonS3,USW2-Requests-Tier2,ReadLocation,,dplit-monthly-billing-reports,6.0000000000,,,USD,0.0000004000,0.0000024000,0.0000000916,0.0000005496,"$0.004 per 10,000 GET and all other requests",,"Amazon Web Services, Inc.",Amazon Simple Storage Service,,,,,,,,,,,,,,,,,,,,,,,,,,,,,,S3-API-Tier2,GET and all other requests,,,,,,,,,US West (Oregon),AWS Region,,,,,,,,,,,,,,,,,,,,API Request,,,,us-west-2,us-west-2,,,,,AmazonS3,Amazon Simple Storage Service,E77AQEM2DC4VV3FC,,,,,,,,,,,USW2-Requests-Tier2,,,,,,E77AQEM2DC4VV3FC.JRTCKXETXF.6YS6EN2CT7,327192957120,USD,0.0000024000,0.0000004000,OnDemand,Requests,,,,,,,,,,21100991763,,,,,,,,,,,,,,,
vj54xz4upi5n2hsunvy5fmedarsuzhy47w2jjtw7m2suzq5fgtmq,2026-02-01T00:00:00Z/2026-03-01T00:00:00Z,,"Amazon Web Services, Inc.",AWS,Anniversary,595673262386,2026-02-01T00:00:00Z,2026-03-01T00:00:00Z,353545917793,Usage,2026-02-02T05:00:00Z,2026-02-02T11:00:00Z,AmazonS3,USW2-Requests-Tier2,ReadLocation,,frontendstack-artifactbucket7410c9ef-xsga68jmzdcj,13.0000000000,,,USD,0.0000004000,0.0000052000,0.0000000916,0.0000011908,"$0.004 per 10,000 GET and all other requests",,"Amazon Web Services, Inc.",Amazon Simple Storage Service,,,,,,,,,,,,,,,,,,,,,,,,,,,,,,S3-API-Tier2,GET and all other requests,,,,,,,,,US West (Oregon),AWS Region,,,,,,,,,,,,,,,,,,,,API Request,,,,us-west-2,us-west-2,,,,,AmazonS3,Amazon Simple Storage Service,E77AQEM2DC4VV3FC,,,,,,,,,,,USW2-Requests-Tier2,,,,,,E77AQEM2DC4VV3FC.JRTCKXETXF.6YS6EN2CT7,327192957120,USD,0.0000052000,0.0000004000,OnDemand,Requests,,,,,,,,,,21100991763,,,,,,,,,,,,,,,
76i62peopfnkm2j4r5f6wb6vhparhdylke2453hzqi6hzabol7qa,2026-02-01T00:00:00Z/2026-03-01T00:00:00Z,,"Amazon Web Services, Inc.",AWS,Anniversary,595673262386,2026-02-01T00:00:00Z,2026-03-01T00:00:00Z,353545917793,Usage,2026-02-02T05:00:00Z,2026-02-02T11:00:00Z,AmazonS3,USW2-Requests-Tier2,ReadLocation,,frontendstack-artifactbucketadmind30278b4-yfqewhl6wdjr,13.0000000000,,,USD,0.0000004000,0.0000052000,0.0000000916,0.0000011908,"$0.004 per 10,000 GET and all other requests",,"Amazon Web Services, Inc.",Amazon Simple Storage Service,,,,,,,,,,,,,,,,,,,,,,,,,,,,,,S3-API-Tier2,GET and all other requests,,,,,,,,,US West (Oregon),AWS Region,,,,,,,,,,,,,,,,,,,,API Request,,,,us-west-2,us-west-2,,,,,AmazonS3,Amazon Simple Storage Service,E77AQEM2DC4VV3FC,,,,,,,,,,,USW2-Requests-Tier2,,,,,,E77AQEM2DC4VV3FC.JRTCKXETXF.6YS6EN2CT7,327192957120,USD,0.0000052000,0.0000004000,OnDemand,Requests,,,,,,,,,,21100991763,,,,,,,,,,,,,,,
xrf5sqkioc4qx6y3y7mfcjtybujgmsewy46qen6vuosofqzpmtgq,2026-02-01T00:00:00Z/2026-03-01T00:00:00Z,,"Amazon Web Services, Inc.",AWS,Anniversary,595673262386,2026-02-01T00:00:00Z,2026-03-01T00:00:00Z,353545917793,Usage,2026-02-02T05:00:00Z,2026-02-02T11:00:00Z,AmazonS3,USW2-Requests-Tier2,ReadLocation,,frontendstackprod-artifactbucket7410c9ef-ebiapfpk0s8u,13.0000000000,,,USD,0.0000004000,0.0000052000,0.0000000916,0.0000011908,"$0.004 per 10,000 GET and all other requests",,"Amazon Web Services, Inc.",Amazon Simple Storage Service,,,,,,,,,,,,,,,,,,,,,,,,,,,,,,S3-API-Tier2,GET and all other requests,,,,,,,,,US West (Oregon),AWS Region,,,,,,,,,,,,,,,,,,,,API Request,,,,us-west-2,us-west-2,,,,,AmazonS3,Amazon Simple Storage Service,E77AQEM2DC4VV3FC,,,,,,,,,,,USW2-Requests-Tier2,,,,,,E77AQEM2DC4VV3FC.JRTCKXETXF.6YS6EN2CT7,327192957120,USD,0.0000052000,0.0000004000,OnDemand,Requests,,,,,,,,,,21100991763,,,,,,,,,,,,,,,
72wn4fhdh2o373navilgtnbhnh6nzq6sezn7bwr5v6e3od4yvsga,2026-02-01T00:00:00Z/2026-03-01T00:00:00Z,,"Amazon Web Services, Inc.",AWS,Anniversary,595673262386,2026-02-01T00:00:00Z,2026-03-01T00:00:00Z,353545917793,Usage,2026-02-02T05:00:00Z,2026-02-02T11:00:00Z,AmazonS3,USW2-Requests-Tier2,ReadLocation,,frontendstackprod-artifactbucketadmind30278b4-ktouj3dvxbzv,13.0000000000,,,USD,0.0000004000,0.0000052000,0.0000000916,0.0000011908,"$0.004 per 10,000 GET and all other requests",,"Amazon Web Services, Inc.",Amazon Simple Storage Service,,,,,,,,,,,,,,,,,,,,,,,,,,,,,,S3-API-Tier2,GET and all other requests,,,,,,,,,US West (Oregon),AWS Region,,,,,,,,,,,,,,,,,,,,API Request,,,,us-west-2,us-west-2,,,,,AmazonS3,Amazon Simple Storage Service,E77AQEM2DC4VV3FC,,,,,,,,,,,USW2-Requests-Tier2,,,,,,E77AQEM2DC4VV3FC.JRTCKXETXF.6YS6EN2CT7,327192957120,USD,0.0000052000,0.0000004000,OnDemand,Requests,,,,,,,,,,21100991763,,,,,,,,,,,,,,,
djo4p5fssyft7xhxcj6pwtbqe7emi7s6iskwdfnlf4zgbgi6j5ca,2026-02-01T00:00:00Z/2026-03-01T00:00:00Z,,"Amazon Web Services, Inc.",AWS,Anniversary,595673262386,2026-02-01T00:00:00Z,2026-03-01T00:00:00Z,353545917793,Usage,2026-02-02T05:00:00Z,2026-02-02T11:00:00Z,AmazonS3,USW2-Requests-Tier2,ReadLocation,,frontendstackuat-artifactbucket7410c9ef-hkqgbyrdiclg,13.0000000000,,,USD,0.0000004000,0.0000052000,0.0000000916,0.0000011908,"$0.004 per 10,000 GET and all other requests",,"Amazon Web Services, Inc.",Amazon Simple Storage Service,,,,,,,,,,,,,,,,,,,,,,,,,,,,,,S3-API-Tier2,GET and all other requests,,,,,,,,,US West (Oregon),AWS Region,,,,,,,,,,,,,,,,,,,,API Request,,,,us-west-2,us-west-2,,,,,AmazonS3,Amazon Simple Storage Service,E77AQEM2DC4VV3FC,,,,,,,,,,,USW2-Requests-Tier2,,,,,,E77AQEM2DC4VV3FC.JRTCKXETXF.6YS6EN2CT7,327192957120,USD,0.0000052000,0.0000004000,OnDemand,Requests,,,,,,,,,,21100991763,,,,,,,,,,,,,,,
6lox2pwkkt5lhlu6urcscxluwmciallh7ubnylrgcfaa6gzuab4q,2026-02-01T00:00:00Z/2026-03-01T00:00:00Z,,"Amazon Web Services, Inc.",AWS,Anniversary,595673262386,2026-02-01T00:00:00Z,2026-03-01T00:00:00Z,353545917793,Usage,2026-02-02T05:00:00Z,2026-02-02T11:00:00Z,AmazonS3,USW2-Requests-Tier2,ReadLocation,,frontendstackuat-artifactbucketadmind30278b4-hcgt66uec200,13.0000000000,,,USD,0.0000004000,0.0000052000,0.0000000916,0.0000011908,"$0.004 per 10,000 GET and all other requests",,"Amazon Web Services, Inc.",Amazon Simple Storage Service,,,,,,,,,,,,,,,,,,,,,,,,,,,,,,S3-API-Tier2,GET and all other requests,,,,,,,,,US West (Oregon),AWS Region,,,,,,,,,,,,,,,,,,,,API Request,,,,us-west-2,us-west-2,,,,,AmazonS3,Amazon Simple Storage Service,E77AQEM2DC4VV3FC,,,,,,,,,,,USW2-Requests-Tier2,,,,,,E77AQEM2DC4VV3FC.JRTCKXETXF.6YS6EN2CT7,327192957120,USD,0.0000052000,0.0000004000,OnDemand,Requests,,,,,,,,,,21100991763,,,,,,,,,,,,,,,
ksxv4gzhlfkipswcj2buyhk333i7qcoknq6jjkzp3h7eo74tc5ha,2026-02-01T00:00:00Z/2026-03-01T00:00:00Z,,"Amazon Web Services, Inc.",AWS,Anniversary,595673262386,2026-02-01T00:00:00Z,2026-03-01T00:00:00Z,353545917793,Usage,2026-02-02T07:00:00Z,2026-02-02T11:00:00Z,AmazonS3,USW2-Requests-Tier2,ReadLocation,,model-usage-sindh-obudsman,6.0000000000,,,USD,0.0000004000,0.0000024000,0.0000000916,0.0000005496,"$0.004 per 10,000 GET and all other requests",,"Amazon Web Services, Inc.",Amazon Simple Storage Service,,,,,,,,,,,,,,,,,,,,,,,,,,,,,,S3-API-Tier2,GET and all other requests,,,,,,,,,US West (Oregon),AWS Region,,,,,,,,,,,,,,,,,,,,API Request,,,,us-west-2,us-west-2,,,,,AmazonS3,Amazon Simple Storage Service,E77AQEM2DC4VV3FC,,,,,,,,,,,USW2-Requests-Tier2,,,,,,E77AQEM2DC4VV3FC.JRTCKXETXF.6YS6EN2CT7,327192957120,USD,0.0000024000,0.0000004000,OnDemand,Requests,,,,,,,,,,21100991763,,,,,,,,,,,,,,,
4kjnh47ehjuewthnpaqwb2hik5kszroaz2mjqm3zuelqubaqlmra,2026-02-01T00:00:00Z/2026-03-01T00:00:00Z,,"Amazon Web Services, Inc.",AWS,Anniversary,595673262386,2026-02-01T00:00:00Z,2026-03-01T00:00:00Z,353545917793,Usage,2026-02-02T05:00:00Z,2026-02-02T11:00:00Z,AmazonS3,USW2-Requests-Tier2,ReadLocation,,notification-templates-socms-dev-uat,13.0000000000,,,USD,0.0000004000,0.0000052000,0.0000000916,0.0000011908,"$0.004 per 10,000 GET and all other requests",,"Amazon Web Services, Inc.",Amazon Simple Storage Service,,,,,,,,,,,,,,,,,,,,,,,,,,,,,,S3-API-Tier2,GET and all other requests,,,,,,,,,US West (Oregon),AWS Region,,,,,,,,,,,,,,,,,,,,API Request,,,,us-west-2,us-west-2,,,,,AmazonS3,Amazon Simple Storage Service,E77AQEM2DC4VV3FC,,,,,,,,,,,USW2-Requests-Tier2,,,,,,E77AQEM2DC4VV3FC.JRTCKXETXF.6YS6EN2CT7,327192957120,USD,0.0000052000,0.0000004000,OnDemand,Requests,,,,,,,,,,21100991763,,,,,,,,,,,,,,,
q5lcxphdisujsa6e2znsnn35wihzi4xodfazvrvgovuwbz56jvrq,2026-02-01T00:00:00Z/2026-03-01T00:00:00Z,,"Amazon Web Services, Inc.",AWS,Anniversary,595673262386,2026-02-01T00:00:00Z,2026-03-01T00:00:00Z,353545917793,Usage,2026-02-02T05:00:00Z,2026-02-02T11:00:00Z,AmazonS3,USW2-Requests-Tier2,ReadLocation,,notification-templates-socms-prod,13.0000000000,,,USD,0.0000004000,0.0000052000,0.0000000916,0.0000011908,"$0.004 per 10,000 GET and all other requests",,"Amazon Web Services, Inc.",Amazon Simple Storage Service,,,,,,,,,,,,,,,,,,,,,,,,,,,,,,S3-API-Tier2,GET and all other requests,,,,,,,,,US West (Oregon),AWS Region,,,,,,,,,,,,,,,,,,,,API Request,,,,us-west-2,us-west-2,,,,,AmazonS3,Amazon Simple Storage Service,E77AQEM2DC4VV3FC,,,,,,,,,,,USW2-Requests-Tier2,,,,,,E77AQEM2DC4VV3FC.JRTCKXETXF.6YS6EN2CT7,327192957120,USD,0.0000052000,0.0000004000,OnDemand,Requests,,,,,,,,,,21100991763,,,,,,,,,,,,,,,
wi6bjgw24t3d4cmh44vygfaaj7mmoqhy67u7d5rafe3t2cmwb2ya,2026-02-01T00:00:00Z/2026-03-01T00:00:00Z,,"Amazon Web Services, Inc.",AWS,Anniversary,595673262386,2026-02-01T00:00:00Z,2026-03-01T00:00:00Z,353545917793,Usage,2026-02-02T10:00:00Z,2026-02-02T11:00:00Z,AmazonS3,USW2-Requests-Tier2,ReadLocation,,s3bucketforizza,1.0000000000,,,USD,0.0000004000,0.0000004000,0.0000000916,0.0000000916,"$0.004 per 10,000 GET and all other requests",,"Amazon Web Services, Inc.",Amazon Simple Storage Service,,,,,,,,,,,,,,,,,,,,,,,,,,,,,,S3-API-Tier2,GET and all other requests,,,,,,,,,US West (Oregon),AWS Region,,,,,,,,,,,,,,,,,,,,API Request,,,,us-west-2,us-west-2,,,,,AmazonS3,Amazon Simple Storage Service,E77AQEM2DC4VV3FC,,,,,,,,,,,USW2-Requests-Tier2,,,,,,E77AQEM2DC4VV3FC.JRTCKXETXF.6YS6EN2CT7,327192957120,USD,0.0000004000,0.0000004000,OnDemand,Requests,,,,,,,,,,21100991763,,,,,,,,,,,,,,,
vgmwc7ig7hbtuztx6onofz3oorsckrawbff6voqtjvnwgq2icq3q,2026-02-01T00:00:00Z/2026-03-01T00:00:00Z,,"Amazon Web Services, Inc.",AWS,Anniversary,595673262386,2026-02-01T00:00:00Z,2026-03-01T00:00:00Z,353545917793,Usage,2026-02-02T05:00:00Z,2026-02-02T11:00:00Z,AmazonS3,USW2-Requests-Tier2,ReadLocation,,s3stack-userfileuploadbucket259f036a-aoe8urrbevxw,11.0000000000,,,USD,0.0000004000,0.0000044000,0.0000000916,0.0000010076,"$0.004 per 10,000 GET and all other requests",,"Amazon Web Services, Inc.",Amazon Simple Storage Service,,,,,,,,,,,,,,,,,,,,,,,,,,,,,,S3-API-Tier2,GET and all other requests,,,,,,,,,US West (Oregon),AWS Region,,,,,,,,,,,,,,,,,,,,API Request,,,,us-west-2,us-west-2,,,,,AmazonS3,Amazon Simple Storage Service,E77AQEM2DC4VV3FC,,,,,,,,,,,USW2-Requests-Tier2,,,,,,E77AQEM2DC4VV3FC.JRTCKXETXF.6YS6EN2CT7,327192957120,USD,0.0000044000,0.0000004000,OnDemand,Requests,,,,,,,,,,21100991763,,,,,,,,,,,,,,,
b42lqyvicgnc66nce54gpqeupc43thmxypdnk4nhkogn5nwuksmq,2026-02-01T00:00:00Z/2026-03-01T00:00:00Z,,"Amazon Web Services, Inc.",AWS,Anniversary,595673262386,2026-02-01T00:00:00Z,2026-03-01T00:00:00Z,353545917793,Usage,2026-02-02T05:00:00Z,2026-02-02T11:00:00Z,AmazonS3,USW2-Requests-Tier2,ReadLocation,,s3stack-userfileuploadbucketprod5670d977-cc1o6umd6ksg,12.0000000000,,,USD,0.0000004000,0.0000048000,0.0000000916,0.0000010992,"$0.004 per 10,000 GET and all other requests",,"Amazon Web Services, Inc.",Amazon Simple Storage Service,,,,,,,,,,,,,,,,,,,,,,,,,,,,,,S3-API-Tier2,GET and all other requests,,,,,,,,,US West (Oregon),AWS Region,,,,,,,,,,,,,,,,,,,,API Request,,,,us-west-2,us-west-2,,,,,AmazonS3,Amazon Simple Storage Service,E77AQEM2DC4VV3FC,,,,,,,,,,,USW2-Requests-Tier2,,,,,,E77AQEM2DC4VV3FC.JRTCKXETXF.6YS6EN2CT7,327192957120,USD,0.0000048000,0.0000004000,OnDemand,Requests,,,,,,,,,,21100991763,,,,,,,,,,,,,,,
q7mwz3grfhnodmgrrnyv7afs5hsk4msdq25wjek73j2r5izmrd2q,2026-02-01T00:00:00Z/2026-03-01T00:00:00Z,,"Amazon Web Services, Inc.",AWS,Anniversary,595673262386,2026-02-01T00:00:00Z,2026-03-01T00:00:00Z,353545917793,Usage,2026-02-02T05:00:00Z,2026-02-02T11:00:00Z,AmazonS3,USW2-Requests-Tier2,ReadLocation,,s3stack-userfileuploadbucketuat0d968125-iadazn2jspsp,11.0000000000,,,USD,0.0000004000,0.0000044000,0.0000000916,0.0000010076,"$0.004 per 10,000 GET and all other requests",,"Amazon Web Services, Inc.",Amazon Simple Storage Service,,,,,,,,,,,,,,,,,,,,,,,,,,,,,,S3-API-Tier2,GET and all other requests,,,,,,,,,US West (Oregon),AWS Region,,,,,,,,,,,,,,,,,,,,API Request,,,,us-west-2,us-west-2,,,,,AmazonS3,Amazon Simple Storage Service,E77AQEM2DC4VV3FC,,,,,,,,,,,USW2-Requests-Tier2,,,,,,E77AQEM2DC4VV3FC.JRTCKXETXF.6YS6EN2CT7,327192957120,USD,0.0000044000,0.0000004000,OnDemand,Requests,,,,,,,,,,21100991763,,,,,,,,,,,,,,,
m473fp6cmevtyasqzclmbrnxrbg7ekwaxv7x4e76xr5usk6ovcca,2026-02-01T00:00:00Z/2026-03-01T00:00:00Z,,"Amazon Web Services, Inc.",AWS,Anniversary,595673262386,2026-02-01T00:00:00Z,2026-03-01T00:00:00Z,353545917793,Usage,2026-02-02T05:00:00Z,2026-02-02T11:00:00Z,AmazonS3,USW2-Requests-Tier2,ReadLocation,,so-sms-prod-scripts,11.0000000000,,,USD,0.0000004000,0.0000044000,0.0000000916,0.0000010076,"$0.004 per 10,000 GET and all other requests",,"Amazon Web Services, Inc.",Amazon Simple Storage Service,,,,,,,,,,,,,,,,,,,,,,,,,,,,,,S3-API-Tier2,GET and all other requests,,,,,,,,,US West (Oregon),AWS Region,,,,,,,,,,,,,,,,,,,,API Request,,,,us-west-2,us-west-2,,,,,AmazonS3,Amazon Simple Storage Service,E77AQEM2DC4VV3FC,,,,,,,,,,,USW2-Requests-Tier2,,,,,,E77AQEM2DC4VV3FC.JRTCKXETXF.6YS6EN2CT7,327192957120,USD,0.0000044000,0.0000004000,OnDemand,Requests,,,,,,,,,,21100991763,,,,,,,,,,,,,,,
lqowaxsk2qq724ljtbeffhpnybvei3pebchldhcw3eh5j546bsaa,2026-02-01T00:00:00Z/2026-03-01T00:00:00Z,,"Amazon Web Services, Inc.",AWS,Anniversary,595673262386,2026-02-01T00:00:00Z,2026-03-01T00:00:00Z,353545917793,Usage,2026-02-02T07:00:00Z,2026-02-02T08:00:00Z,AmazonS3,USW2-Requests-Tier2,ReadLogProps,,dplit-monthly-billing-reports,1.0000000000,,,USD,0.0000004000,0.0000004000,0.0000000916,0.0000000916,"$0.004 per 10,000 GET and all other requests",,"Amazon Web Services, Inc.",Amazon Simple Storage Service,,,,,,,,,,,,,,,,,,,,,,,,,,,,,,S3-API-Tier2,GET and all other requests,,,,,,,,,US West (Oregon),AWS Region,,,,,,,,,,,,,,,,,,,,API Request,,,,us-west-2,us-west-2,,,,,AmazonS3,Amazon Simple Storage Service,E77AQEM2DC4VV3FC,,,,,,,,,,,USW2-Requests-Tier2,,,,,,E77AQEM2DC4VV3FC.JRTCKXETXF.6YS6EN2CT7,327192957120,USD,0.0000004000,0.0000004000,OnDemand,Requests,,,,,,,,,,21100991763,,,,,,,,,,,,,,,
d7r22iakgftfdrtbopiwu26jo2gpkpaqzfkvzcxqj7gyiucaw4nq,2026-02-01T00:00:00Z/2026-03-01T00:00:00Z,,"Amazon Web Services, Inc.",AWS,Anniversary,595673262386,2026-02-01T00:00:00Z,2026-03-01T00:00:00Z,353545917793,Usage,2026-02-02T07:00:00Z,2026-02-02T09:00:00Z,AmazonS3,USW2-Requests-Tier2,ReadLogProps,,model-usage-sindh-obudsman,4.0000000000,,,USD,0.0000004000,0.0000016000,0.0000000916,0.0000003664,"$0.004 per 10,000 GET and all other requests",,"Amazon Web Services, Inc.",Amazon Simple Storage Service,,,,,,,,,,,,,,,,,,,,,,,,,,,,,,S3-API-Tier2,GET and all other requests,,,,,,,,,US West (Oregon),AWS Region,,,,,,,,,,,,,,,,,,,,API Request,,,,us-west-2,us-west-2,,,,,AmazonS3,Amazon Simple Storage Service,E77AQEM2DC4VV3FC,,,,,,,,,,,USW2-Requests-Tier2,,,,,,E77AQEM2DC4VV3FC.JRTCKXETXF.6YS6EN2CT7,327192957120,USD,0.0000016000,0.0000004000,OnDemand,Requests,,,,,,,,,,21100991763,,,,,,,,,,,,,,,
jpfuibykiohkpuvq46cucyzoxrsiiodq4yrihmj5vlwe3a3rucbq,2026-02-01T00:00:00Z/2026-03-01T00:00:00Z,,"Amazon Web Services, Inc.",AWS,Anniversary,595673262386,2026-02-01T00:00:00Z,2026-03-01T00:00:00Z,353545917793,Usage,2026-02-02T09:00:00Z,2026-02-02T11:00:00Z,AmazonS3,USW2-Requests-Tier2,ReadLogProps,,s3bucketforizza,2.0000000000,,,USD,0.0000004000,0.0000008000,0.0000000916,0.0000001832,"$0.004 per 10,000 GET and all other requests",,"Amazon Web Services, Inc.",Amazon Simple Storage Service,,,,,,,,,,,,,,,,,,,,,,,,,,,,,,S3-API-Tier2,GET and all other requests,,,,,,,,,US West (Oregon),AWS Region,,,,,,,,,,,,,,,,,,,,API Request,,,,us-west-2,us-west-2,,,,,AmazonS3,Amazon Simple Storage Service,E77AQEM2DC4VV3FC,,,,,,,,,,,USW2-Requests-Tier2,,,,,,E77AQEM2DC4VV3FC.JRTCKXETXF.6YS6EN2CT7,327192957120,USD,0.0000008000,0.0000004000,OnDemand,Requests,,,,,,,,,,21100991763,,,,,,,,,,,,,,,
m2tqmj42eww5u3vblg2kvok3fheccj25wg42y7skxfqgbdqc35sa,2026-02-01T00:00:00Z/2026-03-01T00:00:00Z,,"Amazon Web Services, Inc.",AWS,Anniversary,595673262386,2026-02-01T00:00:00Z,2026-03-01T00:00:00Z,353545917793,Usage,2026-02-02T07:00:00Z,2026-02-02T09:00:00Z,AmazonS3,USW2-Requests-Tier2,ReadNotificationProps,,model-usage-sindh-obudsman,9.0000000000,,,USD,0.0000004000,0.0000036000,0.0000000916,0.0000008244,"$0.004 per 10,000 GET and all other requests",,"Amazon Web Services, Inc.",Amazon Simple Storage Service,,,,,,,,,,,,,,,,,,,,,,,,,,,,,,S3-API-Tier2,GET and all other requests,,,,,,,,,US West (Oregon),AWS Region,,,,,,,,,,,,,,,,,,,,API Request,,,,us-west-2,us-west-2,,,,,AmazonS3,Amazon Simple Storage Service,E77AQEM2DC4VV3FC,,,,,,,,,,,USW2-Requests-Tier2,,,,,,E77AQEM2DC4VV3FC.JRTCKXETXF.6YS6EN2CT7,327192957120,USD,0.0000036000,0.0000004000,OnDemand,Requests,,,,,,,,,,21100991763,,,,,,,,,,,,,,,
hjdeymzwbl2rhsy6oo2o3jequnmhdfuvpze4m4z5amzugqwoy3tq,2026-02-01T00:00:00Z/2026-03-01T00:00:00Z,,"Amazon Web Services, Inc.",AWS,Anniversary,595673262386,2026-02-01T00:00:00Z,2026-03-01T00:00:00Z,353545917793,Usage,2026-02-02T10:00:00Z,2026-02-02T11:00:00Z,AmazonS3,USW2-Requests-Tier2,ReadNotificationProps,,s3bucketforizza,1.0000000000,,,USD,0.0000004000,0.0000004000,0.0000000916,0.0000000916,"$0.004 per 10,000 GET and all other requests",,"Amazon Web Services, Inc.",Amazon Simple Storage Service,,,,,,,,,,,,,,,,,,,,,,,,,,,,,,S3-API-Tier2,GET and all other requests,,,,,,,,,US West (Oregon),AWS Region,,,,,,,,,,,,,,,,,,,,API Request,,,,us-west-2,us-west-2,,,,,AmazonS3,Amazon Simple Storage Service,E77AQEM2DC4VV3FC,,,,,,,,,,,USW2-Requests-Tier2,,,,,,E77AQEM2DC4VV3FC.JRTCKXETXF.6YS6EN2CT7,327192957120,USD,0.0000004000,0.0000004000,OnDemand,Requests,,,,,,,,,,21100991763,,,,,,,,,,,,,,,
4lqmbpnujwe6cmds6tyzspsaiypvcyxxjbb7qdvqcmztrwjhxtca,2026-02-01T00:00:00Z/2026-03-01T00:00:00Z,,"Amazon Web Services, Inc.",AWS,Anniversary,595673262386,2026-02-01T00:00:00Z,2026-03-01T00:00:00Z,353545917793,Usage,2026-02-02T07:00:00Z,2026-02-02T08:00:00Z,AmazonS3,USW2-Requests-Tier2,ReadObjectTagging,,model-usage-sindh-obudsman,2.0000000000,,,USD,0.0000004000,0.0000008000,0.0000000916,0.0000001832,"$0.004 per 10,000 GET and all other requests",,"Amazon Web Services, Inc.",Amazon Simple Storage Service,,,,,,,,,,,,,,,,,,,,,,,,,,,,,,S3-API-Tier2,GET and all other requests,,,,,,,,,US West (Oregon),AWS Region,,,,,,,,,,,,,,,,,,,,API Request,,,,us-west-2,us-west-2,,,,,AmazonS3,Amazon Simple Storage Service,E77AQEM2DC4VV3FC,,,,,,,,,,,USW2-Requests-Tier2,,,,,,E77AQEM2DC4VV3FC.JRTCKXETXF.6YS6EN2CT7,327192957120,USD,0.0000008000,0.0000004000,OnDemand,Requests,,,,,,,,,,21100991763,,,,,,,,,,,,,,,
gqekk27np2pdwkirg2azplz33cygcua5kkqipey2pd3ixjyew4zq,2026-02-01T00:00:00Z/2026-03-01T00:00:00Z,,"Amazon Web Services, Inc.",AWS,Anniversary,595673262386,2026-02-01T00:00:00Z,2026-03-01T00:00:00Z,353545917793,Usage,2026-02-02T07:00:00Z,2026-02-02T09:00:00Z,AmazonS3,USW2-Requests-Tier2,ReadRequestPaymentProps,,model-usage-sindh-obudsman,3.0000000000,,,USD,0.0000004000,0.0000012000,0.0000000916,0.0000002748,"$0.004 per 10,000 GET and all other requests",,"Amazon Web Services, Inc.",Amazon Simple Storage Service,,,,,,,,,,,,,,,,,,,,,,,,,,,,,,S3-API-Tier2,GET and all other requests,,,,,,,,,US West (Oregon),AWS Region,,,,,,,,,,,,,,,,,,,,API Request,,,,us-west-2,us-west-2,,,,,AmazonS3,Amazon Simple Storage Service,E77AQEM2DC4VV3FC,,,,,,,,,,,USW2-Requests-Tier2,,,,,,E77AQEM2DC4VV3FC.JRTCKXETXF.6YS6EN2CT7,327192957120,USD,0.0000012000,0.0000004000,OnDemand,Requests,,,,,,,,,,21100991763,,,,,,,,,,,,,,,
uze6i5sa2pvusfmhre7dt2esfbx62izvwmvrmbsx2wipw7ac2gsq,2026-02-01T00:00:00Z/2026-03-01T00:00:00Z,,"Amazon Web Services, Inc.",AWS,Anniversary,595673262386,2026-02-01T00:00:00Z,2026-03-01T00:00:00Z,353545917793,Usage,2026-02-02T10:00:00Z,2026-02-02T11:00:00Z,AmazonS3,USW2-Requests-Tier2,ReadRequestPaymentProps,,s3bucketforizza,1.0000000000,,,USD,0.0000004000,0.0000004000,0.0000000916,0.0000000916,"$0.004 per 10,000 GET and all other requests",,"Amazon Web Services, Inc.",Amazon Simple Storage Service,,,,,,,,,,,,,,,,,,,,,,,,,,,,,,S3-API-Tier2,GET and all other requests,,,,,,,,,US West (Oregon),AWS Region,,,,,,,,,,,,,,,,,,,,API Request,,,,us-west-2,us-west-2,,,,,AmazonS3,Amazon Simple Storage Service,E77AQEM2DC4VV3FC,,,,,,,,,,,USW2-Requests-Tier2,,,,,,E77AQEM2DC4VV3FC.JRTCKXETXF.6YS6EN2CT7,327192957120,USD,0.0000004000,0.0000004000,OnDemand,Requests,,,,,,,,,,21100991763,,,,,,,,,,,,,,,
j5vlbrs7tzgm2lm5ycdqanj2662jrdtdyp3uv2snpyt776oovnla,2026-02-01T00:00:00Z/2026-03-01T00:00:00Z,,"Amazon Web Services, Inc.",AWS,Anniversary,595673262386,2026-02-01T00:00:00Z,2026-03-01T00:00:00Z,353545917793,Usage,2026-02-02T07:00:00Z,2026-02-02T08:00:00Z,AmazonS3,USW2-Requests-Tier2,ReadVersioningProps,,athena-logs-xyz123,1.0000000000,,,USD,0.0000004000,0.0000004000,0.0000000916,0.0000000916,"$0.004 per 10,000 GET and all other requests",,"Amazon Web Services, Inc.",Amazon Simple Storage Service,,,,,,,,,,,,,,,,,,,,,,,,,,,,,,S3-API-Tier2,GET and all other requests,,,,,,,,,US West (Oregon),AWS Region,,,,,,,,,,,,,,,,,,,,API Request,,,,us-west-2,us-west-2,,,,,AmazonS3,Amazon Simple Storage Service,E77AQEM2DC4VV3FC,,,,,,,,,,,USW2-Requests-Tier2,,,,,,E77AQEM2DC4VV3FC.JRTCKXETXF.6YS6EN2CT7,327192957120,USD,0.0000004000,0.0000004000,OnDemand,Requests,,,,,,,,,,21100991763,,,,,,,,,,,,,,,
ofgp2bodzg7nrmqlccpma4i3uuyizvy5dc3tw6j33wla2pum7thq,2026-02-01T00:00:00Z/2026-03-01T00:00:00Z,,"Amazon Web Services, Inc.",AWS,Anniversary,595673262386,2026-02-01T00:00:00Z,2026-03-01T00:00:00Z,353545917793,Usage,2026-02-02T07:00:00Z,2026-02-02T08:00:00Z,AmazonS3,USW2-Requests-Tier2,ReadVersioningProps,,dplit-monthly-billing-reports,1.0000000000,,,USD,0.0000004000,0.0000004000,0.0000000916,0.0000000916,"$0.004 per 10,000 GET and all other requests",,"Amazon Web Services, Inc.",Amazon Simple Storage Service,,,,,,,,,,,,,,,,,,,,,,,,,,,,,,S3-API-Tier2,GET and all other requests,,,,,,,,,US West (Oregon),AWS Region,,,,,,,,,,,,,,,,,,,,API Request,,,,us-west-2,us-west-2,,,,,AmazonS3,Amazon Simple Storage Service,E77AQEM2DC4VV3FC,,,,,,,,,,,USW2-Requests-Tier2,,,,,,E77AQEM2DC4VV3FC.JRTCKXETXF.6YS6EN2CT7,327192957120,USD,0.0000004000,0.0000004000,OnDemand,Requests,,,,,,,,,,21100991763,,,,,,,,,,,,,,,
x5n2hry5ruibho7aad2flcdw2bcsbep32552ia7porho44gbzcvq,2026-02-01T00:00:00Z/2026-03-01T00:00:00Z,,"Amazon Web Services, Inc.",AWS,Anniversary,595673262386,2026-02-01T00:00:00Z,2026-03-01T00:00:00Z,353545917793,Usage,2026-02-02T07:00:00Z,2026-02-02T09:00:00Z,AmazonS3,USW2-Requests-Tier2,ReadVersioningProps,,model-usage-sindh-obudsman,24.0000000000,,,USD,0.0000004000,0.0000096000,0.0000000916,0.0000021984,"$0.004 per 10,000 GET and all other requests",,"Amazon Web Services, Inc.",Amazon Simple Storage Service,,,,,,,,,,,,,,,,,,,,,,,,,,,,,,S3-API-Tier2,GET and all other requests,,,,,,,,,US West (Oregon),AWS Region,,,,,,,,,,,,,,,,,,,,API Request,,,,us-west-2,us-west-2,,,,,AmazonS3,Amazon Simple Storage Service,E77AQEM2DC4VV3FC,,,,,,,,,,,USW2-Requests-Tier2,,,,,,E77AQEM2DC4VV3FC.JRTCKXETXF.6YS6EN2CT7,327192957120,USD,0.0000096000,0.0000004000,OnDemand,Requests,,,,,,,,,,21100991763,,,,,,,,,,,,,,,
wfvskp7qvmj433cvozagpmvicvkw535s4uam5hhzmhun7qpmpavq,2026-02-01T00:00:00Z/2026-03-01T00:00:00Z,,"Amazon Web Services, Inc.",AWS,Anniversary,595673262386,2026-02-01T00:00:00Z,2026-03-01T00:00:00Z,353545917793,Usage,2026-02-02T09:00:00Z,2026-02-02T11:00:00Z,AmazonS3,USW2-Requests-Tier2,ReadVersioningProps,,s3bucketforizza,9.0000000000,,,USD,0.0000004000,0.0000036000,0.0000000916,0.0000008244,"$0.004 per 10,000 GET and all other requests",,"Amazon Web Services, Inc.",Amazon Simple Storage Service,,,,,,,,,,,,,,,,,,,,,,,,,,,,,,S3-API-Tier2,GET and all other requests,,,,,,,,,US West (Oregon),AWS Region,,,,,,,,,,,,,,,,,,,,API Request,,,,us-west-2,us-west-2,,,,,AmazonS3,Amazon Simple Storage Service,E77AQEM2DC4VV3FC,,,,,,,,,,,USW2-Requests-Tier2,,,,,,E77AQEM2DC4VV3FC.JRTCKXETXF.6YS6EN2CT7,327192957120,USD,0.0000036000,0.0000004000,OnDemand,Requests,,,,,,,,,,21100991763,,,,,,,,,,,,,,,
r6ygikscftol4ia6qwm53n3kli6m6h6zpju3nacw5cube4nalptq,2026-02-01T00:00:00Z/2026-03-01T00:00:00Z,,"Amazon Web Services, Inc.",AWS,Anniversary,595673262386,2026-02-01T00:00:00Z,2026-03-01T00:00:00Z,353545917793,Usage,2026-02-02T07:00:00Z,2026-02-02T08:00:00Z,AmazonS3,Requests-Tier1,CreateBucket,,dplit-monthly-billing-reports,1.0000000000,,,USD,0.0000000000,0.0000000000,0.0000000000,0.0000000000,"$0.00 per request - PUT, COPY, POST, or LIST requests under the monthly global free tier",,"Amazon Web Services, Inc.",Amazon Simple Storage Service,,,,,,,,,,,,,,,,,,,,,,,,,,,,,,S3-API-Tier1,PUT/COPY/POST or LIST requests,,,,,,,,,US East (N. Virginia),AWS Region,,,,,,,,,,,,,,,,,,,,API Request,,,,us-east-1,us-east-1,,,,,AmazonS3,Amazon Simple Storage Service,E9YHNFENF4XQBZR6,,,,,,,,,,,Requests-Tier1,,,,,,E9YHNFENF4XQBZR6.A429C66SYZ.6YS6EN2CT7,327159826151,USD,0.0000050000,0.0000050000,,Requests,,,,,,,,,,21100991763,,,,,,,,,,,,,,,
ytxedqgjp4eq3acphzuqacwgfesohgs72jfnyttfzn7wy4zum2mq,2026-02-01T00:00:00Z/2026-03-01T00:00:00Z,,"Amazon Web Services, Inc.",AWS,Anniversary,595673262386,2026-02-01T00:00:00Z,2026-03-01T00:00:00Z,353545917793,Usage,2026-02-02T07:00:00Z,2026-02-02T08:00:00Z,AmazonS3,Requests-Tier1,CreateBucket,,model-usage-sindh-obudsman,1.0000000000,,,USD,0.0000000000,0.0000000000,0.0000000000,0.0000000000,"$0.00 per request - PUT, COPY, POST, or LIST requests under the monthly global free tier",,"Amazon Web Services, Inc.",Amazon Simple Storage Service,,,,,,,,,,,,,,,,,,,,,,,,,,,,,,S3-API-Tier1,PUT/COPY/POST or LIST requests,,,,,,,,,US East (N. Virginia),AWS Region,,,,,,,,,,,,,,,,,,,,API Request,,,,us-east-1,us-east-1,,,,,AmazonS3,Amazon Simple Storage Service,E9YHNFENF4XQBZR6,,,,,,,,,,,Requests-Tier1,,,,,,E9YHNFENF4XQBZR6.A429C66SYZ.6YS6EN2CT7,327159826151,USD,0.0000050000,0.0000050000,,Requests,,,,,,,,,,21100991763,,,,,,,,,,,,,,,
ffbo3bmgmoqudfwcbugat2bxqqya2t2gr4tvhjw6if2eytr7g3ja,2026-02-01T00:00:00Z/2026-03-01T00:00:00Z,,"Amazon Web Services, Inc.",AWS,Anniversary,595673262386,2026-02-01T00:00:00Z,2026-03-01T00:00:00Z,353545917793,Usage,2026-02-02T09:00:00Z,2026-02-02T10:00:00Z,AmazonS3,Requests-Tier1,CreateBucket,,s3bucketforizza,1.0000000000,,,USD,0.0000000000,0.0000000000,0.0000000000,0.0000000000,"$0.00 per request - PUT, COPY, POST, or LIST requests under the monthly global free tier",,"Amazon Web Services, Inc.",Amazon Simple Storage Service,,,,,,,,,,,,,,,,,,,,,,,,,,,,,,S3-API-Tier1,PUT/COPY/POST or LIST requests,,,,,,,,,US East (N. Virginia),AWS Region,,,,,,,,,,,,,,,,,,,,API Request,,,,us-east-1,us-east-1,,,,,AmazonS3,Amazon Simple Storage Service,E9YHNFENF4XQBZR6,,,,,,,,,,,Requests-Tier1,,,,,,E9YHNFENF4XQBZR6.A429C66SYZ.6YS6EN2CT7,327159826151,USD,0.0000050000,0.0000050000,,Requests,,,,,,,,,,21100991763,,,,,,,,,,,,,,,
zjhsw3bxhc4spkxut2m4636gbncs6afjyida4xp73akobe2hf23q,2026-02-01T00:00:00Z/2026-03-01T00:00:00Z,,"Amazon Web Services, Inc.",AWS,Anniversary,595673262386,2026-02-01T00:00:00Z,2026-03-01T00:00:00Z,353545917793,Usage,2026-02-02T05:00:00Z,2026-02-02T11:00:00Z,AmazonS3,Requests-Tier1,ListAllMyBuckets,,,121.0000000000,,,USD,0.0000000000,0.0000000000,0.0000000000,0.0000000000,"$0.00 per request - PUT, COPY, POST, or LIST requests under the monthly global free tier",,"Amazon Web Services, Inc.",Amazon Simple Storage Service,,,,,,,,,,,,,,,,,,,,,,,,,,,,,,S3-API-Tier1,PUT/COPY/POST or LIST requests,,,,,,,,,US East (N. Virginia),AWS Region,,,,,,,,,,,,,,,,,,,,API Request,,,,us-east-1,us-east-1,,,,,AmazonS3,Amazon Simple Storage Service,E9YHNFENF4XQBZR6,,,,,,,,,,,Requests-Tier1,,,,,,E9YHNFENF4XQBZR6.A429C66SYZ.6YS6EN2CT7,327159826151,USD,0.0006050000,0.0000050000,,Requests,,,,,,,,,,21100991763,,,,,,,,,,,,,,,
6wsv75xozdfbraaosmuqlrwb3kygngyyi5dzo65mrs5zo23o37aa,2026-02-01T00:00:00Z/2026-03-01T00:00:00Z,,"Amazon Web Services, Inc.",AWS,Anniversary,595673262386,2026-02-01T00:00:00Z,2026-03-01T00:00:00Z,353545917793,Usage,2026-02-01T00:00:00Z,2026-02-01T01:00:00Z,AmazonS3,Requests-Tier1,ListLensConfigurations,,,1.0000000000,,,USD,0.0000000000,0.0000000000,0.0000000000,0.0000000000,"$0.00 per request - PUT, COPY, POST, or LIST requests under the monthly global free tier",,"Amazon Web Services, Inc.",Amazon Simple Storage Service,,,,,,,,,,,,,,,,,,,,,,,,,,,,,,S3-API-Tier1,PUT/COPY/POST or LIST requests,,,,,,,,,US East (N. Virginia),AWS Region,,,,,,,,,,,,,,,,,,,,API Request,,,,us-east-1,us-east-1,,,,,AmazonS3,Amazon Simple Storage Service,E9YHNFENF4XQBZR6,,,,,,,,,,,Requests-Tier1,,,,,,E9YHNFENF4XQBZR6.A429C66SYZ.6YS6EN2CT7,327159826151,USD,0.0000050000,0.0000050000,,Requests,,,,,,,,,,21100991763,,,,,,,,,,,,,,,
nuwnwhuoxarxhqo5aag754k6w6pgxijkesabbpat5fk27tvo7vfa,2026-02-01T00:00:00Z/2026-03-01T00:00:00Z,,"Amazon Web Services, Inc.",AWS,Anniversary,595673262386,2026-02-01T00:00:00Z,2026-03-01T00:00:00Z,353545917793,Usage,2026-02-01T02:00:00Z,2026-02-01T03:00:00Z,AmazonS3,Requests-Tier1,ListMRAPs,,,1.0000000000,,,USD,0.0000000000,0.0000000000,0.0000000000,0.0000000000,"$0.00 per request - PUT, COPY, POST, or LIST requests under the monthly global free tier",,"Amazon Web Services, Inc.",Amazon Simple Storage Service,,,,,,,,,,,,,,,,,,,,,,,,,,,,,,S3-API-Tier1,PUT/COPY/POST or LIST requests,,,,,,,,,US East (N. Virginia),AWS Region,,,,,,,,,,,,,,,,,,,,API Request,,,,us-east-1,us-east-1,,,,,AmazonS3,Amazon Simple Storage Service,E9YHNFENF4XQBZR6,,,,,,,,,,,Requests-Tier1,,,,,,E9YHNFENF4XQBZR6.A429C66SYZ.6YS6EN2CT7,327159826151,USD,0.0000050000,0.0000050000,,Requests,,,,,,,,,,21100991763,,,,,,,,,,,,,,,
wo3klom7t26sghlzj4246krtfhcid2tmgte2ufv2uo56uxmthsuq,2026-02-01T00:00:00Z/2026-03-01T00:00:00Z,,"Amazon Web Services, Inc.",AWS,Anniversary,595673262386,2026-02-01T00:00:00Z,2026-03-01T00:00:00Z,353545917793,Usage,2026-02-01T00:00:00Z,2026-02-01T20:00:00Z,AmazonEC2,USW2-USE1-AWS-Out-Bytes,PublicIP-Out,,i-002ddab9222dfe0bc,0.0000457605,,,USD,0.0200000000,0.0000009153,0.0200000000,0.0000009153,$0.02 per GB - US West (Oregon) data transfer to US East (Northern Virginia),,"Amazon Web Services, Inc.",Amazon Elastic Compute Cloud,,,,,,,,,,,,,,,,,,,,,,,,,,US West (Oregon),AWS Region,us-west-2,,,,,,,,,,,,,,,,,,,,,,,,,,,,,,,,,Data Transfer,,,,us-west-2,,,,,,AWSDataTransfer,AWS Data Transfer,EAUDKWWNQJZTV253,,,,,,US East (N. Virginia),AWS Region,us-east-1,InterRegion Outbound,,USW2-USE1-AWS-Out-Bytes,,,,,,EAUDKWWNQJZTV253.JRTCKXETXF.6YS6EN2CT7,200619038542,USD,0.0000009152,0.0200000000,OnDemand,GB,,,,,,,,,,21100991773,,,,,,,,,,,,,,,
h2aybhw6d2xi3rkd3zvpalchcjvgdvdggjxb7nbm7g6a3dut2rka,2026-02-01T00:00:00Z/2026-03-01T00:00:00Z,,"Amazon Web Services, Inc.",AWS,Anniversary,595673262386,2026-02-01T00:00:00Z,2026-03-01T00:00:00Z,353545917793,Usage,2026-02-01T19:00:00Z,2026-02-01T20:00:00Z,AmazonEC2,USW2-USE1-AWS-Out-Bytes,PublicIP-Out,,i-027fb26adbe5ed18f,0.0000001490,,,USD,0.0200000000,0.0000000030,0.0200000000,0.0000000030,$0.02 per GB - US West (Oregon) data transfer to US East (Northern Virginia),,"Amazon Web Services, Inc.",Amazon Elastic Compute Cloud,,,,,,,,,,,,,,,,,,,,,,,,,,US West (Oregon),AWS Region,us-west-2,,,,,,,,,,,,,,,,,,,,,,,,,,,,,,,,,Data Transfer,,,,us-west-2,,,,,,AWSDataTransfer,AWS Data Transfer,EAUDKWWNQJZTV253,,,,,,US East (N. Virginia),AWS Region,us-east-1,InterRegion Outbound,,USW2-USE1-AWS-Out-Bytes,,,,,,EAUDKWWNQJZTV253.JRTCKXETXF.6YS6EN2CT7,200619038542,USD,0.0000000030,0.0200000000,OnDemand,GB,,,,,,,,,,21100991773,,,,,,,,,,,,,,,
bb6tfprnbrdo5p73l5xud4le2boq6ei2zbqooqlgtbzc6gtw5hza,2026-02-01T00:00:00Z/2026-03-01T00:00:00Z,,"Amazon Web Services, Inc.",AWS,Anniversary,595673262386,2026-02-01T00:00:00Z,2026-03-01T00:00:00Z,353545917793,Usage,2026-02-01T20:00:00Z,2026-02-02T11:00:00Z,AmazonEC2,USW2-USE1-AWS-Out-Bytes,PublicIP-Out,,i-03dcf6b74c7efc8a2,0.0000060128,,,USD,0.0200000000,0.0000001202,0.0200000000,0.0000001202,$0.02 per GB - US West (Oregon) data transfer to US East (Northern Virginia),,"Amazon Web Services, Inc.",Amazon Elastic Compute Cloud,,,,,,,,,,,,,,,,,,,,,,,,,,US West (Oregon),AWS Region,us-west-2,,,,,,,,,,,,,,,,,,,,,,,,,,,,,,,,,Data Transfer,,,,us-west-2,,,,,,AWSDataTransfer,AWS Data Transfer,EAUDKWWNQJZTV253,,,,,,US East (N. Virginia),AWS Region,us-east-1,InterRegion Outbound,,USW2-USE1-AWS-Out-Bytes,,,,,,EAUDKWWNQJZTV253.JRTCKXETXF.6YS6EN2CT7,200619038542,USD,0.0000001203,0.0200000000,OnDemand,GB,,,,,,,,,,21100991773,,,,,,,,,,,,,,,
qjk2eyst2f4xk4cz2xvsh2xgizje4mkns6wkv2q6wc57md6skzeq,2026-02-01T00:00:00Z/2026-03-01T00:00:00Z,,"Amazon Web Services, Inc.",AWS,Anniversary,595673262386,2026-02-01T00:00:00Z,2026-03-01T00:00:00Z,353545917793,Usage,2026-02-01T19:00:00Z,2026-02-01T21:00:00Z,AmazonEC2,USW2-USE1-AWS-Out-Bytes,PublicIP-Out,,i-059b0e7dc012d0824,0.0000003353,,,USD,0.0200000000,0.0000000067,0.0200000000,0.0000000067,$0.02 per GB - US West (Oregon) data transfer to US East (Northern Virginia),,"Amazon Web Services, Inc.",Amazon Elastic Compute Cloud,,,,,,,,,,,,,,,,,,,,,,,,,,US West (Oregon),AWS Region,us-west-2,,,,,,,,,,,,,,,,,,,,,,,,,,,,,,,,,Data Transfer,,,,us-west-2,,,,,,AWSDataTransfer,AWS Data Transfer,EAUDKWWNQJZTV253,,,,,,US East (N. Virginia),AWS Region,us-east-1,InterRegion Outbound,,USW2-USE1-AWS-Out-Bytes,,,,,,EAUDKWWNQJZTV253.JRTCKXETXF.6YS6EN2CT7,200619038542,USD,0.0000000067,0.0200000000,OnDemand,GB,,,,,,,,,,21100991773,,,,,,,,,,,,,,,
vibelp5uyz73iwq6rhlmpy3duesqiq5s2pazcsxh7d3fvpbh2nla,2026-02-01T00:00:00Z/2026-03-01T00:00:00Z,,"Amazon Web Services, Inc.",AWS,Anniversary,595673262386,2026-02-01T00:00:00Z,2026-03-01T00:00:00Z,353545917793,Usage,2026-02-01T00:00:00Z,2026-02-02T11:00:00Z,AmazonEC2,USW2-USE1-AWS-Out-Bytes,PublicIP-Out,,i-0737636d2e5d8a31c,0.0000169744,,,USD,0.0200000000,0.0000003396,0.0200000000,0.0000003396,$0.02 per GB - US West (Oregon) data transfer to US East (Northern Virginia),,"Amazon Web Services, Inc.",Amazon Elastic Compute Cloud,,,,,,,,,,,,,,,,,,,,,,,,,,US West (Oregon),AWS Region,us-west-2,,,,,,,,,,,,,,,,,,,,,,,,,,,,,,,,,Data Transfer,,,,us-west-2,,,,,,AWSDataTransfer,AWS Data Transfer,EAUDKWWNQJZTV253,,,,,,US East (N. Virginia),AWS Region,us-east-1,InterRegion Outbound,,USW2-USE1-AWS-Out-Bytes,,,,,,EAUDKWWNQJZTV253.JRTCKXETXF.6YS6EN2CT7,200619038542,USD,0.0000003395,0.0200000000,OnDemand,GB,,,,,,,,,,21100991773,,,,,,,,,,,,,,,
ile3hcuys7btufurwg47j6tlutdjeydvcl7ecl5xwxbdgsxs4v2q,2026-02-01T00:00:00Z/2026-03-01T00:00:00Z,,"Amazon Web Services, Inc.",AWS,Anniversary,595673262386,2026-02-01T00:00:00Z,2026-03-01T00:00:00Z,353545917793,Usage,2026-02-01T00:00:00Z,2026-02-02T11:00:00Z,AmazonEC2,USW2-USE1-AWS-Out-Bytes,PublicIP-Out,,i-0ad0d864464631aea,0.0000166493,,,USD,0.0200000000,0.0000003331,0.0200000000,0.0000003331,$0.02 per GB - US West (Oregon) data transfer to US East (Northern Virginia),,"Amazon Web Services, Inc.",Amazon Elastic Compute Cloud,,,,,,,,,,,,,,,,,,,,,,,,,,US West (Oregon),AWS Region,us-west-2,,,,,,,,,,,,,,,,,,,,,,,,,,,,,,,,,Data Transfer,,,,us-west-2,,,,,,AWSDataTransfer,AWS Data Transfer,EAUDKWWNQJZTV253,,,,,,US East (N. Virginia),AWS Region,us-east-1,InterRegion Outbound,,USW2-USE1-AWS-Out-Bytes,,,,,,EAUDKWWNQJZTV253.JRTCKXETXF.6YS6EN2CT7,200619038542,USD,0.0000003330,0.0200000000,OnDemand,GB,,,,,,,,,,21100991773,,,,,,,,,,,,,,,
mhh5x3asj3wc7grw3w4f5nwxczgrvlll7npld63rekkiruenoc4a,2026-02-01T00:00:00Z/2026-03-01T00:00:00Z,,"Amazon Web Services, Inc.",AWS,Anniversary,595673262386,2026-02-01T00:00:00Z,2026-03-01T00:00:00Z,353545917793,Usage,2026-02-01T03:00:00Z,2026-02-02T11:00:00Z,AmazonEC2,USW2-USE1-AWS-Out-Bytes,PublicIP-Out,,i-0b76fb544c7e81b35,0.0018684872,,,USD,0.0200000000,0.0000373698,0.0200000000,0.0000373698,$0.02 per GB - US West (Oregon) data transfer to US East (Northern Virginia),,"Amazon Web Services, Inc.",Amazon Elastic Compute Cloud,,,,,,,,,,,,,,,,,,,,,,,,,,US West (Oregon),AWS Region,us-west-2,,,,,,,,,,,,,,,,,,,,,,,,,,,,,,,,,Data Transfer,,,,us-west-2,,,,,,AWSDataTransfer,AWS Data Transfer,EAUDKWWNQJZTV253,,,,,,US East (N. Virginia),AWS Region,us-east-1,InterRegion Outbound,,USW2-USE1-AWS-Out-Bytes,,,,,,EAUDKWWNQJZTV253.JRTCKXETXF.6YS6EN2CT7,200619038542,USD,0.0000373697,0.0200000000,OnDemand,GB,,,,,,,,,,21100991773,,,,,,,,,,,,,,,
7oqf3e6t7xqikse7f6jgunc5ftnpyz54cjnof6i65ykkbc2ml63a,2026-02-01T00:00:00Z/2026-03-01T00:00:00Z,,"Amazon Web Services, Inc.",AWS,Anniversary,595673262386,2026-02-01T00:00:00Z,2026-03-01T00:00:00Z,353545917793,Usage,2026-02-01T00:00:00Z,2026-02-01T20:00:00Z,AmazonEC2,USW2-USE1-AWS-Out-Bytes,PublicIP-Out,,i-0b9d34c5972a322eb,0.0000179549,,,USD,0.0200000000,0.0000003590,0.0200000000,0.0000003590,$0.02 per GB - US West (Oregon) data transfer to US East (Northern Virginia),,"Amazon Web Services, Inc.",Amazon Elastic Compute Cloud,,,,,,,,,,,,,,,,,,,,,,,,,,US West (Oregon),AWS Region,us-west-2,,,,,,,,,,,,,,,,,,,,,,,,,,,,,,,,,Data Transfer,,,,us-west-2,,,,,,AWSDataTransfer,AWS Data Transfer,EAUDKWWNQJZTV253,,,,,,US East (N. Virginia),AWS Region,us-east-1,InterRegion Outbound,,USW2-USE1-AWS-Out-Bytes,,,,,,EAUDKWWNQJZTV253.JRTCKXETXF.6YS6EN2CT7,200619038542,USD,0.0000003591,0.0200000000,OnDemand,GB,,,,,,,,,,21100991773,,,,,,,,,,,,,,,
7etzw5grmjq44ud5nzlcb6uzn4uhm2s6m4xcd6b74nplguoanoka,2026-02-01T00:00:00Z/2026-03-01T00:00:00Z,,"Amazon Web Services, Inc.",AWS,Anniversary,595673262386,2026-02-01T00:00:00Z,2026-03-01T00:00:00Z,353545917793,Usage,2026-02-01T00:00:00Z,2026-02-02T11:00:00Z,AmazonEC2,USW2-USE1-AWS-Out-Bytes,PublicIP-Out,,i-0ee8635d596bf3d8b,0.0000229570,,,USD,0.0200000000,0.0000004589,0.0200000000,0.0000004589,$0.02 per GB - US West (Oregon) data transfer to US East (Northern Virginia),,"Amazon Web Services, Inc.",Amazon Elastic Compute Cloud,,,,,,,,,,,,,,,,,,,,,,,,,,US West (Oregon),AWS Region,us-west-2,,,,,,,,,,,,,,,,,,,,,,,,,,,,,,,,,Data Transfer,,,,us-west-2,,,,,,AWSDataTransfer,AWS Data Transfer,EAUDKWWNQJZTV253,,,,,,US East (N. Virginia),AWS Region,us-east-1,InterRegion Outbound,,USW2-USE1-AWS-Out-Bytes,,,,,,EAUDKWWNQJZTV253.JRTCKXETXF.6YS6EN2CT7,200619038542,USD,0.0000004591,0.0200000000,OnDemand,GB,,,,,,,,,,21100991773,,,,,,,,,,,,,,,
hgdjmliqlsnxy7orky2khujjr22roafugvcmaewbdqnq3ntddc2a,2026-02-01T00:00:00Z/2026-03-01T00:00:00Z,,"Amazon Web Services, Inc.",AWS,Anniversary,595673262386,2026-02-01T00:00:00Z,2026-03-01T00:00:00Z,353545917793,Usage,2026-02-01T10:00:00Z,2026-02-01T11:00:00Z,AmazonRDS,USW2-USE1-AWS-Out-Bytes,Not Applicable,,arn:aws:rds:us-west-2:353545917793:db:postgres-instance,0.0000042655,,,USD,0.0200000000,0.0000000853,0.0200000000,0.0000000853,$0.02 per GB - US West (Oregon) data transfer to US East (Northern Virginia),,"Amazon Web Services, Inc.",Amazon Relational Database Service,,,,,,,,,,,,,,,,,,,,,,,,,,US West (Oregon),AWS Region,us-west-2,,,,,,,,,,,,,,,,,,,,,,,,,,,,,,,,,Data Transfer,,,,us-west-2,,,,,,AWSDataTransfer,AWS Data Transfer,EAUDKWWNQJZTV253,,,,,,US East (N. Virginia),AWS Region,us-east-1,InterRegion Outbound,,USW2-USE1-AWS-Out-Bytes,,,,,,EAUDKWWNQJZTV253.JRTCKXETXF.6YS6EN2CT7,200619038542,USD,0.0000000853,0.0200000000,OnDemand,GB,,,,,,,,,,21100991773,,,,,,,,,,,,,,,
ohzo3eezqblrz5fhnndmajxospija5lg3nuvxq6lsc2plc7lma7q,2026-02-01T00:00:00Z/2026-03-01T00:00:00Z,,"Amazon Web Services, Inc.",AWS,Anniversary,595673262386,2026-02-01T00:00:00Z,2026-03-01T00:00:00Z,353545917793,Usage,2026-02-02T07:00:00Z,2026-02-02T08:00:00Z,AmazonS3,USW2-USE1-AWS-Out-Bytes,ReadACL,,dplit-monthly-billing-reports,0.0000008941,,,USD,0.0200000000,0.0000000179,0.0200000000,0.0000000179,$0.02 per GB - US West (Oregon) data transfer to US East (Northern Virginia),,"Amazon Web Services, Inc.",Amazon Simple Storage Service,,,,,,,,,,,,,,,,,,,,,,,,,,US West (Oregon),AWS Region,us-west-2,,,,,,,,,,,,,,,,,,,,,,,,,,,,,,,,,Data Transfer,,,,us-west-2,,,,,,AWSDataTransfer,AWS Data Transfer,EAUDKWWNQJZTV253,,,,,,US East (N. Virginia),AWS Region,us-east-1,InterRegion Outbound,,USW2-USE1-AWS-Out-Bytes,,,,,,EAUDKWWNQJZTV253.JRTCKXETXF.6YS6EN2CT7,200619038542,USD,0.0000000179,0.0200000000,OnDemand,GB,,,,,,,,,,21100991773,,,,,,,,,,,,,,,
eb6kribi5coorrzk7j654t3usmggcf7tdvunnpzkdgse3plter4q,2026-02-01T00:00:00Z/2026-03-01T00:00:00Z,,"Amazon Web Services, Inc.",AWS,Anniversary,595673262386,2026-02-01T00:00:00Z,2026-03-01T00:00:00Z,353545917793,Usage,2026-02-01T00:00:00Z,2026-02-02T09:00:00Z,AWSELB,USW2-USE1-AWS-Out-Bytes,LoadBalancing-PublicIP-Out,,arn:aws:elasticloadbalancing:us-west-2:353545917793:loadbalancer/app/ApplicatonLB-Dev/1e9a504c1888a0ba,0.0000734172,,,USD,0.0200000000,0.0000014685,0.0200000000,0.0000014685,$0.02 per GB - US West (Oregon) data transfer to US East (Northern Virginia),,"Amazon Web Services, Inc.",Elastic Load Balancing,,,,,,,,,,,,,,,,,,,,,,,,,,US West (Oregon),AWS Region,us-west-2,,,,,,,,,,,,,,,,,,,,,,,,,,,,,,,,,Data Transfer,,,,us-west-2,,,,,,AWSDataTransfer,AWS Data Transfer,EAUDKWWNQJZTV253,,,,,,US East (N. Virginia),AWS Region,us-east-1,InterRegion Outbound,,USW2-USE1-AWS-Out-Bytes,,,,,,EAUDKWWNQJZTV253.JRTCKXETXF.6YS6EN2CT7,200619038542,USD,0.0000014683,0.0200000000,OnDemand,GB,,,,,,,,,,21100991773,,,,,,,,,,,,,,,
elihuicuwyjcnt5lnvpywlzkckikf4erjjwyq4hp7pcakcst66iq,2026-02-01T00:00:00Z/2026-03-01T00:00:00Z,,"Amazon Web Services, Inc.",AWS,Anniversary,595673262386,2026-02-01T00:00:00Z,2026-03-01T00:00:00Z,353545917793,Usage,2026-02-02T05:00:00Z,2026-02-02T09:00:00Z,AWSCodePipeline,USW2-actionExecutionMinute,USW2-actionExecutionMinute,,arn:aws:codepipeline:us-west-2:353545917793:DevBackendPipeline,22.0000000000,,,USD,0.0000000000,0.0000000000,0.0000000000,0.0000000000,$0.00 for 100 action execution minutes,,"Amazon Web Services, Inc.",AWS CodePipeline,,,,,,,,,,,,,,,,,Action Execution Minute,,,,,,,,,,,,,,,,,,,,,,,US West (Oregon),AWS Region,,,,,,,,,,,,,,,,,,,,Action Execution Minutes,,,,us-west-2,us-west-2,,,,,AWSCodePipeline,AWS CodePipeline,EN52NGAFJX6XARJT,,,,,,,,,,,USW2-actionExecutionMinute,,,,,,EN52NGAFJX6XARJT.A429C66SYZ.6YS6EN2CT7,75401721722,USD,0.0440000000,0.0020000000,,minutes,,,,,,,,,,21100991811,,,,,,,,,,,,,,,
crqh5nlgnwxsb6g5ipd66ukr5464ywfbxp2ux3xdzhphsly24j3a,2026-02-01T00:00:00Z/2026-03-01T00:00:00Z,,"Amazon Web Services, Inc.",AWS,Anniversary,595673262386,2026-02-01T00:00:00Z,2026-03-01T00:00:00Z,353545917793,Usage,2026-02-02T06:00:00Z,2026-02-02T08:00:00Z,AWSCodePipeline,USW2-actionExecutionMinute,USW2-actionExecutionMinute,,arn:aws:codepipeline:us-west-2:353545917793:DevFrontendAdminPipeline,20.0000000000,,,USD,0.0000000000,0.0000000000,0.0000000000,0.0000000000,$0.00 for 100 action execution minutes,,"Amazon Web Services, Inc.",AWS CodePipeline,,,,,,,,,,,,,,,,,Action Execution Minute,,,,,,,,,,,,,,,,,,,,,,,US West (Oregon),AWS Region,,,,,,,,,,,,,,,,,,,,Action Execution Minutes,,,,us-west-2,us-west-2,,,,,AWSCodePipeline,AWS CodePipeline,EN52NGAFJX6XARJT,,,,,,,,,,,USW2-actionExecutionMinute,,,,,,EN52NGAFJX6XARJT.A429C66SYZ.6YS6EN2CT7,75401721722,USD,0.0400000000,0.0020000000,,minutes,,,,,,,,,,21100991811,,,,,,,,,,,,,,,
6mtzhjiz2y2dnu7aj7z6ans4kmwxd6gmevetg6yihyx52rmyq6jq,2026-02-01T00:00:00Z/2026-03-01T00:00:00Z,,"Amazon Web Services, Inc.",AWS,Anniversary,595673262386,2026-02-01T00:00:00Z,2026-03-01T00:00:00Z,353545917793,Usage,2026-02-02T05:00:00Z,2026-02-02T11:00:00Z,AWSQueueService,USW2-Requests-Tier1,DeleteMessageBatch,,arn:aws:sqs:us-west-2:353545917793:DEV-SqsStack-notificationsqueue656A8B38-WtBWUovAYszP,14.0000000000,,,USD,0.0000000000,0.0000000000,0.0000000000,0.0000000000,"First 1,000,000 Amazon SQS Requests per month are free",,"Amazon Web Services, Inc.",Amazon Simple Queue Service,,,,,,,,,,,,,,,,,,,,,,,,,,,,,,SQS-APIRequest-Tier1,Amazon SQS Requests,,,,,,,,,US West (Oregon),AWS Region,,,,,,,At Least Once,Not Guaranteed,,,,,,,,,,,,API Request,,Standard,,us-west-2,us-west-2,,,,,AWSQueueService,Amazon Simple Queue Service,G95FST5FTYV3JSRX,,,,,,,,,,,USW2-Requests-Tier1,,,,,,G95FST5FTYV3JSRX.A429C66SYZ.6YS6EN2CT7,231387327373,USD,0.0000056000,0.0000004000,,Requests,,,,,,,,,,21100991765,,,,,,,,,,,,,,,
pu3aoc42meoc7s33abtrp6krrag4l7eeckx3d2isb46w7piuln6q,2026-02-01T00:00:00Z/2026-03-01T00:00:00Z,,"Amazon Web Services, Inc.",AWS,Anniversary,595673262386,2026-02-01T00:00:00Z,2026-03-01T00:00:00Z,353545917793,Usage,2026-02-01T03:00:00Z,2026-02-02T11:00:00Z,AWSQueueService,USW2-Requests-Tier1,DeleteMessageBatch,,arn:aws:sqs:us-west-2:353545917793:PROD-SqsStack-notificationsqueue656A8B38-rLcXCgAmic7f,1784.0000000000,,,USD,0.0000000000,0.0000000000,0.0000000000,0.0000000000,"First 1,000,000 Amazon SQS Requests per month are free",,"Amazon Web Services, Inc.",Amazon Simple Queue Service,,,,,,,,,,,,,,,,,,,,,,,,,,,,,,SQS-APIRequest-Tier1,Amazon SQS Requests,,,,,,,,,US West (Oregon),AWS Region,,,,,,,At Least Once,Not Guaranteed,,,,,,,,,,,,API Request,,Standard,,us-west-2,us-west-2,,,,,AWSQueueService,Amazon Simple Queue Service,G95FST5FTYV3JSRX,,,,,,,,,,,USW2-Requests-Tier1,,,,,,G95FST5FTYV3JSRX.A429C66SYZ.6YS6EN2CT7,231387327373,USD,0.0007136000,0.0000004000,,Requests,,,,,,,,,,21100991765,,,,,,,,,,,,,,,
xvob2s7xfg652ul22dnqezzvmzadcyzmvln6fy3rldvrvykajwra,2026-02-01T00:00:00Z/2026-03-01T00:00:00Z,,"Amazon Web Services, Inc.",AWS,Anniversary,595673262386,2026-02-01T00:00:00Z,2026-03-01T00:00:00Z,353545917793,Usage,2026-02-02T06:00:00Z,2026-02-02T08:00:00Z,AWSQueueService,USW2-Requests-Tier1,DeleteMessageBatch,,arn:aws:sqs:us-west-2:353545917793:UAT-SqsStack-notificationsqueue656A8B38-n2Vt2sPD9f5F,7.0000000000,,,USD,0.0000000000,0.0000000000,0.0000000000,0.0000000000,"First 1,000,000 Amazon SQS Requests per month are free",,"Amazon Web Services, Inc.",Amazon Simple Queue Service,,,,,,,,,,,,,,,,,,,,,,,,,,,,,,SQS-APIRequest-Tier1,Amazon SQS Requests,,,,,,,,,US West (Oregon),AWS Region,,,,,,,At Least Once,Not Guaranteed,,,,,,,,,,,,API Request,,Standard,,us-west-2,us-west-2,,,,,AWSQueueService,Amazon Simple Queue Service,G95FST5FTYV3JSRX,,,,,,,,,,,USW2-Requests-Tier1,,,,,,G95FST5FTYV3JSRX.A429C66SYZ.6YS6EN2CT7,231387327373,USD,0.0000028000,0.0000004000,,Requests,,,,,,,,,,21100991765,,,,,,,,,,,,,,,
yiujgfyayx4a2dmda2nelibsjhcsxrfvpw5nbi6h6nhlj6ougduq,2026-02-01T00:00:00Z/2026-03-01T00:00:00Z,,"Amazon Web Services, Inc.",AWS,Anniversary,595673262386,2026-02-01T00:00:00Z,2026-03-01T00:00:00Z,353545917793,Usage,2026-02-01T00:00:00Z,2026-02-02T11:00:00Z,AWSQueueService,USW2-Requests-Tier1,GetQueueAttributes,,arn:aws:sqs:us-west-2:353545917793:DEV-SqsStack-notificationsqueue656A8B38-WtBWUovAYszP,2037.0000000000,,,USD,0.0000000000,0.0000000000,0.0000000000,0.0000000000,"First 1,000,000 Amazon SQS Requests per month are free",,"Amazon Web Services, Inc.",Amazon Simple Queue Service,,,,,,,,,,,,,,,,,,,,,,,,,,,,,,SQS-APIRequest-Tier1,Amazon SQS Requests,,,,,,,,,US West (Oregon),AWS Region,,,,,,,At Least Once,Not Guaranteed,,,,,,,,,,,,API Request,,Standard,,us-west-2,us-west-2,,,,,AWSQueueService,Amazon Simple Queue Service,G95FST5FTYV3JSRX,,,,,,,,,,,USW2-Requests-Tier1,,,,,,G95FST5FTYV3JSRX.A429C66SYZ.6YS6EN2CT7,231387327373,USD,0.0008148000,0.0000004000,,Requests,,,,,,,,,,21100991765,,,,,,,,,,,,,,,
fut3iaj5moudjfue4guyya452onq4zwdzmbkf5fdxxg6nhdi3c6q,2026-02-01T00:00:00Z/2026-03-01T00:00:00Z,,"Amazon Web Services, Inc.",AWS,Anniversary,595673262386,2026-02-01T00:00:00Z,2026-03-01T00:00:00Z,353545917793,Usage,2026-02-01T00:00:00Z,2026-02-02T11:00:00Z,AWSQueueService,USW2-Requests-Tier1,GetQueueAttributes,,arn:aws:sqs:us-west-2:353545917793:PROD-SqsStack-notificationsqueue656A8B38-rLcXCgAmic7f,2090.0000000000,,,USD,0.0000000000,0.0000000000,0.0000000000,0.0000000000,"First 1,000,000 Amazon SQS Requests per month are free",,"Amazon Web Services, Inc.",Amazon Simple Queue Service,,,,,,,,,,,,,,,,,,,,,,,,,,,,,,SQS-APIRequest-Tier1,Amazon SQS Requests,,,,,,,,,US West (Oregon),AWS Region,,,,,,,At Least Once,Not Guaranteed,,,,,,,,,,,,API Request,,Standard,,us-west-2,us-west-2,,,,,AWSQueueService,Amazon Simple Queue Service,G95FST5FTYV3JSRX,,,,,,,,,,,USW2-Requests-Tier1,,,,,,G95FST5FTYV3JSRX.A429C66SYZ.6YS6EN2CT7,231387327373,USD,0.0008360000,0.0000004000,,Requests,,,,,,,,,,21100991765,,,,,,,,,,,,,,,
yneaipk53mobqjdd2kasqookeletjildspnltclb6525z42hvrwq,2026-02-01T00:00:00Z/2026-03-01T00:00:00Z,,"Amazon Web Services, Inc.",AWS,Anniversary,595673262386,2026-02-01T00:00:00Z,2026-03-01T00:00:00Z,353545917793,Usage,2026-02-01T00:00:00Z,2026-02-02T11:00:00Z,AWSQueueService,USW2-Requests-Tier1,GetQueueAttributes,,arn:aws:sqs:us-west-2:353545917793:UAT-SqsStack-notificationsqueue656A8B38-n2Vt2sPD9f5F,1985.0000000000,,,USD,0.0000000000,0.0000000000,0.0000000000,0.0000000000,"First 1,000,000 Amazon SQS Requests per month are free",,"Amazon Web Services, Inc.",Amazon Simple Queue Service,,,,,,,,,,,,,,,,,,,,,,,,,,,,,,SQS-APIRequest-Tier1,Amazon SQS Requests,,,,,,,,,US West (Oregon),AWS Region,,,,,,,At Least Once,Not Guaranteed,,,,,,,,,,,,API Request,,Standard,,us-west-2,us-west-2,,,,,AWSQueueService,Amazon Simple Queue Service,G95FST5FTYV3JSRX,,,,,,,,,,,USW2-Requests-Tier1,,,,,,G95FST5FTYV3JSRX.A429C66SYZ.6YS6EN2CT7,231387327373,USD,0.0007940000,0.0000004000,,Requests,,,,,,,,,,21100991765,,,,,,,,,,,,,,,
4rz5zlden6jskyn4dtw3refk3sjd7hdryz2bgcahy4unnaaovbsq,2026-02-01T00:00:00Z/2026-03-01T00:00:00Z,,"Amazon Web Services, Inc.",AWS,Anniversary,595673262386,2026-02-01T00:00:00Z,2026-03-01T00:00:00Z,353545917793,Usage,2026-02-02T08:00:00Z,2026-02-02T09:00:00Z,AWSQueueService,USW2-Requests-Tier1,List,,,2.0000000000,,,USD,0.0000000000,0.0000000000,0.0000000000,0.0000000000,"First 1,000,000 Amazon SQS Requests per month are free",,"Amazon Web Services, Inc.",Amazon Simple Queue Service,,,,,,,,,,,,,,,,,,,,,,,,,,,,,,SQS-APIRequest-Tier1,Amazon SQS Requests,,,,,,,,,US West (Oregon),AWS Region,,,,,,,At Least Once,Not Guaranteed,,,,,,,,,,,,API Request,,Standard,,us-west-2,us-west-2,,,,,AWSQueueService,Amazon Simple Queue Service,G95FST5FTYV3JSRX,,,,,,,,,,,USW2-Requests-Tier1,,,,,,G95FST5FTYV3JSRX.A429C66SYZ.6YS6EN2CT7,231387327373,USD,0.0000008000,0.0000004000,,Requests,,,,,,,,,,21100991765,,,,,,,,,,,,,,,
hmja47v55qnush4lw73ksltrmxncwyvqcldtskot4jy323zdidqa,2026-02-01T00:00:00Z/2026-03-01T00:00:00Z,,"Amazon Web Services, Inc.",AWS,Anniversary,595673262386,2026-02-01T00:00:00Z,2026-03-01T00:00:00Z,353545917793,Usage,2026-02-01T00:00:00Z,2026-02-02T11:00:00Z,AWSQueueService,USW2-Requests-Tier1,Receive,,arn:aws:sqs:us-west-2:353545917793:DEV-SqsStack-notificationsqueue656A8B38-WtBWUovAYszP,31492.0000000000,,,USD,0.0000000000,0.0000000000,0.0000000000,0.0000000000,"First 1,000,000 Amazon SQS Requests per month are free",,"Amazon Web Services, Inc.",Amazon Simple Queue Service,,,,,,,,,,,,,,,,,,,,,,,,,,,,,,SQS-APIRequest-Tier1,Amazon SQS Requests,,,,,,,,,US West (Oregon),AWS Region,,,,,,,At Least Once,Not Guaranteed,,,,,,,,,,,,API Request,,Standard,,us-west-2,us-west-2,,,,,AWSQueueService,Amazon Simple Queue Service,G95FST5FTYV3JSRX,,,,,,,,,,,USW2-Requests-Tier1,,,,,,G95FST5FTYV3JSRX.A429C66SYZ.6YS6EN2CT7,231387327373,USD,0.0125968000,0.0000004000,,Requests,,,,,,,,,,21100991765,,,,,,,,,,,,,,,
miptcwszllyoqitqqivls2gpeuol6s6mcygiiqdz55afglhka6qa,2026-02-01T00:00:00Z/2026-03-01T00:00:00Z,,"Amazon Web Services, Inc.",AWS,Anniversary,595673262386,2026-02-01T00:00:00Z,2026-03-01T00:00:00Z,353545917793,Usage,2026-02-01T00:00:00Z,2026-02-02T11:00:00Z,AWSQueueService,USW2-Requests-Tier1,Receive,,arn:aws:sqs:us-west-2:353545917793:PROD-SqsStack-notificationsqueue656A8B38-rLcXCgAmic7f,33123.0000000000,,,USD,0.0000000000,0.0000000000,0.0000000000,0.0000000000,"First 1,000,000 Amazon SQS Requests per month are free",,"Amazon Web Services, Inc.",Amazon Simple Queue Service,,,,,,,,,,,,,,,,,,,,,,,,,,,,,,SQS-APIRequest-Tier1,Amazon SQS Requests,,,,,,,,,US West (Oregon),AWS Region,,,,,,,At Least Once,Not Guaranteed,,,,,,,,,,,,API Request,,Standard,,us-west-2,us-west-2,,,,,AWSQueueService,Amazon Simple Queue Service,G95FST5FTYV3JSRX,,,,,,,,,,,USW2-Requests-Tier1,,,,,,G95FST5FTYV3JSRX.A429C66SYZ.6YS6EN2CT7,231387327373,USD,0.0132492000,0.0000004000,,Requests,,,,,,,,,,21100991765,,,,,,,,,,,,,,,
qlahddmfo5wtqr2zieugnyal7vhzeqqnxs7ku2k7dkfipqu4pexq,2026-02-01T00:00:00Z/2026-03-01T00:00:00Z,,"Amazon Web Services, Inc.",AWS,Anniversary,595673262386,2026-02-01T00:00:00Z,2026-03-01T00:00:00Z,353545917793,Usage,2026-02-01T00:00:00Z,2026-02-02T11:00:00Z,AWSQueueService,USW2-Requests-Tier1,Receive,,arn:aws:sqs:us-west-2:353545917793:UAT-SqsStack-notificationsqueue656A8B38-n2Vt2sPD9f5F,31488.0000000000,,,USD,0.0000000000,0.0000000000,0.0000000000,0.0000000000,"First 1,000,000 Amazon SQS Requests per month are free",,"Amazon Web Services, Inc.",Amazon Simple Queue Service,,,,,,,,,,,,,,,,,,,,,,,,,,,,,,SQS-APIRequest-Tier1,Amazon SQS Requests,,,,,,,,,US West (Oregon),AWS Region,,,,,,,At Least Once,Not Guaranteed,,,,,,,,,,,,API Request,,Standard,,us-west-2,us-west-2,,,,,AWSQueueService,Amazon Simple Queue Service,G95FST5FTYV3JSRX,,,,,,,,,,,USW2-Requests-Tier1,,,,,,G95FST5FTYV3JSRX.A429C66SYZ.6YS6EN2CT7,231387327373,USD,0.0125952000,0.0000004000,,Requests,,,,,,,,,,21100991765,,,,,,,,,,,,,,,
kiwh7ez3uewjnjuzj6xqffzb6ncdyhplgs6j4svvdglmzfz3zg3a,2026-02-01T00:00:00Z/2026-03-01T00:00:00Z,,"Amazon Web Services, Inc.",AWS,Anniversary,595673262386,2026-02-01T00:00:00Z,2026-03-01T00:00:00Z,353545917793,Usage,2026-02-02T05:00:00Z,2026-02-02T11:00:00Z,AWSQueueService,USW2-Requests-Tier1,Send,,arn:aws:sqs:us-west-2:353545917793:DEV-SqsStack-notificationsqueue656A8B38-WtBWUovAYszP,14.0000000000,,,USD,0.0000000000,0.0000000000,0.0000000000,0.0000000000,"First 1,000,000 Amazon SQS Requests per month are free",,"Amazon Web Services, Inc.",Amazon Simple Queue Service,,,,,,,,,,,,,,,,,,,,,,,,,,,,,,SQS-APIRequest-Tier1,Amazon SQS Requests,,,,,,,,,US West (Oregon),AWS Region,,,,,,,At Least Once,Not Guaranteed,,,,,,,,,,,,API Request,,Standard,,us-west-2,us-west-2,,,,,AWSQueueService,Amazon Simple Queue Service,G95FST5FTYV3JSRX,,,,,,,,,,,USW2-Requests-Tier1,,,,,,G95FST5FTYV3JSRX.A429C66SYZ.6YS6EN2CT7,231387327373,USD,0.0000056000,0.0000004000,,Requests,,,,,,,,,,21100991765,,,,,,,,,,,,,,,
uwlo7x4tsbybwr35bp72a26eawo6b4jhguaomwqeavh6ofxcc5sq,2026-02-01T00:00:00Z/2026-03-01T00:00:00Z,,"Amazon Web Services, Inc.",AWS,Anniversary,595673262386,2026-02-01T00:00:00Z,2026-03-01T00:00:00Z,353545917793,Usage,2026-02-01T03:00:00Z,2026-02-02T11:00:00Z,AWSQueueService,USW2-Requests-Tier1,Send,,arn:aws:sqs:us-west-2:353545917793:PROD-SqsStack-notificationsqueue656A8B38-rLcXCgAmic7f,1784.0000000000,,,USD,0.0000000000,0.0000000000,0.0000000000,0.0000000000,"First 1,000,000 Amazon SQS Requests per month are free",,"Amazon Web Services, Inc.",Amazon Simple Queue Service,,,,,,,,,,,,,,,,,,,,,,,,,,,,,,SQS-APIRequest-Tier1,Amazon SQS Requests,,,,,,,,,US West (Oregon),AWS Region,,,,,,,At Least Once,Not Guaranteed,,,,,,,,,,,,API Request,,Standard,,us-west-2,us-west-2,,,,,AWSQueueService,Amazon Simple Queue Service,G95FST5FTYV3JSRX,,,,,,,,,,,USW2-Requests-Tier1,,,,,,G95FST5FTYV3JSRX.A429C66SYZ.6YS6EN2CT7,231387327373,USD,0.0007136000,0.0000004000,,Requests,,,,,,,,,,21100991765,,,,,,,,,,,,,,,
uxmhybfbjy6vxmqubghm5fobwxe3qvnq4eobnhtnvkdlrum6rcjq,2026-02-01T00:00:00Z/2026-03-01T00:00:00Z,,"Amazon Web Services, Inc.",AWS,Anniversary,595673262386,2026-02-01T00:00:00Z,2026-03-01T00:00:00Z,353545917793,Usage,2026-02-02T06:00:00Z,2026-02-02T08:00:00Z,AWSQueueService,USW2-Requests-Tier1,Send,,arn:aws:sqs:us-west-2:353545917793:UAT-SqsStack-notificationsqueue656A8B38-n2Vt2sPD9f5F,7.0000000000,,,USD,0.0000000000,0.0000000000,0.0000000000,0.0000000000,"First 1,000,000 Amazon SQS Requests per month are free",,"Amazon Web Services, Inc.",Amazon Simple Queue Service,,,,,,,,,,,,,,,,,,,,,,,,,,,,,,SQS-APIRequest-Tier1,Amazon SQS Requests,,,,,,,,,US West (Oregon),AWS Region,,,,,,,At Least Once,Not Guaranteed,,,,,,,,,,,,API Request,,Standard,,us-west-2,us-west-2,,,,,AWSQueueService,Amazon Simple Queue Service,G95FST5FTYV3JSRX,,,,,,,,,,,USW2-Requests-Tier1,,,,,,G95FST5FTYV3JSRX.A429C66SYZ.6YS6EN2CT7,231387327373,USD,0.0000028000,0.0000004000,,Requests,,,,,,,,,,21100991765,,,,,,,,,,,,,,,
ro5neb67f7r6ofhec3ncxjah5peso2mucu6nwghc3r6lbxrxd2cq,2026-02-01T00:00:00Z/2026-03-01T00:00:00Z,,"Amazon Web Services, Inc.",AWS,Anniversary,595673262386,2026-02-01T00:00:00Z,2026-03-01T00:00:00Z,353545917793,Usage,2026-02-02T07:00:00Z,2026-02-02T09:00:00Z,AmazonCloudFront,IN-Requests-Tier2-HTTPS,GET,,arn:aws:cloudfront::353545917793:distribution/E3IJX9IUF6SHIC,1114.0000000000,,,USD,0.0000000000,0.0000000000,0.0000000000,0.0000000000,$0.000 per request - HTTP or HTTPS under the global monthly free tier,,"Amazon Web Services, Inc.",Amazon CloudFront,,,,,,,,,,,,,,,,,,,,,,,,,,,,,,,,,,,,,,,,India,AWS Edge Location,,,,,,,,,,,,,,,,,,,,Request,,,,ap-south-1,,HTTPS GET and HEAD requests,CloudFront-Request-Tier2,,,AmazonCloudFront,Amazon CloudFront,GJTTXSYXV43ANXTQ,,,,,,,,,,,IN-Requests-Tier2-HTTPS,,,,,,GJTTXSYXV43ANXTQ.A429C66SYZ.6YS6EN2CT7,165482683452,USD,0.0013368000,0.0000012000,,Requests,,,,,,,,,,21100991767,,,,,,,,,,,,,,,
iasiwtxwmjnawaqsi2s3jdyz7qpyetq6mex2o4nr7tvkum4nqlaa,2026-02-01T00:00:00Z/2026-03-01T00:00:00Z,,"Amazon Web Services, Inc.",AWS,Anniversary,595673262386,2026-02-01T00:00:00Z,2026-03-01T00:00:00Z,353545917793,Usage,2026-02-01T06:00:00Z,2026-02-01T07:00:00Z,AmazonS3,EUN1-Requests-Tier1,ListAllMyDirectoryBuckets,,,1.0000000000,,,USD,0.0000000000,0.0000000000,0.0000000000,0.0000000000,"$0.00 per request - PUT, COPY, POST, or LIST requests under the monthly global free tier",,"Amazon Web Services, Inc.",Amazon Simple Storage Service,,,,,,,,,,,,,,,,,,,,,,,,,,,,,,S3-API-Tier1,PUT/COPY/POST or LIST requests,,,,,,,,,EU (Stockholm),AWS Region,,,,,,,,,,,,,,,,,,,,API Request,,,,eu-north-1,eu-north-1,,,,,AmazonS3,Amazon Simple Storage Service,GRMX7KKGXZWXWYA7,,,,,,,,,,,EUN1-Requests-Tier1,,,,,,GRMX7KKGXZWXWYA7.A429C66SYZ.6YS6EN2CT7,327159826148,USD,0.0000050000,0.0000050000,,Requests,,,,,,,,,,21100991763,,,,,,,,,,,,,,,
s7ihrlpzdpm657dzch2kcoezyruqjv3ozbwgbh6szyj4qzp6fv7q,2026-02-01T00:00:00Z/2026-03-01T00:00:00Z,,"Amazon Web Services, Inc.",AWS,Anniversary,595673262386,2026-02-01T00:00:00Z,2026-03-01T00:00:00Z,353545917793,Usage,2026-02-02T06:00:00Z,2026-02-02T07:00:00Z,AmazonCloudFront,US-DataTransfer-Out-Bytes,GET,,arn:aws:cloudfront::353545917793:distribution/E24UQOU8RZMYBR,0.0030050892,,,USD,0.0000000000,0.0000000000,0.0000000000,0.0000000000,$0.000 per GB - data transfer out under the global monthly free tier,,"Amazon Web Services, Inc.",Amazon CloudFront,,,,,,,,,,,,,,,,,,,,,,,,,,United States,AWS Edge Location,,,,,,,,,,,,,,,,,,,,,,,,,,,,,,,,,,Data Transfer,,,,us-east-1,,,,,,AmazonCloudFront,Amazon CloudFront,GV2WFGX37Q9PDSHF,,,,,,External,Other,,CloudFront Outbound,,US-DataTransfer-Out-Bytes,,,,,,GV2WFGX37Q9PDSHF.A429C66SYZ.6YS6EN2CT7,165482683417,USD,0.0002554326,0.0850000000,,GB,,,,,,,,,,21100991767,,,,,,,,,,,,,,,
iryzol5at6oxvlprqce4ztqznfztxepnrqny6kmppokpme7hoo4q,2026-02-01T00:00:00Z/2026-03-01T00:00:00Z,,"Amazon Web Services, Inc.",AWS,Anniversary,595673262386,2026-02-01T00:00:00Z,2026-03-01T00:00:00Z,353545917793,Usage,2026-02-02T03:00:00Z,2026-02-02T04:00:00Z,AmazonCloudFront,US-DataTransfer-Out-Bytes,GET,,arn:aws:cloudfront::353545917793:distribution/E2EBT3OOYZBXXH,0.0000005774,,,USD,0.0000000000,0.0000000000,0.0000000000,0.0000000000,$0.000 per GB - data transfer out under the global monthly free tier,,"Amazon Web Services, Inc.",Amazon CloudFront,,,,,,,,,,,,,,,,,,,,,,,,,,United States,AWS Edge Location,,,,,,,,,,,,,,,,,,,,,,,,,,,,,,,,,,Data Transfer,,,,us-east-1,,,,,,AmazonCloudFront,Amazon CloudFront,GV2WFGX37Q9PDSHF,,,,,,External,Other,,CloudFront Outbound,,US-DataTransfer-Out-Bytes,,,,,,GV2WFGX37Q9PDSHF.A429C66SYZ.6YS6EN2CT7,165482683417,USD,0.0000000491,0.0850000000,,GB,,,,,,,,,,21100991767,,,,,,,,,,,,,,,
zlq6xsizewqigtrfonibyoyatfysbuczphseku2jyjgtdk6r5qra,2026-02-01T00:00:00Z/2026-03-01T00:00:00Z,,"Amazon Web Services, Inc.",AWS,Anniversary,595673262386,2026-02-01T00:00:00Z,2026-03-01T00:00:00Z,353545917793,Usage,2026-02-01T13:00:00Z,2026-02-01T15:00:00Z,AmazonCloudFront,US-DataTransfer-Out-Bytes,GET,,arn:aws:cloudfront::353545917793:distribution/E3IJX9IUF6SHIC,0.0001152111,,,USD,0.0000000000,0.0000000000,0.0000000000,0.0000000000,$0.000 per GB - data transfer out under the global monthly free tier,,"Amazon Web Services, Inc.",Amazon CloudFront,,,,,,,,,,,,,,,,,,,,,,,,,,United States,AWS Edge Location,,,,,,,,,,,,,,,,,,,,,,,,,,,,,,,,,,Data Transfer,,,,us-east-1,,,,,,AmazonCloudFront,Amazon CloudFront,GV2WFGX37Q9PDSHF,,,,,,External,Other,,CloudFront Outbound,,US-DataTransfer-Out-Bytes,,,,,,GV2WFGX37Q9PDSHF.A429C66SYZ.6YS6EN2CT7,165482683417,USD,0.0000097929,0.0850000000,,GB,,,,,,,,,,21100991767,,,,,,,,,,,,,,,
u3p7x53z3wln5kqxhbunxw5jhmlszv4vsh3db6hkpn6g4ghspjga,2026-02-01T00:00:00Z/2026-03-01T00:00:00Z,,"Amazon Web Services, Inc.",AWS,Anniversary,595673262386,2026-02-01T00:00:00Z,2026-03-01T00:00:00Z,353545917793,Usage,2026-02-01T03:00:00Z,2026-02-02T11:00:00Z,AmazonCloudFront,US-DataTransfer-Out-Bytes,GET,,arn:aws:cloudfront::353545917793:distribution/E3LQ4K487Q3OU4,0.0479438667,,,USD,0.0000000000,0.0000000000,0.0000000000,0.0000000000,$0.000 per GB - data transfer out under the global monthly free tier,,"Amazon Web Services, Inc.",Amazon CloudFront,,,,,,,,,,,,,,,,,,,,,,,,,,United States,AWS Edge Location,,,,,,,,,,,,,,,,,,,,,,,,,,,,,,,,,,Data Transfer,,,,us-east-1,,,,,,AmazonCloudFront,Amazon CloudFront,GV2WFGX37Q9PDSHF,,,,,,External,Other,,CloudFront Outbound,,US-DataTransfer-Out-Bytes,,,,,,GV2WFGX37Q9PDSHF.A429C66SYZ.6YS6EN2CT7,165482683417,USD,0.0040752287,0.0850000000,,GB,,,,,,,,,,21100991767,,,,,,,,,,,,,,,
nnyrck7nhxazt7lzowepro3pvftikyxf43os2yzvjztv4bqngxpa,2026-02-01T00:00:00Z/2026-03-01T00:00:00Z,,"Amazon Web Services, Inc.",AWS,Anniversary,595673262386,2026-02-01T00:00:00Z,2026-03-01T00:00:00Z,353545917793,Usage,2026-02-02T04:00:00Z,2026-02-02T11:00:00Z,AmazonCloudFront,US-DataTransfer-Out-Bytes,GET,,arn:aws:cloudfront::353545917793:distribution/E8VGZ28EBD02E,0.0383330947,,,USD,0.0000000000,0.0000000000,0.0000000000,0.0000000000,$0.000 per GB - data transfer out under the global monthly free tier,,"Amazon Web Services, Inc.",Amazon CloudFront,,,,,,,,,,,,,,,,,,,,,,,,,,United States,AWS Edge Location,,,,,,,,,,,,,,,,,,,,,,,,,,,,,,,,,,Data Transfer,,,,us-east-1,,,,,,AmazonCloudFront,Amazon CloudFront,GV2WFGX37Q9PDSHF,,,,,,External,Other,,CloudFront Outbound,,US-DataTransfer-Out-Bytes,,,,,,GV2WFGX37Q9PDSHF.A429C66SYZ.6YS6EN2CT7,165482683417,USD,0.0032583130,0.0850000000,,GB,,,,,,,,,,21100991767,,,,,,,,,,,,,,,
dm2b5teegyv2exalompk2mb4ys3v4iy422pgs4rne2klze7dcuga,2026-02-01T00:00:00Z/2026-03-01T00:00:00Z,,"Amazon Web Services, Inc.",AWS,Anniversary,595673262386,2026-02-01T00:00:00Z,2026-03-01T00:00:00Z,353545917793,Usage,2026-02-02T06:00:00Z,2026-02-02T07:00:00Z,AmazonCloudFront,US-DataTransfer-Out-Bytes,POST,,arn:aws:cloudfront::353545917793:distribution/E24UQOU8RZMYBR,0.0000019791,,,USD,0.0000000000,0.0000000000,0.0000000000,0.0000000000,$0.000 per GB - data transfer out under the global monthly free tier,,"Amazon Web Services, Inc.",Amazon CloudFront,,,,,,,,,,,,,,,,,,,,,,,,,,United States,AWS Edge Location,,,,,,,,,,,,,,,,,,,,,,,,,,,,,,,,,,Data Transfer,,,,us-east-1,,,,,,AmazonCloudFront,Amazon CloudFront,GV2WFGX37Q9PDSHF,,,,,,External,Other,,CloudFront Outbound,,US-DataTransfer-Out-Bytes,,,,,,GV2WFGX37Q9PDSHF.A429C66SYZ.6YS6EN2CT7,165482683417,USD,0.0000001682,0.0850000000,,GB,,,,,,,,,,21100991767,,,,,,,,,,,,,,,
duvtrnfspbqjbxfr2krx2h2ralpkt2jtqgpjoybqo4shkui5ty2a,2026-02-01T00:00:00Z/2026-03-01T00:00:00Z,,"Amazon Web Services, Inc.",AWS,Anniversary,595673262386,2026-02-01T00:00:00Z,2026-03-01T00:00:00Z,353545917793,Usage,2026-02-02T04:00:00Z,2026-02-02T11:00:00Z,AmazonCloudFront,US-DataTransfer-Out-Bytes,POST,,arn:aws:cloudfront::353545917793:distribution/E3LQ4K487Q3OU4,0.0007329258,,,USD,0.0000000000,0.0000000000,0.0000000000,0.0000000000,$0.000 per GB - data transfer out under the global monthly free tier,,"Amazon Web Services, Inc.",Amazon CloudFront,,,,,,,,,,,,,,,,,,,,,,,,,,United States,AWS Edge Location,,,,,,,,,,,,,,,,,,,,,,,,,,,,,,,,,,Data Transfer,,,,us-east-1,,,,,,AmazonCloudFront,Amazon CloudFront,GV2WFGX37Q9PDSHF,,,,,,External,Other,,CloudFront Outbound,,US-DataTransfer-Out-Bytes,,,,,,GV2WFGX37Q9PDSHF.A429C66SYZ.6YS6EN2CT7,165482683417,USD,0.0000622987,0.0850000000,,GB,,,,,,,,,,21100991767,,,,,,,,,,,,,,,
m3pexdoy6weekr4umpsf23kki4bqqpmuws5bdym3chqu2a22bfea,2026-02-01T00:00:00Z/2026-03-01T00:00:00Z,,"Amazon Web Services, Inc.",AWS,Anniversary,595673262386,2026-02-01T00:00:00Z,2026-03-01T00:00:00Z,353545917793,Usage,2026-02-02T04:00:00Z,2026-02-02T11:00:00Z,AmazonCloudFront,US-DataTransfer-Out-Bytes,POST,,arn:aws:cloudfront::353545917793:distribution/E8VGZ28EBD02E,0.0005629845,,,USD,0.0000000000,0.0000000000,0.0000000000,0.0000000000,$0.000 per GB - data transfer out under the global monthly free tier,,"Amazon Web Services, Inc.",Amazon CloudFront,,,,,,,,,,,,,,,,,,,,,,,,,,United States,AWS Edge Location,,,,,,,,,,,,,,,,,,,,,,,,,,,,,,,,,,Data Transfer,,,,us-east-1,,,,,,AmazonCloudFront,Amazon CloudFront,GV2WFGX37Q9PDSHF,,,,,,External,Other,,CloudFront Outbound,,US-DataTransfer-Out-Bytes,,,,,,GV2WFGX37Q9PDSHF.A429C66SYZ.6YS6EN2CT7,165482683417,USD,0.0000478537,0.0850000000,,GB,,,,,,,,,,21100991767,,,,,,,,,,,,,,,
ufaoluu7ch7rj2xv7jdaxhc2i2wdtzy566b2bhdetuyyiaqapdcq,2026-02-01T00:00:00Z/2026-03-01T00:00:00Z,,"Amazon Web Services, Inc.",AWS,Anniversary,595673262386,2026-02-01T00:00:00Z,2026-03-01T00:00:00Z,353545917793,Usage,2026-02-02T10:00:00Z,2026-02-02T11:00:00Z,AmazonCloudFront,US-DataTransfer-Out-Bytes,PUT,,arn:aws:cloudfront::353545917793:distribution/E3LQ4K487Q3OU4,0.0000085896,,,USD,0.0000000000,0.0000000000,0.0000000000,0.0000000000,$0.000 per GB - data transfer out under the global monthly free tier,,"Amazon Web Services, Inc.",Amazon CloudFront,,,,,,,,,,,,,,,,,,,,,,,,,,United States,AWS Edge Location,,,,,,,,,,,,,,,,,,,,,,,,,,,,,,,,,,Data Transfer,,,,us-east-1,,,,,,AmazonCloudFront,Amazon CloudFront,GV2WFGX37Q9PDSHF,,,,,,External,Other,,CloudFront Outbound,,US-DataTransfer-Out-Bytes,,,,,,GV2WFGX37Q9PDSHF.A429C66SYZ.6YS6EN2CT7,165482683417,USD,0.0000007301,0.0850000000,,GB,,,,,,,,,,21100991767,,,,,,,,,,,,,,,
wf362drydjziihypen6s46tfd46bq5c2p7xcc54gjgxw2t6sn2kq,2026-02-01T00:00:00Z/2026-03-01T00:00:00Z,,"Amazon Web Services, Inc.",AWS,Anniversary,595673262386,2026-02-01T00:00:00Z,2026-03-01T00:00:00Z,353545917793,Usage,2026-02-02T05:00:00Z,2026-02-02T07:00:00Z,AmazonCloudFront,US-DataTransfer-Out-Bytes,PUT,,arn:aws:cloudfront::353545917793:distribution/E8VGZ28EBD02E,0.0000033267,,,USD,0.0000000000,0.0000000000,0.0000000000,0.0000000000,$0.000 per GB - data transfer out under the global monthly free tier,,"Amazon Web Services, Inc.",Amazon CloudFront,,,,,,,,,,,,,,,,,,,,,,,,,,United States,AWS Edge Location,,,,,,,,,,,,,,,,,,,,,,,,,,,,,,,,,,Data Transfer,,,,us-east-1,,,,,,AmazonCloudFront,Amazon CloudFront,GV2WFGX37Q9PDSHF,,,,,,External,Other,,CloudFront Outbound,,US-DataTransfer-Out-Bytes,,,,,,GV2WFGX37Q9PDSHF.A429C66SYZ.6YS6EN2CT7,165482683417,USD,0.0000002828,0.0850000000,,GB,,,,,,,,,,21100991767,,,,,,,,,,,,,,,
ibzbmgal6ewkcalec5yk4lxtv4rk5zrwp2bpq2rcdvph5j7iesxq,2026-02-01T00:00:00Z/2026-03-01T00:00:00Z,,"Amazon Web Services, Inc.",AWS,Anniversary,595673262386,2026-02-01T00:00:00Z,2026-03-01T00:00:00Z,353545917793,Usage,2026-02-01T12:00:00Z,2026-02-02T11:00:00Z,AWSGlue,USW2-Catalog-Request,Request,,,20.0000000000,,,USD,0.0000000000,0.0000000000,0.0000000000,0.0000000000,$0 for AWS Glue Data Catalog requests under the free tier,,"Amazon Web Services, Inc.",AWS Glue,,,,,,,,,,,,,,,,,,,,,,,,,,,,,,Data catalog requests,,,,,,,,,,US West (Oregon),AWS Region,,,,,,,,,,,,,,Request,,,,,,AWS Glue,,,,us-west-2,us-west-2,,,,,AWSGlue,AWS Glue,GY37T8BDHF4PAY4S,,,,,,,,,,,USW2-Catalog-Request,,,,,,GY37T8BDHF4PAY4S.A429C66SYZ.6YS6EN2CT7,338976513874,USD,0.0000200000,0.0000010000,,Request,,,,,,,,,,21100991854,,,,,,,,,,,,,,,
nedpnifd4hyyudpokzx6syykt4ddb5qinscktb2qtjpirc7zwamq,2026-02-01T00:00:00Z/2026-03-01T00:00:00Z,,"Amazon Web Services, Inc.",AWS,Anniversary,595673262386,2026-02-01T00:00:00Z,2026-03-01T00:00:00Z,353545917793,Usage,2026-02-02T08:00:00Z,2026-02-02T09:00:00Z,AWSQueueService,APS2-Requests-Tier1,List,,,2.0000000000,,,USD,0.0000000000,0.0000000000,0.0000000000,0.0000000000,"First 1,000,000 Amazon SQS Requests per month are free",,"Amazon Web Services, Inc.",Amazon Simple Queue Service,,,,,,,,,,,,,,,,,,,,,,,,,,,,,,SQS-APIRequest-Tier1,Amazon SQS Requests,,,,,,,,,Asia Pacific (Sydney),AWS Region,,,,,,,At Least Once,Not Guaranteed,,,,,,,,,,,,API Request,,Standard,,ap-southeast-2,ap-southeast-2,,,,,AWSQueueService,Amazon Simple Queue Service,GZ4K2VVYZYCA2NTU,,,,,,,,,,,APS2-Requests-Tier1,,,,,,GZ4K2VVYZYCA2NTU.A429C66SYZ.6YS6EN2CT7,231387327410,USD,0.0000008000,0.0000004000,,Requests,,,,,,,,,,21100991765,,,,,,,,,,,,,,,
i2mod2rmvksge54lxwoj4jy6e3cw2ryywzzj5bdmez52ogxarala,2026-02-01T00:00:00Z/2026-03-01T00:00:00Z,,"Amazon Web Services, Inc.",AWS,Anniversary,595673262386,2026-02-01T00:00:00Z,2026-03-01T00:00:00Z,353545917793,Usage,2026-02-02T06:00:00Z,2026-02-02T10:00:00Z,AmazonEC2,USW2-CloudFront-Out-Bytes,RunInstances,,i-03dcf6b74c7efc8a2,0.0000749864,,,USD,0.0000000000,0.0000000000,0.0000000000,0.0000000000,$0.00 per GB data transfer out of US West (Oregon) to CloudFront,,"Amazon Web Services, Inc.",Amazon Elastic Compute Cloud,,,,,,,,,,,,,,,,,,,,,,,,,,US West (Oregon),AWS Region,us-west-2,,,,,,,,,,,,,,,,,,,,,,,,,,,,,,,,,Data Transfer,,,,us-west-2,,,,,,AWSDataTransfer,AWS Data Transfer,H8BFTAAA4QRPW4P7,,,,,,Amazon CloudFront,AWS Edge Location,,InterRegion Outbound,,USW2-CloudFront-Out-Bytes,,,,,,H8BFTAAA4QRPW4P7.JRTCKXETXF.6YS6EN2CT7,200619031127,USD,0.0000000000,0.0000000000,OnDemand,GB,,,,,,,,,,21100991773,,,,,,,,,,,,,,,
me4izzzhnn5xj2wft3pawse7a6crrltnvezygkfndbsriafx5yxq,2026-02-01T00:00:00Z/2026-03-01T00:00:00Z,,"Amazon Web Services, Inc.",AWS,Anniversary,595673262386,2026-02-01T00:00:00Z,2026-03-01T00:00:00Z,353545917793,Usage,2026-02-01T02:00:00Z,2026-02-02T11:00:00Z,AWSELB,USW2-CloudFront-Out-Bytes,LoadBalancing,,arn:aws:elasticloadbalancing:us-west-2:353545917793:loadbalancer/app/ApplicatonLB-Dev/1e9a504c1888a0ba,1.2776320921,,,USD,0.0000000000,0.0000000000,0.0000000000,0.0000000000,$0.00 per GB data transfer out of US West (Oregon) to CloudFront,,"Amazon Web Services, Inc.",Elastic Load Balancing,,,,,,,,,,,,,,,,,,,,,,,,,,US West (Oregon),AWS Region,us-west-2,,,,,,,,,,,,,,,,,,,,,,,,,,,,,,,,,Data Transfer,,,,us-west-2,,,,,,AWSDataTransfer,AWS Data Transfer,H8BFTAAA4QRPW4P7,,,,,,Amazon CloudFront,AWS Edge Location,,InterRegion Outbound,,USW2-CloudFront-Out-Bytes,,,,,,H8BFTAAA4QRPW4P7.JRTCKXETXF.6YS6EN2CT7,200619031127,USD,0.0000000000,0.0000000000,OnDemand,GB,,,,,,,,,,21100991773,,,,,,,,,,,,,,,
hbchnnigcvb7hfmsaleypc5hqegv25zecjf5ane4rtjwiyte6uma,2026-02-01T00:00:00Z/2026-03-01T00:00:00Z,,"Amazon Web Services, Inc.",AWS,Anniversary,595673262386,2026-02-01T00:00:00Z,2026-03-01T00:00:00Z,353545917793,Usage,2026-02-01T23:00:00Z,2026-02-02T00:00:00Z,AmazonS3,Global-Bucket-Hrs-FreeTier,GeneralPurposeBuckets,,arn:aws:s3:::athena-logs-xyz123,0.0014880952,,,USD,0.0000000000,0.0000000000,0.0000000000,0.0000000000,$0.00 per bucket / month for the first 2000 general purpose buckets in your account,,"Amazon Web Services, Inc.",Amazon Simple Storage Service,,,,,,,,,,,,,,,,,,,,,,,,S3-General-Purpose-Buckets-Free-Tier,No charge for free tier of general purpose buckets per AWS account,,,,,,,,,,,,,,,Any,Other,,,,,,,,,,,,,,GeneralPurposeBuckets,,,,,,,,,,global,,,,,,AmazonS3,Amazon Simple Storage Service,HCKDHF357KKE2VVT,,,,,,,,,,,Global-Bucket-Hrs-FreeTier,,,,,,HCKDHF357KKE2VVT.JRTCKXETXF.6YS6EN2CT7,327192955320,USD,0.0000000000,0.0000000000,OnDemand,Bucket-Mo,,,,,,,,,,21100991763,,,,,,,,,,,,,,,
6xdehxs2p7llajtq7panja73rml6oio7igqnn74wld3i5cqwi77q,2026-02-01T00:00:00Z/2026-03-01T00:00:00Z,,"Amazon Web Services, Inc.",AWS,Anniversary,595673262386,2026-02-01T00:00:00Z,2026-03-01T00:00:00Z,353545917793,Usage,2026-02-01T23:00:00Z,2026-02-02T00:00:00Z,AmazonS3,Global-Bucket-Hrs-FreeTier,GeneralPurposeBuckets,,arn:aws:s3:::attachment-bucket-11222,0.0014880952,,,USD,0.0000000000,0.0000000000,0.0000000000,0.0000000000,$0.00 per bucket / month for the first 2000 general purpose buckets in your account,,"Amazon Web Services, Inc.",Amazon Simple Storage Service,,,,,,,,,,,,,,,,,,,,,,,,S3-General-Purpose-Buckets-Free-Tier,No charge for free tier of general purpose buckets per AWS account,,,,,,,,,,,,,,,Any,Other,,,,,,,,,,,,,,GeneralPurposeBuckets,,,,,,,,,,global,,,,,,AmazonS3,Amazon Simple Storage Service,HCKDHF357KKE2VVT,,,,,,,,,,,Global-Bucket-Hrs-FreeTier,,,,,,HCKDHF357KKE2VVT.JRTCKXETXF.6YS6EN2CT7,327192955320,USD,0.0000000000,0.0000000000,OnDemand,Bucket-Mo,,,,,,,,,,21100991763,,,,,,,,,,,,,,,
z4e3nx7s6zlxpmpig3yj3h454e236tnatn22ooegeybju756w2sq,2026-02-01T00:00:00Z/2026-03-01T00:00:00Z,,"Amazon Web Services, Inc.",AWS,Anniversary,595673262386,2026-02-01T00:00:00Z,2026-03-01T00:00:00Z,353545917793,Usage,2026-02-01T23:00:00Z,2026-02-02T00:00:00Z,AmazonS3,Global-Bucket-Hrs-FreeTier,GeneralPurposeBuckets,,arn:aws:s3:::aws-sam-cli-managed-default-samclisourcebucket-0gx7eupcvp46,0.0014880952,,,USD,0.0000000000,0.0000000000,0.0000000000,0.0000000000,$0.00 per bucket / month for the first 2000 general purpose buckets in your account,,"Amazon Web Services, Inc.",Amazon Simple Storage Service,,,,,,,,,,,,,,,,,,,,,,,,S3-General-Purpose-Buckets-Free-Tier,No charge for free tier of general purpose buckets per AWS account,,,,,,,,,,,,,,,Any,Other,,,,,,,,,,,,,,GeneralPurposeBuckets,,,,,,,,,,global,,,,,,AmazonS3,Amazon Simple Storage Service,HCKDHF357KKE2VVT,,,,,,,,,,,Global-Bucket-Hrs-FreeTier,,,,,,HCKDHF357KKE2VVT.JRTCKXETXF.6YS6EN2CT7,327192955320,USD,0.0000000000,0.0000000000,OnDemand,Bucket-Mo,,,,,,,,,,21100991763,,,,,,,,,,,,,,,
5f6drpzqkfgk4tyjjryb3rcqreklmhjgarvq7lqndiq3rnxnfudq,2026-02-01T00:00:00Z/2026-03-01T00:00:00Z,,"Amazon Web Services, Inc.",AWS,Anniversary,595673262386,2026-02-01T00:00:00Z,2026-03-01T00:00:00Z,353545917793,Usage,2026-02-01T23:00:00Z,2026-02-02T00:00:00Z,AmazonS3,Global-Bucket-Hrs-FreeTier,GeneralPurposeBuckets,,arn:aws:s3:::aws-sam-cli-managed-default-samclisourcebucket-zloxm0n9qfx4,0.0014880952,,,USD,0.0000000000,0.0000000000,0.0000000000,0.0000000000,$0.00 per bucket / month for the first 2000 general purpose buckets in your account,,"Amazon Web Services, Inc.",Amazon Simple Storage Service,,,,,,,,,,,,,,,,,,,,,,,,S3-General-Purpose-Buckets-Free-Tier,No charge for free tier of general purpose buckets per AWS account,,,,,,,,,,,,,,,Any,Other,,,,,,,,,,,,,,GeneralPurposeBuckets,,,,,,,,,,global,,,,,,AmazonS3,Amazon Simple Storage Service,HCKDHF357KKE2VVT,,,,,,,,,,,Global-Bucket-Hrs-FreeTier,,,,,,HCKDHF357KKE2VVT.JRTCKXETXF.6YS6EN2CT7,327192955320,USD,0.0000000000,0.0000000000,OnDemand,Bucket-Mo,,,,,,,,,,21100991763,,,,,,,,,,,,,,,
ras6v57tzibku7emwnza5vheii25ls3wiedpypkifuv43ij2vlgq,2026-02-01T00:00:00Z/2026-03-01T00:00:00Z,,"Amazon Web Services, Inc.",AWS,Anniversary,595673262386,2026-02-01T00:00:00Z,2026-03-01T00:00:00Z,353545917793,Usage,2026-02-01T23:00:00Z,2026-02-02T00:00:00Z,AmazonS3,Global-Bucket-Hrs-FreeTier,GeneralPurposeBuckets,,arn:aws:s3:::backendstack-backendartifactbucket48723263-3spbxgacohfr,0.0014880952,,,USD,0.0000000000,0.0000000000,0.0000000000,0.0000000000,$0.00 per bucket / month for the first 2000 general purpose buckets in your account,,"Amazon Web Services, Inc.",Amazon Simple Storage Service,,,,,,,,,,,,,,,,,,,,,,,,S3-General-Purpose-Buckets-Free-Tier,No charge for free tier of general purpose buckets per AWS account,,,,,,,,,,,,,,,Any,Other,,,,,,,,,,,,,,GeneralPurposeBuckets,,,,,,,,,,global,,,,,,AmazonS3,Amazon Simple Storage Service,HCKDHF357KKE2VVT,,,,,,,,,,,Global-Bucket-Hrs-FreeTier,,,,,,HCKDHF357KKE2VVT.JRTCKXETXF.6YS6EN2CT7,327192955320,USD,0.0000000000,0.0000000000,OnDemand,Bucket-Mo,,,,,,,,,,21100991763,,,,,,,,,,,,,,,
bk6s7nlojd6artrmo52yvibl7jr7hxhyi2uhs6ina575shjlqsoa,2026-02-01T00:00:00Z/2026-03-01T00:00:00Z,,"Amazon Web Services, Inc.",AWS,Anniversary,595673262386,2026-02-01T00:00:00Z,2026-03-01T00:00:00Z,353545917793,Usage,2026-02-01T23:00:00Z,2026-02-02T00:00:00Z,AmazonS3,Global-Bucket-Hrs-FreeTier,GeneralPurposeBuckets,,arn:aws:s3:::backendstackprod-backendartifactbucket48723263-les0gjtm1ws3,0.0014880952,,,USD,0.0000000000,0.0000000000,0.0000000000,0.0000000000,$0.00 per bucket / month for the first 2000 general purpose buckets in your account,,"Amazon Web Services, Inc.",Amazon Simple Storage Service,,,,,,,,,,,,,,,,,,,,,,,,S3-General-Purpose-Buckets-Free-Tier,No charge for free tier of general purpose buckets per AWS account,,,,,,,,,,,,,,,Any,Other,,,,,,,,,,,,,,GeneralPurposeBuckets,,,,,,,,,,global,,,,,,AmazonS3,Amazon Simple Storage Service,HCKDHF357KKE2VVT,,,,,,,,,,,Global-Bucket-Hrs-FreeTier,,,,,,HCKDHF357KKE2VVT.JRTCKXETXF.6YS6EN2CT7,327192955320,USD,0.0000000000,0.0000000000,OnDemand,Bucket-Mo,,,,,,,,,,21100991763,,,,,,,,,,,,,,,
qaoyyl4dr73oauekcakn6xxl27kvdxayt35i4ourrlo2ogwpfiea,2026-02-01T00:00:00Z/2026-03-01T00:00:00Z,,"Amazon Web Services, Inc.",AWS,Anniversary,595673262386,2026-02-01T00:00:00Z,2026-03-01T00:00:00Z,353545917793,Usage,2026-02-01T23:00:00Z,2026-02-02T00:00:00Z,AmazonS3,Global-Bucket-Hrs-FreeTier,GeneralPurposeBuckets,,arn:aws:s3:::backendstackuat-backendartifactbucket48723263-1obosmu2ngjp,0.0014880952,,,USD,0.0000000000,0.0000000000,0.0000000000,0.0000000000,$0.00 per bucket / month for the first 2000 general purpose buckets in your account,,"Amazon Web Services, Inc.",Amazon Simple Storage Service,,,,,,,,,,,,,,,,,,,,,,,,S3-General-Purpose-Buckets-Free-Tier,No charge for free tier of general purpose buckets per AWS account,,,,,,,,,,,,,,,Any,Other,,,,,,,,,,,,,,GeneralPurposeBuckets,,,,,,,,,,global,,,,,,AmazonS3,Amazon Simple Storage Service,HCKDHF357KKE2VVT,,,,,,,,,,,Global-Bucket-Hrs-FreeTier,,,,,,HCKDHF357KKE2VVT.JRTCKXETXF.6YS6EN2CT7,327192955320,USD,0.0000000000,0.0000000000,OnDemand,Bucket-Mo,,,,,,,,,,21100991763,,,,,,,,,,,,,,,
lydmrcsgeto3wnzg2d4dn5fihdfu7huzigpv3dmalk6lwkcvrroq,2026-02-01T00:00:00Z/2026-03-01T00:00:00Z,,"Amazon Web Services, Inc.",AWS,Anniversary,595673262386,2026-02-01T00:00:00Z,2026-03-01T00:00:00Z,353545917793,Usage,2026-02-01T23:00:00Z,2026-02-02T00:00:00Z,AmazonS3,Global-Bucket-Hrs-FreeTier,GeneralPurposeBuckets,,arn:aws:s3:::cdk-hnb659fds-assets-353545917793-us-east-1,0.0014880952,,,USD,0.0000000000,0.0000000000,0.0000000000,0.0000000000,$0.00 per bucket / month for the first 2000 general purpose buckets in your account,,"Amazon Web Services, Inc.",Amazon Simple Storage Service,,,,,,,,,,,,,,,,,,,,,,,,S3-General-Purpose-Buckets-Free-Tier,No charge for free tier of general purpose buckets per AWS account,,,,,,,,,,,,,,,Any,Other,,,,,,,,,,,,,,GeneralPurposeBuckets,,,,,,,,,,global,,,,,,AmazonS3,Amazon Simple Storage Service,HCKDHF357KKE2VVT,,,,,,,,,,,Global-Bucket-Hrs-FreeTier,,,,,,HCKDHF357KKE2VVT.JRTCKXETXF.6YS6EN2CT7,327192955320,USD,0.0000000000,0.0000000000,OnDemand,Bucket-Mo,,,,,,,,,,21100991763,,,,,,,,,,,,,,,
bows7twdtu2ojgszv3apzlcoznglsstjihcmlytnjqpsqf5tr7ta,2026-02-01T00:00:00Z/2026-03-01T00:00:00Z,,"Amazon Web Services, Inc.",AWS,Anniversary,595673262386,2026-02-01T00:00:00Z,2026-03-01T00:00:00Z,353545917793,Usage,2026-02-01T23:00:00Z,2026-02-02T00:00:00Z,AmazonS3,Global-Bucket-Hrs-FreeTier,GeneralPurposeBuckets,,arn:aws:s3:::cdk-hnb659fds-assets-353545917793-us-west-2,0.0014880952,,,USD,0.0000000000,0.0000000000,0.0000000000,0.0000000000,$0.00 per bucket / month for the first 2000 general purpose buckets in your account,,"Amazon Web Services, Inc.",Amazon Simple Storage Service,,,,,,,,,,,,,,,,,,,,,,,,S3-General-Purpose-Buckets-Free-Tier,No charge for free tier of general purpose buckets per AWS account,,,,,,,,,,,,,,,Any,Other,,,,,,,,,,,,,,GeneralPurposeBuckets,,,,,,,,,,global,,,,,,AmazonS3,Amazon Simple Storage Service,HCKDHF357KKE2VVT,,,,,,,,,,,Global-Bucket-Hrs-FreeTier,,,,,,HCKDHF357KKE2VVT.JRTCKXETXF.6YS6EN2CT7,327192955320,USD,0.0000000000,0.0000000000,OnDemand,Bucket-Mo,,,,,,,,,,21100991763,,,,,,,,,,,,,,,
77jrtjwct6epr3jbbj64lekmh2hh6m3jsdhspe5qhaypike7bheq,2026-02-01T00:00:00Z/2026-03-01T00:00:00Z,,"Amazon Web Services, Inc.",AWS,Anniversary,595673262386,2026-02-01T00:00:00Z,2026-03-01T00:00:00Z,353545917793,Usage,2026-02-01T23:00:00Z,2026-02-02T00:00:00Z,AmazonS3,Global-Bucket-Hrs-FreeTier,GeneralPurposeBuckets,,arn:aws:s3:::cf-templates-mriqnk830h6e-us-east-1,0.0014880952,,,USD,0.0000000000,0.0000000000,0.0000000000,0.0000000000,$0.00 per bucket / month for the first 2000 general purpose buckets in your account,,"Amazon Web Services, Inc.",Amazon Simple Storage Service,,,,,,,,,,,,,,,,,,,,,,,,S3-General-Purpose-Buckets-Free-Tier,No charge for free tier of general purpose buckets per AWS account,,,,,,,,,,,,,,,Any,Other,,,,,,,,,,,,,,GeneralPurposeBuckets,,,,,,,,,,global,,,,,,AmazonS3,Amazon Simple Storage Service,HCKDHF357KKE2VVT,,,,,,,,,,,Global-Bucket-Hrs-FreeTier,,,,,,HCKDHF357KKE2VVT.JRTCKXETXF.6YS6EN2CT7,327192955320,USD,0.0000000000,0.0000000000,OnDemand,Bucket-Mo,,,,,,,,,,21100991763,,,,,,,,,,,,,,,
eh5zyw7or44rpd3hkpapioyum7f7jy5nigodf6mkolmey3765dfa,2026-02-01T00:00:00Z/2026-03-01T00:00:00Z,,"Amazon Web Services, Inc.",AWS,Anniversary,595673262386,2026-02-01T00:00:00Z,2026-03-01T00:00:00Z,353545917793,Usage,2026-02-01T23:00:00Z,2026-02-02T00:00:00Z,AmazonS3,Global-Bucket-Hrs-FreeTier,GeneralPurposeBuckets,,arn:aws:s3:::cf-templates-mriqnk830h6e-us-west-2,0.0014880952,,,USD,0.0000000000,0.0000000000,0.0000000000,0.0000000000,$0.00 per bucket / month for the first 2000 general purpose buckets in your account,,"Amazon Web Services, Inc.",Amazon Simple Storage Service,,,,,,,,,,,,,,,,,,,,,,,,S3-General-Purpose-Buckets-Free-Tier,No charge for free tier of general purpose buckets per AWS account,,,,,,,,,,,,,,,Any,Other,,,,,,,,,,,,,,GeneralPurposeBuckets,,,,,,,,,,global,,,,,,AmazonS3,Amazon Simple Storage Service,HCKDHF357KKE2VVT,,,,,,,,,,,Global-Bucket-Hrs-FreeTier,,,,,,HCKDHF357KKE2VVT.JRTCKXETXF.6YS6EN2CT7,327192955320,USD,0.0000000000,0.0000000000,OnDemand,Bucket-Mo,,,,,,,,,,21100991763,,,,,,,,,,,,,,,
2i7jg24ah3ay76xbt4crgp2etshn35jtpoeer27vmgzjnq3wnvea,2026-02-01T00:00:00Z/2026-03-01T00:00:00Z,,"Amazon Web Services, Inc.",AWS,Anniversary,595673262386,2026-02-01T00:00:00Z,2026-03-01T00:00:00Z,353545917793,Usage,2026-02-01T23:00:00Z,2026-02-02T00:00:00Z,AmazonS3,Global-Bucket-Hrs-FreeTier,GeneralPurposeBuckets,,arn:aws:s3:::clamavec2stack-artifactbucket7410c9ef-idxp4hcoiwnd,0.0014880952,,,USD,0.0000000000,0.0000000000,0.0000000000,0.0000000000,$0.00 per bucket / month for the first 2000 general purpose buckets in your account,,"Amazon Web Services, Inc.",Amazon Simple Storage Service,,,,,,,,,,,,,,,,,,,,,,,,S3-General-Purpose-Buckets-Free-Tier,No charge for free tier of general purpose buckets per AWS account,,,,,,,,,,,,,,,Any,Other,,,,,,,,,,,,,,GeneralPurposeBuckets,,,,,,,,,,global,,,,,,AmazonS3,Amazon Simple Storage Service,HCKDHF357KKE2VVT,,,,,,,,,,,Global-Bucket-Hrs-FreeTier,,,,,,HCKDHF357KKE2VVT.JRTCKXETXF.6YS6EN2CT7,327192955320,USD,0.0000000000,0.0000000000,OnDemand,Bucket-Mo,,,,,,,,,,21100991763,,,,,,,,,,,,,,,
uxz5uyjyq7yewjqjkk7lvwvvvcdz7wvqdvlwdhuizxzfgpunypsa,2026-02-01T00:00:00Z/2026-03-01T00:00:00Z,,"Amazon Web Services, Inc.",AWS,Anniversary,595673262386,2026-02-01T00:00:00Z,2026-03-01T00:00:00Z,353545917793,Usage,2026-02-01T23:00:00Z,2026-02-02T00:00:00Z,AmazonS3,Global-Bucket-Hrs-FreeTier,GeneralPurposeBuckets,,arn:aws:s3:::clamvetesting,0.0014880952,,,USD,0.0000000000,0.0000000000,0.0000000000,0.0000000000,$0.00 per bucket / month for the first 2000 general purpose buckets in your account,,"Amazon Web Services, Inc.",Amazon Simple Storage Service,,,,,,,,,,,,,,,,,,,,,,,,S3-General-Purpose-Buckets-Free-Tier,No charge for free tier of general purpose buckets per AWS account,,,,,,,,,,,,,,,Any,Other,,,,,,,,,,,,,,GeneralPurposeBuckets,,,,,,,,,,global,,,,,,AmazonS3,Amazon Simple Storage Service,HCKDHF357KKE2VVT,,,,,,,,,,,Global-Bucket-Hrs-FreeTier,,,,,,HCKDHF357KKE2VVT.JRTCKXETXF.6YS6EN2CT7,327192955320,USD,0.0000000000,0.0000000000,OnDemand,Bucket-Mo,,,,,,,,,,21100991763,,,,,,,,,,,,,,,
yv63r6gfrimrvw3p6jqscq3alaph6jojlesr25tuows5gtny23oa,2026-02-01T00:00:00Z/2026-03-01T00:00:00Z,,"Amazon Web Services, Inc.",AWS,Anniversary,595673262386,2026-02-01T00:00:00Z,2026-03-01T00:00:00Z,353545917793,Usage,2026-02-01T23:00:00Z,2026-02-02T00:00:00Z,AmazonS3,Global-Bucket-Hrs-FreeTier,GeneralPurposeBuckets,,arn:aws:s3:::cms-elb-logs-prod-xyz,0.0014880952,,,USD,0.0000000000,0.0000000000,0.0000000000,0.0000000000,$0.00 per bucket / month for the first 2000 general purpose buckets in your account,,"Amazon Web Services, Inc.",Amazon Simple Storage Service,,,,,,,,,,,,,,,,,,,,,,,,S3-General-Purpose-Buckets-Free-Tier,No charge for free tier of general purpose buckets per AWS account,,,,,,,,,,,,,,,Any,Other,,,,,,,,,,,,,,GeneralPurposeBuckets,,,,,,,,,,global,,,,,,AmazonS3,Amazon Simple Storage Service,HCKDHF357KKE2VVT,,,,,,,,,,,Global-Bucket-Hrs-FreeTier,,,,,,HCKDHF357KKE2VVT.JRTCKXETXF.6YS6EN2CT7,327192955320,USD,0.0000000000,0.0000000000,OnDemand,Bucket-Mo,,,,,,,,,,21100991763,,,,,,,,,,,,,,,
yx2vohid3stutylyanzzjrgnhsb7o5hdb32cgiicybptix6h5txq,2026-02-01T00:00:00Z/2026-03-01T00:00:00Z,,"Amazon Web Services, Inc.",AWS,Anniversary,595673262386,2026-02-01T00:00:00Z,2026-03-01T00:00:00Z,353545917793,Usage,2026-02-01T23:00:00Z,2026-02-02T00:00:00Z,AmazonS3,Global-Bucket-Hrs-FreeTier,GeneralPurposeBuckets,,arn:aws:s3:::cognito-import-20251105172527,0.0014880952,,,USD,0.0000000000,0.0000000000,0.0000000000,0.0000000000,$0.00 per bucket / month for the first 2000 general purpose buckets in your account,,"Amazon Web Services, Inc.",Amazon Simple Storage Service,,,,,,,,,,,,,,,,,,,,,,,,S3-General-Purpose-Buckets-Free-Tier,No charge for free tier of general purpose buckets per AWS account,,,,,,,,,,,,,,,Any,Other,,,,,,,,,,,,,,GeneralPurposeBuckets,,,,,,,,,,global,,,,,,AmazonS3,Amazon Simple Storage Service,HCKDHF357KKE2VVT,,,,,,,,,,,Global-Bucket-Hrs-FreeTier,,,,,,HCKDHF357KKE2VVT.JRTCKXETXF.6YS6EN2CT7,327192955320,USD,0.0000000000,0.0000000000,OnDemand,Bucket-Mo,,,,,,,,,,21100991763,,,,,,,,,,,,,,,
tr52ekj2kcrunbrhyjkjdusgfvbehwgevtnosfi4kmuhj7jgq5ma,2026-02-01T00:00:00Z/2026-03-01T00:00:00Z,,"Amazon Web Services, Inc.",AWS,Anniversary,595673262386,2026-02-01T00:00:00Z,2026-03-01T00:00:00Z,353545917793,Usage,2026-02-01T23:00:00Z,2026-02-02T00:00:00Z,AmazonS3,Global-Bucket-Hrs-FreeTier,GeneralPurposeBuckets,,arn:aws:s3:::cognito-import-20251105172757,0.0014880952,,,USD,0.0000000000,0.0000000000,0.0000000000,0.0000000000,$0.00 per bucket / month for the first 2000 general purpose buckets in your account,,"Amazon Web Services, Inc.",Amazon Simple Storage Service,,,,,,,,,,,,,,,,,,,,,,,,S3-General-Purpose-Buckets-Free-Tier,No charge for free tier of general purpose buckets per AWS account,,,,,,,,,,,,,,,Any,Other,,,,,,,,,,,,,,GeneralPurposeBuckets,,,,,,,,,,global,,,,,,AmazonS3,Amazon Simple Storage Service,HCKDHF357KKE2VVT,,,,,,,,,,,Global-Bucket-Hrs-FreeTier,,,,,,HCKDHF357KKE2VVT.JRTCKXETXF.6YS6EN2CT7,327192955320,USD,0.0000000000,0.0000000000,OnDemand,Bucket-Mo,,,,,,,,,,21100991763,,,,,,,,,,,,,,,
q26lkwfvfnguuu6cjrkmrqwwmnpmpofznjtngdx52hjrpys6nw2a,2026-02-01T00:00:00Z/2026-03-01T00:00:00Z,,"Amazon Web Services, Inc.",AWS,Anniversary,595673262386,2026-02-01T00:00:00Z,2026-03-01T00:00:00Z,353545917793,Usage,2026-02-01T23:00:00Z,2026-02-02T00:00:00Z,AmazonS3,Global-Bucket-Hrs-FreeTier,GeneralPurposeBuckets,,arn:aws:s3:::cognito-import-20251105172953,0.0014880952,,,USD,0.0000000000,0.0000000000,0.0000000000,0.0000000000,$0.00 per bucket / month for the first 2000 general purpose buckets in your account,,"Amazon Web Services, Inc.",Amazon Simple Storage Service,,,,,,,,,,,,,,,,,,,,,,,,S3-General-Purpose-Buckets-Free-Tier,No charge for free tier of general purpose buckets per AWS account,,,,,,,,,,,,,,,Any,Other,,,,,,,,,,,,,,GeneralPurposeBuckets,,,,,,,,,,global,,,,,,AmazonS3,Amazon Simple Storage Service,HCKDHF357KKE2VVT,,,,,,,,,,,Global-Bucket-Hrs-FreeTier,,,,,,HCKDHF357KKE2VVT.JRTCKXETXF.6YS6EN2CT7,327192955320,USD,0.0000000000,0.0000000000,OnDemand,Bucket-Mo,,,,,,,,,,21100991763,,,,,,,,,,,,,,,
ucyyglxw4yls76zlzorcsagsftrsmyveuqutwduxg2t5gswjhf2a,2026-02-01T00:00:00Z/2026-03-01T00:00:00Z,,"Amazon Web Services, Inc.",AWS,Anniversary,595673262386,2026-02-01T00:00:00Z,2026-03-01T00:00:00Z,353545917793,Usage,2026-02-01T23:00:00Z,2026-02-02T00:00:00Z,AmazonS3,Global-Bucket-Hrs-FreeTier,GeneralPurposeBuckets,,arn:aws:s3:::cognito-import-20251105173107,0.0014880952,,,USD,0.0000000000,0.0000000000,0.0000000000,0.0000000000,$0.00 per bucket / month for the first 2000 general purpose buckets in your account,,"Amazon Web Services, Inc.",Amazon Simple Storage Service,,,,,,,,,,,,,,,,,,,,,,,,S3-General-Purpose-Buckets-Free-Tier,No charge for free tier of general purpose buckets per AWS account,,,,,,,,,,,,,,,Any,Other,,,,,,,,,,,,,,GeneralPurposeBuckets,,,,,,,,,,global,,,,,,AmazonS3,Amazon Simple Storage Service,HCKDHF357KKE2VVT,,,,,,,,,,,Global-Bucket-Hrs-FreeTier,,,,,,HCKDHF357KKE2VVT.JRTCKXETXF.6YS6EN2CT7,327192955320,USD,0.0000000000,0.0000000000,OnDemand,Bucket-Mo,,,,,,,,,,21100991763,,,,,,,,,,,,,,,
pzfoafw67af6a7gn24abjzatdbxabtw5v2slagwl6rcztsswsdza,2026-02-01T00:00:00Z/2026-03-01T00:00:00Z,,"Amazon Web Services, Inc.",AWS,Anniversary,595673262386,2026-02-01T00:00:00Z,2026-03-01T00:00:00Z,353545917793,Usage,2026-02-01T23:00:00Z,2026-02-02T00:00:00Z,AmazonS3,Global-Bucket-Hrs-FreeTier,GeneralPurposeBuckets,,arn:aws:s3:::cognito-import-20251105174111,0.0014880952,,,USD,0.0000000000,0.0000000000,0.0000000000,0.0000000000,$0.00 per bucket / month for the first 2000 general purpose buckets in your account,,"Amazon Web Services, Inc.",Amazon Simple Storage Service,,,,,,,,,,,,,,,,,,,,,,,,S3-General-Purpose-Buckets-Free-Tier,No charge for free tier of general purpose buckets per AWS account,,,,,,,,,,,,,,,Any,Other,,,,,,,,,,,,,,GeneralPurposeBuckets,,,,,,,,,,global,,,,,,AmazonS3,Amazon Simple Storage Service,HCKDHF357KKE2VVT,,,,,,,,,,,Global-Bucket-Hrs-FreeTier,,,,,,HCKDHF357KKE2VVT.JRTCKXETXF.6YS6EN2CT7,327192955320,USD,0.0000000000,0.0000000000,OnDemand,Bucket-Mo,,,,,,,,,,21100991763,,,,,,,,,,,,,,,
donekqwt7mhj4op5v3dmtxryunezcmzkj2bzwssl6lae4ly6z33q,2026-02-01T00:00:00Z/2026-03-01T00:00:00Z,,"Amazon Web Services, Inc.",AWS,Anniversary,595673262386,2026-02-01T00:00:00Z,2026-03-01T00:00:00Z,353545917793,Usage,2026-02-01T23:00:00Z,2026-02-02T00:00:00Z,AmazonS3,Global-Bucket-Hrs-FreeTier,GeneralPurposeBuckets,,arn:aws:s3:::cognito-import-20251105195903,0.0014880952,,,USD,0.0000000000,0.0000000000,0.0000000000,0.0000000000,$0.00 per bucket / month for the first 2000 general purpose buckets in your account,,"Amazon Web Services, Inc.",Amazon Simple Storage Service,,,,,,,,,,,,,,,,,,,,,,,,S3-General-Purpose-Buckets-Free-Tier,No charge for free tier of general purpose buckets per AWS account,,,,,,,,,,,,,,,Any,Other,,,,,,,,,,,,,,GeneralPurposeBuckets,,,,,,,,,,global,,,,,,AmazonS3,Amazon Simple Storage Service,HCKDHF357KKE2VVT,,,,,,,,,,,Global-Bucket-Hrs-FreeTier,,,,,,HCKDHF357KKE2VVT.JRTCKXETXF.6YS6EN2CT7,327192955320,USD,0.0000000000,0.0000000000,OnDemand,Bucket-Mo,,,,,,,,,,21100991763,,,,,,,,,,,,,,,
56jlecke3uxpaqjxwpgskhzuzfuim3qngqqdoabee3ej75db2cfq,2026-02-01T00:00:00Z/2026-03-01T00:00:00Z,,"Amazon Web Services, Inc.",AWS,Anniversary,595673262386,2026-02-01T00:00:00Z,2026-03-01T00:00:00Z,353545917793,Usage,2026-02-01T23:00:00Z,2026-02-02T00:00:00Z,AmazonS3,Global-Bucket-Hrs-FreeTier,GeneralPurposeBuckets,,arn:aws:s3:::frontendstack-artifactbucket7410c9ef-xsga68jmzdcj,0.0014880952,,,USD,0.0000000000,0.0000000000,0.0000000000,0.0000000000,$0.00 per bucket / month for the first 2000 general purpose buckets in your account,,"Amazon Web Services, Inc.",Amazon Simple Storage Service,,,,,,,,,,,,,,,,,,,,,,,,S3-General-Purpose-Buckets-Free-Tier,No charge for free tier of general purpose buckets per AWS account,,,,,,,,,,,,,,,Any,Other,,,,,,,,,,,,,,GeneralPurposeBuckets,,,,,,,,,,global,,,,,,AmazonS3,Amazon Simple Storage Service,HCKDHF357KKE2VVT,,,,,,,,,,,Global-Bucket-Hrs-FreeTier,,,,,,HCKDHF357KKE2VVT.JRTCKXETXF.6YS6EN2CT7,327192955320,USD,0.0000000000,0.0000000000,OnDemand,Bucket-Mo,,,,,,,,,,21100991763,,,,,,,,,,,,,,,
avtf2dcyrsrqjc7f3qmepdorvcnoa5w377kensohrdbcc75p6una,2026-02-01T00:00:00Z/2026-03-01T00:00:00Z,,"Amazon Web Services, Inc.",AWS,Anniversary,595673262386,2026-02-01T00:00:00Z,2026-03-01T00:00:00Z,353545917793,Usage,2026-02-01T23:00:00Z,2026-02-02T00:00:00Z,AmazonS3,Global-Bucket-Hrs-FreeTier,GeneralPurposeBuckets,,arn:aws:s3:::frontendstack-artifactbucketadmind30278b4-yfqewhl6wdjr,0.0014880952,,,USD,0.0000000000,0.0000000000,0.0000000000,0.0000000000,$0.00 per bucket / month for the first 2000 general purpose buckets in your account,,"Amazon Web Services, Inc.",Amazon Simple Storage Service,,,,,,,,,,,,,,,,,,,,,,,,S3-General-Purpose-Buckets-Free-Tier,No charge for free tier of general purpose buckets per AWS account,,,,,,,,,,,,,,,Any,Other,,,,,,,,,,,,,,GeneralPurposeBuckets,,,,,,,,,,global,,,,,,AmazonS3,Amazon Simple Storage Service,HCKDHF357KKE2VVT,,,,,,,,,,,Global-Bucket-Hrs-FreeTier,,,,,,HCKDHF357KKE2VVT.JRTCKXETXF.6YS6EN2CT7,327192955320,USD,0.0000000000,0.0000000000,OnDemand,Bucket-Mo,,,,,,,,,,21100991763,,,,,,,,,,,,,,,
jundicaq54niy4j5q5a4p4urjkehugrpj2f72bepjnpw23aglcha,2026-02-01T00:00:00Z/2026-03-01T00:00:00Z,,"Amazon Web Services, Inc.",AWS,Anniversary,595673262386,2026-02-01T00:00:00Z,2026-03-01T00:00:00Z,353545917793,Usage,2026-02-01T23:00:00Z,2026-02-02T00:00:00Z,AmazonS3,Global-Bucket-Hrs-FreeTier,GeneralPurposeBuckets,,arn:aws:s3:::frontendstackprod-artifactbucket7410c9ef-ebiapfpk0s8u,0.0014880952,,,USD,0.0000000000,0.0000000000,0.0000000000,0.0000000000,$0.00 per bucket / month for the first 2000 general purpose buckets in your account,,"Amazon Web Services, Inc.",Amazon Simple Storage Service,,,,,,,,,,,,,,,,,,,,,,,,S3-General-Purpose-Buckets-Free-Tier,No charge for free tier of general purpose buckets per AWS account,,,,,,,,,,,,,,,Any,Other,,,,,,,,,,,,,,GeneralPurposeBuckets,,,,,,,,,,global,,,,,,AmazonS3,Amazon Simple Storage Service,HCKDHF357KKE2VVT,,,,,,,,,,,Global-Bucket-Hrs-FreeTier,,,,,,HCKDHF357KKE2VVT.JRTCKXETXF.6YS6EN2CT7,327192955320,USD,0.0000000000,0.0000000000,OnDemand,Bucket-Mo,,,,,,,,,,21100991763,,,,,,,,,,,,,,,
edzorhcc6c5imppb6rv3lpvvsxsndy5euyeu4m7ql72k447r46qq,2026-02-01T00:00:00Z/2026-03-01T00:00:00Z,,"Amazon Web Services, Inc.",AWS,Anniversary,595673262386,2026-02-01T00:00:00Z,2026-03-01T00:00:00Z,353545917793,Usage,2026-02-01T23:00:00Z,2026-02-02T00:00:00Z,AmazonS3,Global-Bucket-Hrs-FreeTier,GeneralPurposeBuckets,,arn:aws:s3:::frontendstackprod-artifactbucketadmind30278b4-ktouj3dvxbzv,0.0014880952,,,USD,0.0000000000,0.0000000000,0.0000000000,0.0000000000,$0.00 per bucket / month for the first 2000 general purpose buckets in your account,,"Amazon Web Services, Inc.",Amazon Simple Storage Service,,,,,,,,,,,,,,,,,,,,,,,,S3-General-Purpose-Buckets-Free-Tier,No charge for free tier of general purpose buckets per AWS account,,,,,,,,,,,,,,,Any,Other,,,,,,,,,,,,,,GeneralPurposeBuckets,,,,,,,,,,global,,,,,,AmazonS3,Amazon Simple Storage Service,HCKDHF357KKE2VVT,,,,,,,,,,,Global-Bucket-Hrs-FreeTier,,,,,,HCKDHF357KKE2VVT.JRTCKXETXF.6YS6EN2CT7,327192955320,USD,0.0000000000,0.0000000000,OnDemand,Bucket-Mo,,,,,,,,,,21100991763,,,,,,,,,,,,,,,
26ixj27c5lrawn3acfocwpzganzr2eefifjnklafnnoh5yh7nyaa,2026-02-01T00:00:00Z/2026-03-01T00:00:00Z,,"Amazon Web Services, Inc.",AWS,Anniversary,595673262386,2026-02-01T00:00:00Z,2026-03-01T00:00:00Z,353545917793,Usage,2026-02-01T23:00:00Z,2026-02-02T00:00:00Z,AmazonS3,Global-Bucket-Hrs-FreeTier,GeneralPurposeBuckets,,arn:aws:s3:::frontendstackuat-artifactbucket7410c9ef-hkqgbyrdiclg,0.0014880952,,,USD,0.0000000000,0.0000000000,0.0000000000,0.0000000000,$0.00 per bucket / month for the first 2000 general purpose buckets in your account,,"Amazon Web Services, Inc.",Amazon Simple Storage Service,,,,,,,,,,,,,,,,,,,,,,,,S3-General-Purpose-Buckets-Free-Tier,No charge for free tier of general purpose buckets per AWS account,,,,,,,,,,,,,,,Any,Other,,,,,,,,,,,,,,GeneralPurposeBuckets,,,,,,,,,,global,,,,,,AmazonS3,Amazon Simple Storage Service,HCKDHF357KKE2VVT,,,,,,,,,,,Global-Bucket-Hrs-FreeTier,,,,,,HCKDHF357KKE2VVT.JRTCKXETXF.6YS6EN2CT7,327192955320,USD,0.0000000000,0.0000000000,OnDemand,Bucket-Mo,,,,,,,,,,21100991763,,,,,,,,,,,,,,,
oz7pfgtetekx5vjdjvjhha45whycdvrun5stxojy7jrotx6v2cka,2026-02-01T00:00:00Z/2026-03-01T00:00:00Z,,"Amazon Web Services, Inc.",AWS,Anniversary,595673262386,2026-02-01T00:00:00Z,2026-03-01T00:00:00Z,353545917793,Usage,2026-02-01T23:00:00Z,2026-02-02T00:00:00Z,AmazonS3,Global-Bucket-Hrs-FreeTier,GeneralPurposeBuckets,,arn:aws:s3:::frontendstackuat-artifactbucketadmind30278b4-hcgt66uec200,0.0014880952,,,USD,0.0000000000,0.0000000000,0.0000000000,0.0000000000,$0.00 per bucket / month for the first 2000 general purpose buckets in your account,,"Amazon Web Services, Inc.",Amazon Simple Storage Service,,,,,,,,,,,,,,,,,,,,,,,,S3-General-Purpose-Buckets-Free-Tier,No charge for free tier of general purpose buckets per AWS account,,,,,,,,,,,,,,,Any,Other,,,,,,,,,,,,,,GeneralPurposeBuckets,,,,,,,,,,global,,,,,,AmazonS3,Amazon Simple Storage Service,HCKDHF357KKE2VVT,,,,,,,,,,,Global-Bucket-Hrs-FreeTier,,,,,,HCKDHF357KKE2VVT.JRTCKXETXF.6YS6EN2CT7,327192955320,USD,0.0000000000,0.0000000000,OnDemand,Bucket-Mo,,,,,,,,,,21100991763,,,,,,,,,,,,,,,
6hc2ul2ywxbcp6s76bby45ymekmpsrmh7frb3vgzlrq6ufo4kcbq,2026-02-01T00:00:00Z/2026-03-01T00:00:00Z,,"Amazon Web Services, Inc.",AWS,Anniversary,595673262386,2026-02-01T00:00:00Z,2026-03-01T00:00:00Z,353545917793,Usage,2026-02-01T23:00:00Z,2026-02-02T00:00:00Z,AmazonS3,Global-Bucket-Hrs-FreeTier,GeneralPurposeBuckets,,arn:aws:s3:::notification-templates-socms-dev-uat,0.0014880952,,,USD,0.0000000000,0.0000000000,0.0000000000,0.0000000000,$0.00 per bucket / month for the first 2000 general purpose buckets in your account,,"Amazon Web Services, Inc.",Amazon Simple Storage Service,,,,,,,,,,,,,,,,,,,,,,,,S3-General-Purpose-Buckets-Free-Tier,No charge for free tier of general purpose buckets per AWS account,,,,,,,,,,,,,,,Any,Other,,,,,,,,,,,,,,GeneralPurposeBuckets,,,,,,,,,,global,,,,,,AmazonS3,Amazon Simple Storage Service,HCKDHF357KKE2VVT,,,,,,,,,,,Global-Bucket-Hrs-FreeTier,,,,,,HCKDHF357KKE2VVT.JRTCKXETXF.6YS6EN2CT7,327192955320,USD,0.0000000000,0.0000000000,OnDemand,Bucket-Mo,,,,,,,,,,21100991763,,,,,,,,,,,,,,,
seuh244cptvmitxfnukcpglrtmtycbsglshkjs2zsn7vuoocyhcq,2026-02-01T00:00:00Z/2026-03-01T00:00:00Z,,"Amazon Web Services, Inc.",AWS,Anniversary,595673262386,2026-02-01T00:00:00Z,2026-03-01T00:00:00Z,353545917793,Usage,2026-02-01T23:00:00Z,2026-02-02T00:00:00Z,AmazonS3,Global-Bucket-Hrs-FreeTier,GeneralPurposeBuckets,,arn:aws:s3:::notification-templates-socms-prod,0.0014880952,,,USD,0.0000000000,0.0000000000,0.0000000000,0.0000000000,$0.00 per bucket / month for the first 2000 general purpose buckets in your account,,"Amazon Web Services, Inc.",Amazon Simple Storage Service,,,,,,,,,,,,,,,,,,,,,,,,S3-General-Purpose-Buckets-Free-Tier,No charge for free tier of general purpose buckets per AWS account,,,,,,,,,,,,,,,Any,Other,,,,,,,,,,,,,,GeneralPurposeBuckets,,,,,,,,,,global,,,,,,AmazonS3,Amazon Simple Storage Service,HCKDHF357KKE2VVT,,,,,,,,,,,Global-Bucket-Hrs-FreeTier,,,,,,HCKDHF357KKE2VVT.JRTCKXETXF.6YS6EN2CT7,327192955320,USD,0.0000000000,0.0000000000,OnDemand,Bucket-Mo,,,,,,,,,,21100991763,,,,,,,,,,,,,,,
mxt3wixb5bzfndjwwe5lf4g3g4l5d66eenca46s6ppbliafjwqkq,2026-02-01T00:00:00Z/2026-03-01T00:00:00Z,,"Amazon Web Services, Inc.",AWS,Anniversary,595673262386,2026-02-01T00:00:00Z,2026-03-01T00:00:00Z,353545917793,Usage,2026-02-01T23:00:00Z,2026-02-02T00:00:00Z,AmazonS3,Global-Bucket-Hrs-FreeTier,GeneralPurposeBuckets,,arn:aws:s3:::s3stack-userfileuploadbucket259f036a-aoe8urrbevxw,0.0014880952,,,USD,0.0000000000,0.0000000000,0.0000000000,0.0000000000,$0.00 per bucket / month for the first 2000 general purpose buckets in your account,,"Amazon Web Services, Inc.",Amazon Simple Storage Service,,,,,,,,,,,,,,,,,,,,,,,,S3-General-Purpose-Buckets-Free-Tier,No charge for free tier of general purpose buckets per AWS account,,,,,,,,,,,,,,,Any,Other,,,,,,,,,,,,,,GeneralPurposeBuckets,,,,,,,,,,global,,,,,,AmazonS3,Amazon Simple Storage Service,HCKDHF357KKE2VVT,,,,,,,,,,,Global-Bucket-Hrs-FreeTier,,,,,,HCKDHF357KKE2VVT.JRTCKXETXF.6YS6EN2CT7,327192955320,USD,0.0000000000,0.0000000000,OnDemand,Bucket-Mo,,,,,,,,,,21100991763,,,,,,,,,,,,,,,
czoeesa26hu2s5vbmfu4wlpan2jbudl2jmwmf6xy6fbwz56qoyba,2026-02-01T00:00:00Z/2026-03-01T00:00:00Z,,"Amazon Web Services, Inc.",AWS,Anniversary,595673262386,2026-02-01T00:00:00Z,2026-03-01T00:00:00Z,353545917793,Usage,2026-02-01T23:00:00Z,2026-02-02T00:00:00Z,AmazonS3,Global-Bucket-Hrs-FreeTier,GeneralPurposeBuckets,,arn:aws:s3:::s3stack-userfileuploadbucket259f036a-chaih9c8simy,0.0014880952,,,USD,0.0000000000,0.0000000000,0.0000000000,0.0000000000,$0.00 per bucket / month for the first 2000 general purpose buckets in your account,,"Amazon Web Services, Inc.",Amazon Simple Storage Service,,,,,,,,,,,,,,,,,,,,,,,,S3-General-Purpose-Buckets-Free-Tier,No charge for free tier of general purpose buckets per AWS account,,,,,,,,,,,,,,,Any,Other,,,,,,,,,,,,,,GeneralPurposeBuckets,,,,,,,,,,global,,,,,,AmazonS3,Amazon Simple Storage Service,HCKDHF357KKE2VVT,,,,,,,,,,,Global-Bucket-Hrs-FreeTier,,,,,,HCKDHF357KKE2VVT.JRTCKXETXF.6YS6EN2CT7,327192955320,USD,0.0000000000,0.0000000000,OnDemand,Bucket-Mo,,,,,,,,,,21100991763,,,,,,,,,,,,,,,
hdg37ozghsk6w2eswg5qv7a5645g6ddunig6xgjdmu5zefyf26iq,2026-02-01T00:00:00Z/2026-03-01T00:00:00Z,,"Amazon Web Services, Inc.",AWS,Anniversary,595673262386,2026-02-01T00:00:00Z,2026-03-01T00:00:00Z,353545917793,Usage,2026-02-01T23:00:00Z,2026-02-02T00:00:00Z,AmazonS3,Global-Bucket-Hrs-FreeTier,GeneralPurposeBuckets,,arn:aws:s3:::s3stack-userfileuploadbucket259f036a-cvai8i4ebi48,0.0014880952,,,USD,0.0000000000,0.0000000000,0.0000000000,0.0000000000,$0.00 per bucket / month for the first 2000 general purpose buckets in your account,,"Amazon Web Services, Inc.",Amazon Simple Storage Service,,,,,,,,,,,,,,,,,,,,,,,,S3-General-Purpose-Buckets-Free-Tier,No charge for free tier of general purpose buckets per AWS account,,,,,,,,,,,,,,,Any,Other,,,,,,,,,,,,,,GeneralPurposeBuckets,,,,,,,,,,global,,,,,,AmazonS3,Amazon Simple Storage Service,HCKDHF357KKE2VVT,,,,,,,,,,,Global-Bucket-Hrs-FreeTier,,,,,,HCKDHF357KKE2VVT.JRTCKXETXF.6YS6EN2CT7,327192955320,USD,0.0000000000,0.0000000000,OnDemand,Bucket-Mo,,,,,,,,,,21100991763,,,,,,,,,,,,,,,
2s4u7ilxswzlllpv7hpygtz7qiqzoppltrrubjldwgyd7xxnkf6a,2026-02-01T00:00:00Z/2026-03-01T00:00:00Z,,"Amazon Web Services, Inc.",AWS,Anniversary,595673262386,2026-02-01T00:00:00Z,2026-03-01T00:00:00Z,353545917793,Usage,2026-02-01T23:00:00Z,2026-02-02T00:00:00Z,AmazonS3,Global-Bucket-Hrs-FreeTier,GeneralPurposeBuckets,,arn:aws:s3:::s3stack-userfileuploadbucket259f036a-t2pshphenoat,0.0014880952,,,USD,0.0000000000,0.0000000000,0.0000000000,0.0000000000,$0.00 per bucket / month for the first 2000 general purpose buckets in your account,,"Amazon Web Services, Inc.",Amazon Simple Storage Service,,,,,,,,,,,,,,,,,,,,,,,,S3-General-Purpose-Buckets-Free-Tier,No charge for free tier of general purpose buckets per AWS account,,,,,,,,,,,,,,,Any,Other,,,,,,,,,,,,,,GeneralPurposeBuckets,,,,,,,,,,global,,,,,,AmazonS3,Amazon Simple Storage Service,HCKDHF357KKE2VVT,,,,,,,,,,,Global-Bucket-Hrs-FreeTier,,,,,,HCKDHF357KKE2VVT.JRTCKXETXF.6YS6EN2CT7,327192955320,USD,0.0000000000,0.0000000000,OnDemand,Bucket-Mo,,,,,,,,,,21100991763,,,,,,,,,,,,,,,
es7nyrdto2xs4otmsr5l6kuloqhg64nxn24gwchmbbmqb44l4ruq,2026-02-01T00:00:00Z/2026-03-01T00:00:00Z,,"Amazon Web Services, Inc.",AWS,Anniversary,595673262386,2026-02-01T00:00:00Z,2026-03-01T00:00:00Z,353545917793,Usage,2026-02-01T23:00:00Z,2026-02-02T00:00:00Z,AmazonS3,Global-Bucket-Hrs-FreeTier,GeneralPurposeBuckets,,arn:aws:s3:::s3stack-userfileuploadbucketprod5670d977-0jbwxg2hpndi,0.0014880952,,,USD,0.0000000000,0.0000000000,0.0000000000,0.0000000000,$0.00 per bucket / month for the first 2000 general purpose buckets in your account,,"Amazon Web Services, Inc.",Amazon Simple Storage Service,,,,,,,,,,,,,,,,,,,,,,,,S3-General-Purpose-Buckets-Free-Tier,No charge for free tier of general purpose buckets per AWS account,,,,,,,,,,,,,,,Any,Other,,,,,,,,,,,,,,GeneralPurposeBuckets,,,,,,,,,,global,,,,,,AmazonS3,Amazon Simple Storage Service,HCKDHF357KKE2VVT,,,,,,,,,,,Global-Bucket-Hrs-FreeTier,,,,,,HCKDHF357KKE2VVT.JRTCKXETXF.6YS6EN2CT7,327192955320,USD,0.0000000000,0.0000000000,OnDemand,Bucket-Mo,,,,,,,,,,21100991763,,,,,,,,,,,,,,,
d2vvnhej7ii62fvsxyfwk5bbtyouoifn6ltkiap54rk5bcgmqfxa,2026-02-01T00:00:00Z/2026-03-01T00:00:00Z,,"Amazon Web Services, Inc.",AWS,Anniversary,595673262386,2026-02-01T00:00:00Z,2026-03-01T00:00:00Z,353545917793,Usage,2026-02-01T23:00:00Z,2026-02-02T00:00:00Z,AmazonS3,Global-Bucket-Hrs-FreeTier,GeneralPurposeBuckets,,arn:aws:s3:::s3stack-userfileuploadbucketprod5670d977-cc1o6umd6ksg,0.0014880952,,,USD,0.0000000000,0.0000000000,0.0000000000,0.0000000000,$0.00 per bucket / month for the first 2000 general purpose buckets in your account,,"Amazon Web Services, Inc.",Amazon Simple Storage Service,,,,,,,,,,,,,,,,,,,,,,,,S3-General-Purpose-Buckets-Free-Tier,No charge for free tier of general purpose buckets per AWS account,,,,,,,,,,,,,,,Any,Other,,,,,,,,,,,,,,GeneralPurposeBuckets,,,,,,,,,,global,,,,,,AmazonS3,Amazon Simple Storage Service,HCKDHF357KKE2VVT,,,,,,,,,,,Global-Bucket-Hrs-FreeTier,,,,,,HCKDHF357KKE2VVT.JRTCKXETXF.6YS6EN2CT7,327192955320,USD,0.0000000000,0.0000000000,OnDemand,Bucket-Mo,,,,,,,,,,21100991763,,,,,,,,,,,,,,,
362glp2xo52duc4xzwlymkgclvswz2fk7haaf7gpxr57chvwpdsq,2026-02-01T00:00:00Z/2026-03-01T00:00:00Z,,"Amazon Web Services, Inc.",AWS,Anniversary,595673262386,2026-02-01T00:00:00Z,2026-03-01T00:00:00Z,353545917793,Usage,2026-02-01T23:00:00Z,2026-02-02T00:00:00Z,AmazonS3,Global-Bucket-Hrs-FreeTier,GeneralPurposeBuckets,,arn:aws:s3:::s3stack-userfileuploadbucketprod5670d977-ecza5r7vv7rq,0.0014880952,,,USD,0.0000000000,0.0000000000,0.0000000000,0.0000000000,$0.00 per bucket / month for the first 2000 general purpose buckets in your account,,"Amazon Web Services, Inc.",Amazon Simple Storage Service,,,,,,,,,,,,,,,,,,,,,,,,S3-General-Purpose-Buckets-Free-Tier,No charge for free tier of general purpose buckets per AWS account,,,,,,,,,,,,,,,Any,Other,,,,,,,,,,,,,,GeneralPurposeBuckets,,,,,,,,,,global,,,,,,AmazonS3,Amazon Simple Storage Service,HCKDHF357KKE2VVT,,,,,,,,,,,Global-Bucket-Hrs-FreeTier,,,,,,HCKDHF357KKE2VVT.JRTCKXETXF.6YS6EN2CT7,327192955320,USD,0.0000000000,0.0000000000,OnDemand,Bucket-Mo,,,,,,,,,,21100991763,,,,,,,,,,,,,,,
7h2tyli4nba3uz77zvue55f64xw5l5jfoxkdhw5eakwb3wuvmeia,2026-02-01T00:00:00Z/2026-03-01T00:00:00Z,,"Amazon Web Services, Inc.",AWS,Anniversary,595673262386,2026-02-01T00:00:00Z,2026-03-01T00:00:00Z,353545917793,Usage,2026-02-01T23:00:00Z,2026-02-02T00:00:00Z,AmazonS3,Global-Bucket-Hrs-FreeTier,GeneralPurposeBuckets,,arn:aws:s3:::s3stack-userfileuploadbucketprod5670d977-iprqpeeueqvb,0.0014880952,,,USD,0.0000000000,0.0000000000,0.0000000000,0.0000000000,$0.00 per bucket / month for the first 2000 general purpose buckets in your account,,"Amazon Web Services, Inc.",Amazon Simple Storage Service,,,,,,,,,,,,,,,,,,,,,,,,S3-General-Purpose-Buckets-Free-Tier,No charge for free tier of general purpose buckets per AWS account,,,,,,,,,,,,,,,Any,Other,,,,,,,,,,,,,,GeneralPurposeBuckets,,,,,,,,,,global,,,,,,AmazonS3,Amazon Simple Storage Service,HCKDHF357KKE2VVT,,,,,,,,,,,Global-Bucket-Hrs-FreeTier,,,,,,HCKDHF357KKE2VVT.JRTCKXETXF.6YS6EN2CT7,327192955320,USD,0.0000000000,0.0000000000,OnDemand,Bucket-Mo,,,,,,,,,,21100991763,,,,,,,,,,,,,,,
qcwjeizidcvinuq3rjosvqo453bshqayx3oclytxzqhi62qnws4a,2026-02-01T00:00:00Z/2026-03-01T00:00:00Z,,"Amazon Web Services, Inc.",AWS,Anniversary,595673262386,2026-02-01T00:00:00Z,2026-03-01T00:00:00Z,353545917793,Usage,2026-02-01T23:00:00Z,2026-02-02T00:00:00Z,AmazonS3,Global-Bucket-Hrs-FreeTier,GeneralPurposeBuckets,,arn:aws:s3:::s3stack-userfileuploadbucketuat0d968125-iadazn2jspsp,0.0014880952,,,USD,0.0000000000,0.0000000000,0.0000000000,0.0000000000,$0.00 per bucket / month for the first 2000 general purpose buckets in your account,,"Amazon Web Services, Inc.",Amazon Simple Storage Service,,,,,,,,,,,,,,,,,,,,,,,,S3-General-Purpose-Buckets-Free-Tier,No charge for free tier of general purpose buckets per AWS account,,,,,,,,,,,,,,,Any,Other,,,,,,,,,,,,,,GeneralPurposeBuckets,,,,,,,,,,global,,,,,,AmazonS3,Amazon Simple Storage Service,HCKDHF357KKE2VVT,,,,,,,,,,,Global-Bucket-Hrs-FreeTier,,,,,,HCKDHF357KKE2VVT.JRTCKXETXF.6YS6EN2CT7,327192955320,USD,0.0000000000,0.0000000000,OnDemand,Bucket-Mo,,,,,,,,,,21100991763,,,,,,,,,,,,,,,
swbgot3klyciiobmsf4gcfflr3rtrjdyphojjj3kr5yhkuvztmea,2026-02-01T00:00:00Z/2026-03-01T00:00:00Z,,"Amazon Web Services, Inc.",AWS,Anniversary,595673262386,2026-02-01T00:00:00Z,2026-03-01T00:00:00Z,353545917793,Usage,2026-02-01T23:00:00Z,2026-02-02T00:00:00Z,AmazonS3,Global-Bucket-Hrs-FreeTier,GeneralPurposeBuckets,,arn:aws:s3:::s3stack-userfileuploadbucketuat0d968125-kwupvued1h9p,0.0014880952,,,USD,0.0000000000,0.0000000000,0.0000000000,0.0000000000,$0.00 per bucket / month for the first 2000 general purpose buckets in your account,,"Amazon Web Services, Inc.",Amazon Simple Storage Service,,,,,,,,,,,,,,,,,,,,,,,,S3-General-Purpose-Buckets-Free-Tier,No charge for free tier of general purpose buckets per AWS account,,,,,,,,,,,,,,,Any,Other,,,,,,,,,,,,,,GeneralPurposeBuckets,,,,,,,,,,global,,,,,,AmazonS3,Amazon Simple Storage Service,HCKDHF357KKE2VVT,,,,,,,,,,,Global-Bucket-Hrs-FreeTier,,,,,,HCKDHF357KKE2VVT.JRTCKXETXF.6YS6EN2CT7,327192955320,USD,0.0000000000,0.0000000000,OnDemand,Bucket-Mo,,,,,,,,,,21100991763,,,,,,,,,,,,,,,
iyogxe4vb7s2dslcac3xaqlud7fkqoboep7ww6o2epqskt7x3yha,2026-02-01T00:00:00Z/2026-03-01T00:00:00Z,,"Amazon Web Services, Inc.",AWS,Anniversary,595673262386,2026-02-01T00:00:00Z,2026-03-01T00:00:00Z,353545917793,Usage,2026-02-01T23:00:00Z,2026-02-02T00:00:00Z,AmazonS3,Global-Bucket-Hrs-FreeTier,GeneralPurposeBuckets,,arn:aws:s3:::s3stack-userfileuploadbucketuat0d968125-m711acws3g6k,0.0014880952,,,USD,0.0000000000,0.0000000000,0.0000000000,0.0000000000,$0.00 per bucket / month for the first 2000 general purpose buckets in your account,,"Amazon Web Services, Inc.",Amazon Simple Storage Service,,,,,,,,,,,,,,,,,,,,,,,,S3-General-Purpose-Buckets-Free-Tier,No charge for free tier of general purpose buckets per AWS account,,,,,,,,,,,,,,,Any,Other,,,,,,,,,,,,,,GeneralPurposeBuckets,,,,,,,,,,global,,,,,,AmazonS3,Amazon Simple Storage Service,HCKDHF357KKE2VVT,,,,,,,,,,,Global-Bucket-Hrs-FreeTier,,,,,,HCKDHF357KKE2VVT.JRTCKXETXF.6YS6EN2CT7,327192955320,USD,0.0000000000,0.0000000000,OnDemand,Bucket-Mo,,,,,,,,,,21100991763,,,,,,,,,,,,,,,
gsywqrzfmshtfkcbto43hneq5w7h7tgie6o6sqdd5bws5u6tlwza,2026-02-01T00:00:00Z/2026-03-01T00:00:00Z,,"Amazon Web Services, Inc.",AWS,Anniversary,595673262386,2026-02-01T00:00:00Z,2026-03-01T00:00:00Z,353545917793,Usage,2026-02-01T23:00:00Z,2026-02-02T00:00:00Z,AmazonS3,Global-Bucket-Hrs-FreeTier,GeneralPurposeBuckets,,arn:aws:s3:::s3stack-userfileuploadbucketuat0d968125-qm7hoipk0grv,0.0014880952,,,USD,0.0000000000,0.0000000000,0.0000000000,0.0000000000,$0.00 per bucket / month for the first 2000 general purpose buckets in your account,,"Amazon Web Services, Inc.",Amazon Simple Storage Service,,,,,,,,,,,,,,,,,,,,,,,,S3-General-Purpose-Buckets-Free-Tier,No charge for free tier of general purpose buckets per AWS account,,,,,,,,,,,,,,,Any,Other,,,,,,,,,,,,,,GeneralPurposeBuckets,,,,,,,,,,global,,,,,,AmazonS3,Amazon Simple Storage Service,HCKDHF357KKE2VVT,,,,,,,,,,,Global-Bucket-Hrs-FreeTier,,,,,,HCKDHF357KKE2VVT.JRTCKXETXF.6YS6EN2CT7,327192955320,USD,0.0000000000,0.0000000000,OnDemand,Bucket-Mo,,,,,,,,,,21100991763,,,,,,,,,,,,,,,
uflzrzhb75yclbdvl4sibkkunkp2em3wh4fci2if3dsw6dymklra,2026-02-01T00:00:00Z/2026-03-01T00:00:00Z,,"Amazon Web Services, Inc.",AWS,Anniversary,595673262386,2026-02-01T00:00:00Z,2026-03-01T00:00:00Z,353545917793,Usage,2026-02-01T23:00:00Z,2026-02-02T00:00:00Z,AmazonS3,Global-Bucket-Hrs-FreeTier,GeneralPurposeBuckets,,arn:aws:s3:::so-sms-prod-scripts,0.0014880952,,,USD,0.0000000000,0.0000000000,0.0000000000,0.0000000000,$0.00 per bucket / month for the first 2000 general purpose buckets in your account,,"Amazon Web Services, Inc.",Amazon Simple Storage Service,,,,,,,,,,,,,,,,,,,,,,,,S3-General-Purpose-Buckets-Free-Tier,No charge for free tier of general purpose buckets per AWS account,,,,,,,,,,,,,,,Any,Other,,,,,,,,,,,,,,GeneralPurposeBuckets,,,,,,,,,,global,,,,,,AmazonS3,Amazon Simple Storage Service,HCKDHF357KKE2VVT,,,,,,,,,,,Global-Bucket-Hrs-FreeTier,,,,,,HCKDHF357KKE2VVT.JRTCKXETXF.6YS6EN2CT7,327192955320,USD,0.0000000000,0.0000000000,OnDemand,Bucket-Mo,,,,,,,,,,21100991763,,,,,,,,,,,,,,,
wqkxxjx3ig6fsoluhqqh22e2xt7poth4yerzi2vkwrfexibllrhq,2026-02-01T00:00:00Z/2026-03-01T00:00:00Z,,"Amazon Web Services, Inc.",AWS,Anniversary,595673262386,2026-02-01T00:00:00Z,2026-03-01T00:00:00Z,353545917793,Usage,2026-02-01T18:00:00Z,2026-02-01T19:00:00Z,AmazonEC2,USW2-EUC1-AWS-Out-Bytes,PublicIP-Out,,i-002ddab9222dfe0bc,0.0000000559,,,USD,0.0200000000,0.0000000011,0.0200000000,0.0000000011,$0.02 per GB - US West (Oregon) data transfer to EU (Germany),,"Amazon Web Services, Inc.",Amazon Elastic Compute Cloud,,,,,,,,,,,,,,,,,,,,,,,,,,US West (Oregon),AWS Region,us-west-2,,,,,,,,,,,,,,,,,,,,,,,,,,,,,,,,,Data Transfer,,,,us-west-2,,,,,,AWSDataTransfer,AWS Data Transfer,HFXZVSS4PED66CA3,,,,,,EU (Frankfurt),AWS Region,eu-central-1,InterRegion Outbound,,USW2-EUC1-AWS-Out-Bytes,,,,,,HFXZVSS4PED66CA3.JRTCKXETXF.6YS6EN2CT7,200619029656,USD,0.0000000011,0.0200000000,OnDemand,GB,,,,,,,,,,21100991773,,,,,,,,,,,,,,,
ztehiqqpimj32vmfo62edvmzjei6it3apfbankha6sxpf7fgaibq,2026-02-01T00:00:00Z/2026-03-01T00:00:00Z,,"Amazon Web Services, Inc.",AWS,Anniversary,595673262386,2026-02-01T00:00:00Z,2026-03-01T00:00:00Z,353545917793,Usage,2026-02-01T17:00:00Z,2026-02-01T18:00:00Z,AmazonEC2,USW2-EUC1-AWS-Out-Bytes,PublicIP-Out,,i-0ad0d864464631aea,0.0000000745,,,USD,0.0200000000,0.0000000015,0.0200000000,0.0000000015,$0.02 per GB - US West (Oregon) data transfer to EU (Germany),,"Amazon Web Services, Inc.",Amazon Elastic Compute Cloud,,,,,,,,,,,,,,,,,,,,,,,,,,US West (Oregon),AWS Region,us-west-2,,,,,,,,,,,,,,,,,,,,,,,,,,,,,,,,,Data Transfer,,,,us-west-2,,,,,,AWSDataTransfer,AWS Data Transfer,HFXZVSS4PED66CA3,,,,,,EU (Frankfurt),AWS Region,eu-central-1,InterRegion Outbound,,USW2-EUC1-AWS-Out-Bytes,,,,,,HFXZVSS4PED66CA3.JRTCKXETXF.6YS6EN2CT7,200619029656,USD,0.0000000015,0.0200000000,OnDemand,GB,,,,,,,,,,21100991773,,,,,,,,,,,,,,,
yyxmy3y26amsdydjigmn6jdtntlvdp54fartej6iwc6k4oqw6nma,2026-02-01T00:00:00Z/2026-03-01T00:00:00Z,,"Amazon Web Services, Inc.",AWS,Anniversary,595673262386,2026-02-01T00:00:00Z,2026-03-01T00:00:00Z,353545917793,Usage,2026-02-01T03:00:00Z,2026-02-01T04:00:00Z,AmazonEC2,USW2-EUC1-AWS-Out-Bytes,PublicIP-Out,,i-0ee8635d596bf3d8b,0.0000000531,,,USD,0.0200000000,0.0000000011,0.0200000000,0.0000000011,$0.02 per GB - US West (Oregon) data transfer to EU (Germany),,"Amazon Web Services, Inc.",Amazon Elastic Compute Cloud,,,,,,,,,,,,,,,,,,,,,,,,,,US West (Oregon),AWS Region,us-west-2,,,,,,,,,,,,,,,,,,,,,,,,,,,,,,,,,Data Transfer,,,,us-west-2,,,,,,AWSDataTransfer,AWS Data Transfer,HFXZVSS4PED66CA3,,,,,,EU (Frankfurt),AWS Region,eu-central-1,InterRegion Outbound,,USW2-EUC1-AWS-Out-Bytes,,,,,,HFXZVSS4PED66CA3.JRTCKXETXF.6YS6EN2CT7,200619029656,USD,0.0000000011,0.0200000000,OnDemand,GB,,,,,,,,,,21100991773,,,,,,,,,,,,,,,
bwah3cqvv7ydczb4iwjjldddgnl3godw3z7ispmwonwexwtocb7a,2026-02-01T00:00:00Z/2026-03-01T00:00:00Z,,"Amazon Web Services, Inc.",AWS,Anniversary,595673262386,2026-02-01T00:00:00Z,2026-03-01T00:00:00Z,353545917793,Usage,2026-02-02T08:00:00Z,2026-02-02T11:00:00Z,AmazonS3,DataTransfer-Out-Bytes,ListAccessPoints,,,0.0000020377,,,USD,0.0000000000,0.0000000000,0.0000000000,0.0000000000,$0.000 per GB - data transfer out under the monthly global free tier,,"Amazon Web Services, Inc.",Amazon Simple Storage Service,,,,,,,,,,,,,,,,,,,,,,,,,,US East (N. Virginia),AWS Region,us-east-1,,,,,,,,,,,,,,,,,,,,,,,,,,,,,,,,,Data Transfer,,,,us-east-1,,,,,,AWSDataTransfer,AWS Data Transfer,HQEH3ZWJVT46JHRG,,,,,,External,Other,,AWS Outbound,,DataTransfer-Out-Bytes,,,,,,HQEH3ZWJVT46JHRG.A429C66SYZ.6YS6EN2CT7,200603099514,USD,0.0000001834,0.0900000000,,GB,,,,,,,,,,21100991773,,,,,,,,,,,,,,,
pz6qwtles5qofg7fg2w4qcrhav6dipyxbcak5ctvuwldoqsa77ca,2026-02-01T00:00:00Z/2026-03-01T00:00:00Z,,"Amazon Web Services, Inc.",AWS,Anniversary,595673262386,2026-02-01T00:00:00Z,2026-03-01T00:00:00Z,353545917793,Usage,2026-02-02T05:00:00Z,2026-02-02T11:00:00Z,AmazonS3,DataTransfer-Out-Bytes,ListAllMyBuckets,,,0.0003201905,,,USD,0.0000000000,0.0000000000,0.0000000000,0.0000000000,$0.000 per GB - data transfer out under the monthly global free tier,,"Amazon Web Services, Inc.",Amazon Simple Storage Service,,,,,,,,,,,,,,,,,,,,,,,,,,US East (N. Virginia),AWS Region,us-east-1,,,,,,,,,,,,,,,,,,,,,,,,,,,,,,,,,Data Transfer,,,,us-east-1,,,,,,AWSDataTransfer,AWS Data Transfer,HQEH3ZWJVT46JHRG,,,,,,External,Other,,AWS Outbound,,DataTransfer-Out-Bytes,,,,,,HQEH3ZWJVT46JHRG.A429C66SYZ.6YS6EN2CT7,200603099514,USD,0.0000288171,0.0900000000,,GB,,,,,,,,,,21100991773,,,,,,,,,,,,,,,
hfyjxtxrlgfzfrrdfkj3xh43k7djsulhs5t2norlouvpddpirkwq,2026-02-01T00:00:00Z/2026-03-01T00:00:00Z,,"Amazon Web Services, Inc.",AWS,Anniversary,595673262386,2026-02-01T00:00:00Z,2026-03-01T00:00:00Z,353545917793,Usage,2026-02-02T07:00:00Z,2026-02-02T11:00:00Z,AmazonS3,DataTransfer-Out-Bytes,ListBucketTags,,,0.0000022967,,,USD,0.0000000000,0.0000000000,0.0000000000,0.0000000000,$0.000 per GB - data transfer out under the monthly global free tier,,"Amazon Web Services, Inc.",Amazon Simple Storage Service,,,,,,,,,,,,,,,,,,,,,,,,,,US East (N. Virginia),AWS Region,us-east-1,,,,,,,,,,,,,,,,,,,,,,,,,,,,,,,,,Data Transfer,,,,us-east-1,,,,,,AWSDataTransfer,AWS Data Transfer,HQEH3ZWJVT46JHRG,,,,,,External,Other,,AWS Outbound,,DataTransfer-Out-Bytes,,,,,,HQEH3ZWJVT46JHRG.A429C66SYZ.6YS6EN2CT7,200603099514,USD,0.0000002067,0.0900000000,,GB,,,,,,,,,,21100991773,,,,,,,,,,,,,,,
kul72u6bpir6wpfpd4fb5dai2y4upx75hzzujhb4aagth23znrrq,2026-02-01T00:00:00Z/2026-03-01T00:00:00Z,,"Amazon Web Services, Inc.",AWS,Anniversary,595673262386,2026-02-01T00:00:00Z,2026-03-01T00:00:00Z,353545917793,Usage,2026-02-02T07:00:00Z,2026-02-02T11:00:00Z,AmazonS3,DataTransfer-Out-Bytes,ReadAccountPublicAccessBlock,,,0.0000071870,,,USD,0.0000000000,0.0000000000,0.0000000000,0.0000000000,$0.000 per GB - data transfer out under the monthly global free tier,,"Amazon Web Services, Inc.",Amazon Simple Storage Service,,,,,,,,,,,,,,,,,,,,,,,,,,US East (N. Virginia),AWS Region,us-east-1,,,,,,,,,,,,,,,,,,,,,,,,,,,,,,,,,Data Transfer,,,,us-east-1,,,,,,AWSDataTransfer,AWS Data Transfer,HQEH3ZWJVT46JHRG,,,,,,External,Other,,AWS Outbound,,DataTransfer-Out-Bytes,,,,,,HQEH3ZWJVT46JHRG.A429C66SYZ.6YS6EN2CT7,200603099514,USD,0.0000006468,0.0900000000,,GB,,,,,,,,,,21100991773,,,,,,,,,,,,,,,
xuimpoceinrfrjgcvxpou7vshy4r5gibbz2h5o3cnknrpsa46pdq,2026-02-01T00:00:00Z/2026-03-01T00:00:00Z,,"Amazon Web Services, Inc.",AWS,Anniversary,595673262386,2026-02-01T00:00:00Z,2026-03-01T00:00:00Z,353545917793,Usage,2026-02-02T05:00:00Z,2026-02-02T11:00:00Z,AmazonS3,DataTransfer-Out-Bytes,ReadLocation,,aws-sam-cli-managed-default-samclisourcebucket-0gx7eupcvp46,0.0000013076,,,USD,0.0000000000,0.0000000000,0.0000000000,0.0000000000,$0.000 per GB - data transfer out under the monthly global free tier,,"Amazon Web Services, Inc.",Amazon Simple Storage Service,,,,,,,,,,,,,,,,,,,,,,,,,,US East (N. Virginia),AWS Region,us-east-1,,,,,,,,,,,,,,,,,,,,,,,,,,,,,,,,,Data Transfer,,,,us-east-1,,,,,,AWSDataTransfer,AWS Data Transfer,HQEH3ZWJVT46JHRG,,,,,,External,Other,,AWS Outbound,,DataTransfer-Out-Bytes,,,,,,HQEH3ZWJVT46JHRG.A429C66SYZ.6YS6EN2CT7,200603099514,USD,0.0000001177,0.0900000000,,GB,,,,,,,,,,21100991773,,,,,,,,,,,,,,,
hknfe5g57z5jdvsj7lb7fhblcfaxd3hvbzvzbpgn2ryph5ppsmia,2026-02-01T00:00:00Z/2026-03-01T00:00:00Z,,"Amazon Web Services, Inc.",AWS,Anniversary,595673262386,2026-02-01T00:00:00Z,2026-03-01T00:00:00Z,353545917793,Usage,2026-02-02T05:00:00Z,2026-02-02T11:00:00Z,AmazonS3,DataTransfer-Out-Bytes,ReadLocation,,cdk-hnb659fds-assets-353545917793-us-east-1,0.0000013076,,,USD,0.0000000000,0.0000000000,0.0000000000,0.0000000000,$0.000 per GB - data transfer out under the monthly global free tier,,"Amazon Web Services, Inc.",Amazon Simple Storage Service,,,,,,,,,,,,,,,,,,,,,,,,,,US East (N. Virginia),AWS Region,us-east-1,,,,,,,,,,,,,,,,,,,,,,,,,,,,,,,,,Data Transfer,,,,us-east-1,,,,,,AWSDataTransfer,AWS Data Transfer,HQEH3ZWJVT46JHRG,,,,,,External,Other,,AWS Outbound,,DataTransfer-Out-Bytes,,,,,,HQEH3ZWJVT46JHRG.A429C66SYZ.6YS6EN2CT7,200603099514,USD,0.0000001177,0.0900000000,,GB,,,,,,,,,,21100991773,,,,,,,,,,,,,,,
gulnytd6fzv5ofbbexb5hxnf3kvli77ooshmvzdktyolenf6xueq,2026-02-01T00:00:00Z/2026-03-01T00:00:00Z,,"Amazon Web Services, Inc.",AWS,Anniversary,595673262386,2026-02-01T00:00:00Z,2026-03-01T00:00:00Z,353545917793,Usage,2026-02-02T05:00:00Z,2026-02-02T11:00:00Z,AmazonS3,DataTransfer-Out-Bytes,ReadLocation,,cf-templates-mriqnk830h6e-us-east-1,0.0000013076,,,USD,0.0000000000,0.0000000000,0.0000000000,0.0000000000,$0.000 per GB - data transfer out under the monthly global free tier,,"Amazon Web Services, Inc.",Amazon Simple Storage Service,,,,,,,,,,,,,,,,,,,,,,,,,,US East (N. Virginia),AWS Region,us-east-1,,,,,,,,,,,,,,,,,,,,,,,,,,,,,,,,,Data Transfer,,,,us-east-1,,,,,,AWSDataTransfer,AWS Data Transfer,HQEH3ZWJVT46JHRG,,,,,,External,Other,,AWS Outbound,,DataTransfer-Out-Bytes,,,,,,HQEH3ZWJVT46JHRG.A429C66SYZ.6YS6EN2CT7,200603099514,USD,0.0000001177,0.0900000000,,GB,,,,,,,,,,21100991773,,,,,,,,,,,,,,,
vzg5owcgdauz3sjhptpwve5geay5jzknj7u6vkh46mbhq2udb3hq,2026-02-01T00:00:00Z/2026-03-01T00:00:00Z,,"Amazon Web Services, Inc.",AWS,Anniversary,595673262386,2026-02-01T00:00:00Z,2026-03-01T00:00:00Z,353545917793,Usage,2026-02-02T05:00:00Z,2026-02-02T11:00:00Z,AmazonS3,DataTransfer-Out-Bytes,ReadLocation,,clamvetesting,0.0000013076,,,USD,0.0000000000,0.0000000000,0.0000000000,0.0000000000,$0.000 per GB - data transfer out under the monthly global free tier,,"Amazon Web Services, Inc.",Amazon Simple Storage Service,,,,,,,,,,,,,,,,,,,,,,,,,,US East (N. Virginia),AWS Region,us-east-1,,,,,,,,,,,,,,,,,,,,,,,,,,,,,,,,,Data Transfer,,,,us-east-1,,,,,,AWSDataTransfer,AWS Data Transfer,HQEH3ZWJVT46JHRG,,,,,,External,Other,,AWS Outbound,,DataTransfer-Out-Bytes,,,,,,HQEH3ZWJVT46JHRG.A429C66SYZ.6YS6EN2CT7,200603099514,USD,0.0000001177,0.0900000000,,GB,,,,,,,,,,21100991773,,,,,,,,,,,,,,,
j3etvswjqohe4nczgradktng56lmfemni56l4p7ha3bkwwrpycfq,2026-02-01T00:00:00Z/2026-03-01T00:00:00Z,,"Amazon Web Services, Inc.",AWS,Anniversary,595673262386,2026-02-01T00:00:00Z,2026-03-01T00:00:00Z,353545917793,Usage,2026-02-02T05:00:00Z,2026-02-02T11:00:00Z,AmazonS3,DataTransfer-Out-Bytes,ReadLocation,,s3stack-userfileuploadbucket259f036a-chaih9c8simy,0.0000012071,,,USD,0.0000000000,0.0000000000,0.0000000000,0.0000000000,$0.000 per GB - data transfer out under the monthly global free tier,,"Amazon Web Services, Inc.",Amazon Simple Storage Service,,,,,,,,,,,,,,,,,,,,,,,,,,US East (N. Virginia),AWS Region,us-east-1,,,,,,,,,,,,,,,,,,,,,,,,,,,,,,,,,Data Transfer,,,,us-east-1,,,,,,AWSDataTransfer,AWS Data Transfer,HQEH3ZWJVT46JHRG,,,,,,External,Other,,AWS Outbound,,DataTransfer-Out-Bytes,,,,,,HQEH3ZWJVT46JHRG.A429C66SYZ.6YS6EN2CT7,200603099514,USD,0.0000001086,0.0900000000,,GB,,,,,,,,,,21100991773,,,,,,,,,,,,,,,
rvvohamniiw4i4sfkhi4dhauuh2dxjn7mywi355zc24mdxkmfirq,2026-02-01T00:00:00Z/2026-03-01T00:00:00Z,,"Amazon Web Services, Inc.",AWS,Anniversary,595673262386,2026-02-01T00:00:00Z,2026-03-01T00:00:00Z,353545917793,Usage,2026-02-02T05:00:00Z,2026-02-02T11:00:00Z,AmazonS3,DataTransfer-Out-Bytes,ReadLocation,,s3stack-userfileuploadbucket259f036a-cvai8i4ebi48,0.0000012071,,,USD,0.0000000000,0.0000000000,0.0000000000,0.0000000000,$0.000 per GB - data transfer out under the monthly global free tier,,"Amazon Web Services, Inc.",Amazon Simple Storage Service,,,,,,,,,,,,,,,,,,,,,,,,,,US East (N. Virginia),AWS Region,us-east-1,,,,,,,,,,,,,,,,,,,,,,,,,,,,,,,,,Data Transfer,,,,us-east-1,,,,,,AWSDataTransfer,AWS Data Transfer,HQEH3ZWJVT46JHRG,,,,,,External,Other,,AWS Outbound,,DataTransfer-Out-Bytes,,,,,,HQEH3ZWJVT46JHRG.A429C66SYZ.6YS6EN2CT7,200603099514,USD,0.0000001086,0.0900000000,,GB,,,,,,,,,,21100991773,,,,,,,,,,,,,,,
uydw7w4jflshz2njdo4ipwdlpwqkzrorea3geougpqssoqpf2ixq,2026-02-01T00:00:00Z/2026-03-01T00:00:00Z,,"Amazon Web Services, Inc.",AWS,Anniversary,595673262386,2026-02-01T00:00:00Z,2026-03-01T00:00:00Z,353545917793,Usage,2026-02-02T05:00:00Z,2026-02-02T11:00:00Z,AmazonS3,DataTransfer-Out-Bytes,ReadLocation,,s3stack-userfileuploadbucket259f036a-t2pshphenoat,0.0000011065,,,USD,0.0000000000,0.0000000000,0.0000000000,0.0000000000,$0.000 per GB - data transfer out under the monthly global free tier,,"Amazon Web Services, Inc.",Amazon Simple Storage Service,,,,,,,,,,,,,,,,,,,,,,,,,,US East (N. Virginia),AWS Region,us-east-1,,,,,,,,,,,,,,,,,,,,,,,,,,,,,,,,,Data Transfer,,,,us-east-1,,,,,,AWSDataTransfer,AWS Data Transfer,HQEH3ZWJVT46JHRG,,,,,,External,Other,,AWS Outbound,,DataTransfer-Out-Bytes,,,,,,HQEH3ZWJVT46JHRG.A429C66SYZ.6YS6EN2CT7,200603099514,USD,0.0000000996,0.0900000000,,GB,,,,,,,,,,21100991773,,,,,,,,,,,,,,,
o6cjjicszu2vvdeyyleu46yublqpslwf3oyj2pxbbcskteaizgna,2026-02-01T00:00:00Z/2026-03-01T00:00:00Z,,"Amazon Web Services, Inc.",AWS,Anniversary,595673262386,2026-02-01T00:00:00Z,2026-03-01T00:00:00Z,353545917793,Usage,2026-02-02T05:00:00Z,2026-02-02T11:00:00Z,AmazonS3,DataTransfer-Out-Bytes,ReadLocation,,s3stack-userfileuploadbucketprod5670d977-0jbwxg2hpndi,0.0000011065,,,USD,0.0000000000,0.0000000000,0.0000000000,0.0000000000,$0.000 per GB - data transfer out under the monthly global free tier,,"Amazon Web Services, Inc.",Amazon Simple Storage Service,,,,,,,,,,,,,,,,,,,,,,,,,,US East (N. Virginia),AWS Region,us-east-1,,,,,,,,,,,,,,,,,,,,,,,,,,,,,,,,,Data Transfer,,,,us-east-1,,,,,,AWSDataTransfer,AWS Data Transfer,HQEH3ZWJVT46JHRG,,,,,,External,Other,,AWS Outbound,,DataTransfer-Out-Bytes,,,,,,HQEH3ZWJVT46JHRG.A429C66SYZ.6YS6EN2CT7,200603099514,USD,0.0000000996,0.0900000000,,GB,,,,,,,,,,21100991773,,,,,,,,,,,,,,,
72hn6wor3f7vyj7lgfylhldxeb33kpfypezudndfnvdtricaqona,2026-02-01T00:00:00Z/2026-03-01T00:00:00Z,,"Amazon Web Services, Inc.",AWS,Anniversary,595673262386,2026-02-01T00:00:00Z,2026-03-01T00:00:00Z,353545917793,Usage,2026-02-02T05:00:00Z,2026-02-02T11:00:00Z,AmazonS3,DataTransfer-Out-Bytes,ReadLocation,,s3stack-userfileuploadbucketprod5670d977-ecza5r7vv7rq,0.0000011065,,,USD,0.0000000000,0.0000000000,0.0000000000,0.0000000000,$0.000 per GB - data transfer out under the monthly global free tier,,"Amazon Web Services, Inc.",Amazon Simple Storage Service,,,,,,,,,,,,,,,,,,,,,,,,,,US East (N. Virginia),AWS Region,us-east-1,,,,,,,,,,,,,,,,,,,,,,,,,,,,,,,,,Data Transfer,,,,us-east-1,,,,,,AWSDataTransfer,AWS Data Transfer,HQEH3ZWJVT46JHRG,,,,,,External,Other,,AWS Outbound,,DataTransfer-Out-Bytes,,,,,,HQEH3ZWJVT46JHRG.A429C66SYZ.6YS6EN2CT7,200603099514,USD,0.0000000996,0.0900000000,,GB,,,,,,,,,,21100991773,,,,,,,,,,,,,,,
u5qqbdbl46t5fondtvvfq5dq3wa2hqezfcvzuewiufkm3kmjvlfa,2026-02-01T00:00:00Z/2026-03-01T00:00:00Z,,"Amazon Web Services, Inc.",AWS,Anniversary,595673262386,2026-02-01T00:00:00Z,2026-03-01T00:00:00Z,353545917793,Usage,2026-02-02T05:00:00Z,2026-02-02T11:00:00Z,AmazonS3,DataTransfer-Out-Bytes,ReadLocation,,s3stack-userfileuploadbucketprod5670d977-iprqpeeueqvb,0.0000011065,,,USD,0.0000000000,0.0000000000,0.0000000000,0.0000000000,$0.000 per GB - data transfer out under the monthly global free tier,,"Amazon Web Services, Inc.",Amazon Simple Storage Service,,,,,,,,,,,,,,,,,,,,,,,,,,US East (N. Virginia),AWS Region,us-east-1,,,,,,,,,,,,,,,,,,,,,,,,,,,,,,,,,Data Transfer,,,,us-east-1,,,,,,AWSDataTransfer,AWS Data Transfer,HQEH3ZWJVT46JHRG,,,,,,External,Other,,AWS Outbound,,DataTransfer-Out-Bytes,,,,,,HQEH3ZWJVT46JHRG.A429C66SYZ.6YS6EN2CT7,200603099514,USD,0.0000000996,0.0900000000,,GB,,,,,,,,,,21100991773,,,,,,,,,,,,,,,
eihyqynvp7ddwa3f3hyia7xghvdmkbvcrfm3j4rhenp7lt7ya54q,2026-02-01T00:00:00Z/2026-03-01T00:00:00Z,,"Amazon Web Services, Inc.",AWS,Anniversary,595673262386,2026-02-01T00:00:00Z,2026-03-01T00:00:00Z,353545917793,Usage,2026-02-02T05:00:00Z,2026-02-02T11:00:00Z,AmazonS3,DataTransfer-Out-Bytes,ReadLocation,,s3stack-userfileuploadbucketuat0d968125-kwupvued1h9p,0.0000011065,,,USD,0.0000000000,0.0000000000,0.0000000000,0.0000000000,$0.000 per GB - data transfer out under the monthly global free tier,,"Amazon Web Services, Inc.",Amazon Simple Storage Service,,,,,,,,,,,,,,,,,,,,,,,,,,US East (N. Virginia),AWS Region,us-east-1,,,,,,,,,,,,,,,,,,,,,,,,,,,,,,,,,Data Transfer,,,,us-east-1,,,,,,AWSDataTransfer,AWS Data Transfer,HQEH3ZWJVT46JHRG,,,,,,External,Other,,AWS Outbound,,DataTransfer-Out-Bytes,,,,,,HQEH3ZWJVT46JHRG.A429C66SYZ.6YS6EN2CT7,200603099514,USD,0.0000000996,0.0900000000,,GB,,,,,,,,,,21100991773,,,,,,,,,,,,,,,
bgfu35tbbzg5kr77paxlixkyhttizsc6we4wqbwklple7zholpsa,2026-02-01T00:00:00Z/2026-03-01T00:00:00Z,,"Amazon Web Services, Inc.",AWS,Anniversary,595673262386,2026-02-01T00:00:00Z,2026-03-01T00:00:00Z,353545917793,Usage,2026-02-02T05:00:00Z,2026-02-02T11:00:00Z,AmazonS3,DataTransfer-Out-Bytes,ReadLocation,,s3stack-userfileuploadbucketuat0d968125-m711acws3g6k,0.0000011065,,,USD,0.0000000000,0.0000000000,0.0000000000,0.0000000000,$0.000 per GB - data transfer out under the monthly global free tier,,"Amazon Web Services, Inc.",Amazon Simple Storage Service,,,,,,,,,,,,,,,,,,,,,,,,,,US East (N. Virginia),AWS Region,us-east-1,,,,,,,,,,,,,,,,,,,,,,,,,,,,,,,,,Data Transfer,,,,us-east-1,,,,,,AWSDataTransfer,AWS Data Transfer,HQEH3ZWJVT46JHRG,,,,,,External,Other,,AWS Outbound,,DataTransfer-Out-Bytes,,,,,,HQEH3ZWJVT46JHRG.A429C66SYZ.6YS6EN2CT7,200603099514,USD,0.0000000996,0.0900000000,,GB,,,,,,,,,,21100991773,,,,,,,,,,,,,,,
gpyc27trtchzzyio3yhjkghhndlyxke3szeaysypx5yqw5v7guja,2026-02-01T00:00:00Z/2026-03-01T00:00:00Z,,"Amazon Web Services, Inc.",AWS,Anniversary,595673262386,2026-02-01T00:00:00Z,2026-03-01T00:00:00Z,353545917793,Usage,2026-02-02T05:00:00Z,2026-02-02T11:00:00Z,AmazonS3,DataTransfer-Out-Bytes,ReadLocation,,s3stack-userfileuploadbucketuat0d968125-qm7hoipk0grv,0.0000011065,,,USD,0.0000000000,0.0000000000,0.0000000000,0.0000000000,$0.000 per GB - data transfer out under the monthly global free tier,,"Amazon Web Services, Inc.",Amazon Simple Storage Service,,,,,,,,,,,,,,,,,,,,,,,,,,US East (N. Virginia),AWS Region,us-east-1,,,,,,,,,,,,,,,,,,,,,,,,,,,,,,,,,Data Transfer,,,,us-east-1,,,,,,AWSDataTransfer,AWS Data Transfer,HQEH3ZWJVT46JHRG,,,,,,External,Other,,AWS Outbound,,DataTransfer-Out-Bytes,,,,,,HQEH3ZWJVT46JHRG.A429C66SYZ.6YS6EN2CT7,200603099514,USD,0.0000000996,0.0900000000,,GB,,,,,,,,,,21100991773,,,,,,,,,,,,,,,
kudqu7mazp3g6ctqnspwclqlythqqbvpzp7qpfsjv7vm5357j24q,2026-02-01T00:00:00Z/2026-03-01T00:00:00Z,,"Amazon Web Services, Inc.",AWS,Anniversary,595673262386,2026-02-01T00:00:00Z,2026-03-01T00:00:00Z,353545917793,Usage,2026-02-02T08:00:00Z,2026-02-02T09:00:00Z,AWSQueueService,EUW3-Requests-Tier1,List,,,2.0000000000,,,USD,0.0000000000,0.0000000000,0.0000000000,0.0000000000,"First 1,000,000 Amazon SQS Requests per month are free",,"Amazon Web Services, Inc.",Amazon Simple Queue Service,,,,,,,,,,,,,,,,,,,,,,,,,,,,,,SQS-APIRequest-Tier1,Amazon SQS Requests,,,,,,,,,EU (Paris),AWS Region,,,,,,,At Least Once,Not Guaranteed,,,,,,,,,,,,API Request,,Standard,,eu-west-3,eu-west-3,,,,,AWSQueueService,Amazon Simple Queue Service,HSP76GSZN55FQXBC,,,,,,,,,,,EUW3-Requests-Tier1,,,,,,HSP76GSZN55FQXBC.A429C66SYZ.6YS6EN2CT7,231387327409,USD,0.0000008000,0.0000004000,,Requests,,,,,,,,,,21100991765,,,,,,,,,,,,,,,
4custrwf6ml5q6q7xlwbj552odj65mozmh6pysdn3ybumeztktia,2026-02-01T00:00:00Z/2026-03-01T00:00:00Z,,"Amazon Web Services, Inc.",AWS,Anniversary,595673262386,2026-02-01T00:00:00Z,2026-03-01T00:00:00Z,353545917793,Usage,2026-02-02T06:00:00Z,2026-02-02T11:00:00Z,AWSLambda,USW2-DataTransfer-In-Bytes,Invoke,,,0.0067657922,,,USD,0.0000000000,0.0000000000,0.0000000000,0.0000000000,$0.000 per GB - data transfer in per month,,"Amazon Web Services, Inc.",AWS Lambda,,,,,,,,,,,,,,,,,,,,,,,,,,External,Other,,,,,,,,,,,,,,,,,,,,,,,,,,,,,,,,,,Data Transfer,,,,us-west-2,,,,,,AWSDataTransfer,AWS Data Transfer,HSRFWQ3TJGWVZ2EK,,,,,,US West (Oregon),AWS Region,us-west-2,AWS Inbound,,USW2-DataTransfer-In-Bytes,,,,,,HSRFWQ3TJGWVZ2EK.JRTCKXETXF.6YS6EN2CT7,200619071925,USD,0.0000000000,0.0000000000,OnDemand,GB,,,,,,,,,,21100991773,,,,,,,,,,,,,,,
bgxmo55s7khhcyiieby7hpfco7la54ilpelmsbabprhcok56s4hq,2026-02-01T00:00:00Z/2026-03-01T00:00:00Z,,"Amazon Web Services, Inc.",AWS,Anniversary,595673262386,2026-02-01T00:00:00Z,2026-03-01T00:00:00Z,353545917793,Usage,2026-02-01T00:00:00Z,2026-02-01T20:00:00Z,AmazonEC2,USW2-DataTransfer-In-Bytes,RunInstances,,i-002ddab9222dfe0bc,0.0011733046,,,USD,0.0000000000,0.0000000000,0.0000000000,0.0000000000,$0.000 per GB - data transfer in per month,,"Amazon Web Services, Inc.",Amazon Elastic Compute Cloud,,,,,,,,,,,,,,,,,,,,,,,,,,External,Other,,,,,,,,,,,,,,,,,,,,,,,,,,,,,,,,,,Data Transfer,,,,us-west-2,,,,,,AWSDataTransfer,AWS Data Transfer,HSRFWQ3TJGWVZ2EK,,,,,,US West (Oregon),AWS Region,us-west-2,AWS Inbound,,USW2-DataTransfer-In-Bytes,,,,,,HSRFWQ3TJGWVZ2EK.JRTCKXETXF.6YS6EN2CT7,200619071925,USD,0.0000000000,0.0000000000,OnDemand,GB,,,,,,,,,,21100991773,,,,,,,,,,,,,,,
qqjo4exoabp4q345vgy5obxh3wy6bnsn2tdzhtgxiwhsflm6z77a,2026-02-01T00:00:00Z/2026-03-01T00:00:00Z,,"Amazon Web Services, Inc.",AWS,Anniversary,595673262386,2026-02-01T00:00:00Z,2026-03-01T00:00:00Z,353545917793,Usage,2026-02-01T19:00:00Z,2026-02-01T21:00:00Z,AmazonEC2,USW2-DataTransfer-In-Bytes,RunInstances,,i-027fb26adbe5ed18f,0.0007613506,,,USD,0.0000000000,0.0000000000,0.0000000000,0.0000000000,$0.000 per GB - data transfer in per month,,"Amazon Web Services, Inc.",Amazon Elastic Compute Cloud,,,,,,,,,,,,,,,,,,,,,,,,,,External,Other,,,,,,,,,,,,,,,,,,,,,,,,,,,,,,,,,,Data Transfer,,,,us-west-2,,,,,,AWSDataTransfer,AWS Data Transfer,HSRFWQ3TJGWVZ2EK,,,,,,US West (Oregon),AWS Region,us-west-2,AWS Inbound,,USW2-DataTransfer-In-Bytes,,,,,,HSRFWQ3TJGWVZ2EK.JRTCKXETXF.6YS6EN2CT7,200619071925,USD,0.0000000000,0.0000000000,OnDemand,GB,,,,,,,,,,21100991773,,,,,,,,,,,,,,,
7fy7smfte324occnnmxv5v5xxabyrgiumgz2mmt2qxi7y4n2qa7q,2026-02-01T00:00:00Z/2026-03-01T00:00:00Z,,"Amazon Web Services, Inc.",AWS,Anniversary,595673262386,2026-02-01T00:00:00Z,2026-03-01T00:00:00Z,353545917793,Usage,2026-02-01T20:00:00Z,2026-02-02T11:00:00Z,AmazonEC2,USW2-DataTransfer-In-Bytes,RunInstances,,i-03dcf6b74c7efc8a2,1.5438486514,,,USD,0.0000000000,0.0000000000,0.0000000000,0.0000000000,$0.000 per GB - data transfer in per month,,"Amazon Web Services, Inc.",Amazon Elastic Compute Cloud,,,,,,,,,,,,,,,,,,,,,,,,,,External,Other,,,,,,,,,,,,,,,,,,,,,,,,,,,,,,,,,,Data Transfer,,,,us-west-2,,,,,,AWSDataTransfer,AWS Data Transfer,HSRFWQ3TJGWVZ2EK,,,,,,US West (Oregon),AWS Region,us-west-2,AWS Inbound,,USW2-DataTransfer-In-Bytes,,,,,,HSRFWQ3TJGWVZ2EK.JRTCKXETXF.6YS6EN2CT7,200619071925,USD,0.0000000000,0.0000000000,OnDemand,GB,,,,,,,,,,21100991773,,,,,,,,,,,,,,,
qq3k4n3oyqf64g463kxaem6wdhnigamvw2lnaitiuxk5vtnrlcqa,2026-02-01T00:00:00Z/2026-03-01T00:00:00Z,,"Amazon Web Services, Inc.",AWS,Anniversary,595673262386,2026-02-01T00:00:00Z,2026-03-01T00:00:00Z,353545917793,Usage,2026-02-01T19:00:00Z,2026-02-01T21:00:00Z,AmazonEC2,USW2-DataTransfer-In-Bytes,RunInstances,,i-059b0e7dc012d0824,0.5619611751,,,USD,0.0000000000,0.0000000000,0.0000000000,0.0000000000,$0.000 per GB - data transfer in per month,,"Amazon Web Services, Inc.",Amazon Elastic Compute Cloud,,,,,,,,,,,,,,,,,,,,,,,,,,External,Other,,,,,,,,,,,,,,,,,,,,,,,,,,,,,,,,,,Data Transfer,,,,us-west-2,,,,,,AWSDataTransfer,AWS Data Transfer,HSRFWQ3TJGWVZ2EK,,,,,,US West (Oregon),AWS Region,us-west-2,AWS Inbound,,USW2-DataTransfer-In-Bytes,,,,,,HSRFWQ3TJGWVZ2EK.JRTCKXETXF.6YS6EN2CT7,200619071925,USD,0.0000000000,0.0000000000,OnDemand,GB,,,,,,,,,,21100991773,,,,,,,,,,,,,,,
z5cmgpaztj5pepojjfr75xzsf45damcehmmwi5ed47hufg7em73a,2026-02-01T00:00:00Z/2026-03-01T00:00:00Z,,"Amazon Web Services, Inc.",AWS,Anniversary,595673262386,2026-02-01T00:00:00Z,2026-03-01T00:00:00Z,353545917793,Usage,2026-02-01T00:00:00Z,2026-02-02T11:00:00Z,AmazonEC2,USW2-DataTransfer-In-Bytes,RunInstances,,i-0737636d2e5d8a31c,0.0020174277,,,USD,0.0000000000,0.0000000000,0.0000000000,0.0000000000,$0.000 per GB - data transfer in per month,,"Amazon Web Services, Inc.",Amazon Elastic Compute Cloud,,,,,,,,,,,,,,,,,,,,,,,,,,External,Other,,,,,,,,,,,,,,,,,,,,,,,,,,,,,,,,,,Data Transfer,,,,us-west-2,,,,,,AWSDataTransfer,AWS Data Transfer,HSRFWQ3TJGWVZ2EK,,,,,,US West (Oregon),AWS Region,us-west-2,AWS Inbound,,USW2-DataTransfer-In-Bytes,,,,,,HSRFWQ3TJGWVZ2EK.JRTCKXETXF.6YS6EN2CT7,200619071925,USD,0.0000000000,0.0000000000,OnDemand,GB,,,,,,,,,,21100991773,,,,,,,,,,,,,,,
v4h4ygcscb4vsgnps3hs5y2rsa5eumb5eyav3xewcky5gwncirka,2026-02-01T00:00:00Z/2026-03-01T00:00:00Z,,"Amazon Web Services, Inc.",AWS,Anniversary,595673262386,2026-02-01T00:00:00Z,2026-03-01T00:00:00Z,353545917793,Usage,2026-02-01T00:00:00Z,2026-02-02T11:00:00Z,AmazonEC2,USW2-DataTransfer-In-Bytes,RunInstances,,i-0ad0d864464631aea,0.0015225637,,,USD,0.0000000000,0.0000000000,0.0000000000,0.0000000000,$0.000 per GB - data transfer in per month,,"Amazon Web Services, Inc.",Amazon Elastic Compute Cloud,,,,,,,,,,,,,,,,,,,,,,,,,,External,Other,,,,,,,,,,,,,,,,,,,,,,,,,,,,,,,,,,Data Transfer,,,,us-west-2,,,,,,AWSDataTransfer,AWS Data Transfer,HSRFWQ3TJGWVZ2EK,,,,,,US West (Oregon),AWS Region,us-west-2,AWS Inbound,,USW2-DataTransfer-In-Bytes,,,,,,HSRFWQ3TJGWVZ2EK.JRTCKXETXF.6YS6EN2CT7,200619071925,USD,0.0000000000,0.0000000000,OnDemand,GB,,,,,,,,,,21100991773,,,,,,,,,,,,,,,
4v2rtpx55tjvijgclwrnysaqupp7eq5vd5tomcbp44skd3z5byfq,2026-02-01T00:00:00Z/2026-03-01T00:00:00Z,,"Amazon Web Services, Inc.",AWS,Anniversary,595673262386,2026-02-01T00:00:00Z,2026-03-01T00:00:00Z,353545917793,Usage,2026-02-01T00:00:00Z,2026-02-02T11:00:00Z,AmazonEC2,USW2-DataTransfer-In-Bytes,RunInstances,,i-0b76fb544c7e81b35,0.0053806725,,,USD,0.0000000000,0.0000000000,0.0000000000,0.0000000000,$0.000 per GB - data transfer in per month,,"Amazon Web Services, Inc.",Amazon Elastic Compute Cloud,,,,,,,,,,,,,,,,,,,,,,,,,,External,Other,,,,,,,,,,,,,,,,,,,,,,,,,,,,,,,,,,Data Transfer,,,,us-west-2,,,,,,AWSDataTransfer,AWS Data Transfer,HSRFWQ3TJGWVZ2EK,,,,,,US West (Oregon),AWS Region,us-west-2,AWS Inbound,,USW2-DataTransfer-In-Bytes,,,,,,HSRFWQ3TJGWVZ2EK.JRTCKXETXF.6YS6EN2CT7,200619071925,USD,0.0000000000,0.0000000000,OnDemand,GB,,,,,,,,,,21100991773,,,,,,,,,,,,,,,
vawqfup6k27abcqidvkrwrbpcekp4zfnofbtu74irhk47aooxdwq,2026-02-01T00:00:00Z/2026-03-01T00:00:00Z,,"Amazon Web Services, Inc.",AWS,Anniversary,595673262386,2026-02-01T00:00:00Z,2026-03-01T00:00:00Z,353545917793,Usage,2026-02-01T00:00:00Z,2026-02-01T20:00:00Z,AmazonEC2,USW2-DataTransfer-In-Bytes,RunInstances,,i-0b9d34c5972a322eb,0.0012373599,,,USD,0.0000000000,0.0000000000,0.0000000000,0.0000000000,$0.000 per GB - data transfer in per month,,"Amazon Web Services, Inc.",Amazon Elastic Compute Cloud,,,,,,,,,,,,,,,,,,,,,,,,,,External,Other,,,,,,,,,,,,,,,,,,,,,,,,,,,,,,,,,,Data Transfer,,,,us-west-2,,,,,,AWSDataTransfer,AWS Data Transfer,HSRFWQ3TJGWVZ2EK,,,,,,US West (Oregon),AWS Region,us-west-2,AWS Inbound,,USW2-DataTransfer-In-Bytes,,,,,,HSRFWQ3TJGWVZ2EK.JRTCKXETXF.6YS6EN2CT7,200619071925,USD,0.0000000000,0.0000000000,OnDemand,GB,,,,,,,,,,21100991773,,,,,,,,,,,,,,,
vds5snhtj62pcadvqnwsntia5jh4fvnomgetm52qljlfvvzf35kq,2026-02-01T00:00:00Z/2026-03-01T00:00:00Z,,"Amazon Web Services, Inc.",AWS,Anniversary,595673262386,2026-02-01T00:00:00Z,2026-03-01T00:00:00Z,353545917793,Usage,2026-02-01T00:00:00Z,2026-02-02T11:00:00Z,AmazonEC2,USW2-DataTransfer-In-Bytes,RunInstances,,i-0ee8635d596bf3d8b,0.0030605965,,,USD,0.0000000000,0.0000000000,0.0000000000,0.0000000000,$0.000 per GB - data transfer in per month,,"Amazon Web Services, Inc.",Amazon Elastic Compute Cloud,,,,,,,,,,,,,,,,,,,,,,,,,,External,Other,,,,,,,,,,,,,,,,,,,,,,,,,,,,,,,,,,Data Transfer,,,,us-west-2,,,,,,AWSDataTransfer,AWS Data Transfer,HSRFWQ3TJGWVZ2EK,,,,,,US West (Oregon),AWS Region,us-west-2,AWS Inbound,,USW2-DataTransfer-In-Bytes,,,,,,HSRFWQ3TJGWVZ2EK.JRTCKXETXF.6YS6EN2CT7,200619071925,USD,0.0000000000,0.0000000000,OnDemand,GB,,,,,,,,,,21100991773,,,,,,,,,,,,,,,
xunc6pd4kgaxsz7vxjx3qkxtegcxrauu23ba2cibarriqcqyg5aq,2026-02-01T00:00:00Z/2026-03-01T00:00:00Z,,"Amazon Web Services, Inc.",AWS,Anniversary,595673262386,2026-02-01T00:00:00Z,2026-03-01T00:00:00Z,353545917793,Usage,2026-02-01T00:00:00Z,2026-02-02T11:00:00Z,AmazonRDS,USW2-DataTransfer-In-Bytes,Not Applicable,,arn:aws:rds:us-west-2:353545917793:db:postgres-instance,0.0005118341,,,USD,0.0000000000,0.0000000000,0.0000000000,0.0000000000,$0.000 per GB - data transfer in per month,,"Amazon Web Services, Inc.",Amazon Relational Database Service,,,,,,,,,,,,,,,,,,,,,,,,,,External,Other,,,,,,,,,,,,,,,,,,,,,,,,,,,,,,,,,,Data Transfer,,,,us-west-2,,,,,,AWSDataTransfer,AWS Data Transfer,HSRFWQ3TJGWVZ2EK,,,,,,US West (Oregon),AWS Region,us-west-2,AWS Inbound,,USW2-DataTransfer-In-Bytes,,,,,,HSRFWQ3TJGWVZ2EK.JRTCKXETXF.6YS6EN2CT7,200619071925,USD,0.0000000000,0.0000000000,OnDemand,GB,,,,,,,,,,21100991773,,,,,,,,,,,,,,,
tbav7mlv6b433vljtnnp6c3ehyb7nbhqjx5lv2ca3cna7blee32a,2026-02-01T00:00:00Z/2026-03-01T00:00:00Z,,"Amazon Web Services, Inc.",AWS,Anniversary,595673262386,2026-02-01T00:00:00Z,2026-03-01T00:00:00Z,353545917793,Usage,2026-02-01T00:00:00Z,2026-02-02T11:00:00Z,AmazonRDS,USW2-DataTransfer-In-Bytes,Not Applicable,,arn:aws:rds:us-west-2:353545917793:db:prod-postgres-instance,0.0000731875,,,USD,0.0000000000,0.0000000000,0.0000000000,0.0000000000,$0.000 per GB - data transfer in per month,,"Amazon Web Services, Inc.",Amazon Relational Database Service,,,,,,,,,,,,,,,,,,,,,,,,,,External,Other,,,,,,,,,,,,,,,,,,,,,,,,,,,,,,,,,,Data Transfer,,,,us-west-2,,,,,,AWSDataTransfer,AWS Data Transfer,HSRFWQ3TJGWVZ2EK,,,,,,US West (Oregon),AWS Region,us-west-2,AWS Inbound,,USW2-DataTransfer-In-Bytes,,,,,,HSRFWQ3TJGWVZ2EK.JRTCKXETXF.6YS6EN2CT7,200619071925,USD,0.0000000000,0.0000000000,OnDemand,GB,,,,,,,,,,21100991773,,,,,,,,,,,,,,,
ictcwbuxjatyny3g7pford4zqetyrgdr6pm4a3xoa4mbk2ybrt3a,2026-02-01T00:00:00Z/2026-03-01T00:00:00Z,,"Amazon Web Services, Inc.",AWS,Anniversary,595673262386,2026-02-01T00:00:00Z,2026-03-01T00:00:00Z,353545917793,Usage,2026-02-01T18:00:00Z,2026-02-01T19:00:00Z,AmazonS3,USW2-DataTransfer-In-Bytes,PutObject,,cdk-hnb659fds-assets-353545917793-us-west-2,0.0000859136,,,USD,0.0000000000,0.0000000000,0.0000000000,0.0000000000,$0.000 per GB - data transfer in per month,,"Amazon Web Services, Inc.",Amazon Simple Storage Service,,,,,,,,,,,,,,,,,,,,,,,,,,External,Other,,,,,,,,,,,,,,,,,,,,,,,,,,,,,,,,,,Data Transfer,,,,us-west-2,,,,,,AWSDataTransfer,AWS Data Transfer,HSRFWQ3TJGWVZ2EK,,,,,,US West (Oregon),AWS Region,us-west-2,AWS Inbound,,USW2-DataTransfer-In-Bytes,,,,,,HSRFWQ3TJGWVZ2EK.JRTCKXETXF.6YS6EN2CT7,200619071925,USD,0.0000000000,0.0000000000,OnDemand,GB,,,,,,,,,,21100991773,,,,,,,,,,,,,,,
pwaqzzn2nhdixbx2tiki5cc57mo2jdzhsrtdkbwrshd34b5ohgta,2026-02-01T00:00:00Z/2026-03-01T00:00:00Z,,"Amazon Web Services, Inc.",AWS,Anniversary,595673262386,2026-02-01T00:00:00Z,2026-03-01T00:00:00Z,353545917793,Usage,2026-02-02T07:00:00Z,2026-02-02T08:00:00Z,AmazonS3,USW2-DataTransfer-In-Bytes,PutObject,,model-usage-sindh-obudsman,0.0000997223,,,USD,0.0000000000,0.0000000000,0.0000000000,0.0000000000,$0.000 per GB - data transfer in per month,,"Amazon Web Services, Inc.",Amazon Simple Storage Service,,,,,,,,,,,,,,,,,,,,,,,,,,External,Other,,,,,,,,,,,,,,,,,,,,,,,,,,,,,,,,,,Data Transfer,,,,us-west-2,,,,,,AWSDataTransfer,AWS Data Transfer,HSRFWQ3TJGWVZ2EK,,,,,,US West (Oregon),AWS Region,us-west-2,AWS Inbound,,USW2-DataTransfer-In-Bytes,,,,,,HSRFWQ3TJGWVZ2EK.JRTCKXETXF.6YS6EN2CT7,200619071925,USD,0.0000000000,0.0000000000,OnDemand,GB,,,,,,,,,,21100991773,,,,,,,,,,,,,,,
2fiykbvtcr74cf74rxi23f5yexkyf4r2r2uwhtyu2apakf66a5nq,2026-02-01T00:00:00Z/2026-03-01T00:00:00Z,,"Amazon Web Services, Inc.",AWS,Anniversary,595673262386,2026-02-01T00:00:00Z,2026-03-01T00:00:00Z,353545917793,Usage,2026-02-02T07:00:00Z,2026-02-02T08:00:00Z,AmazonS3,USW2-DataTransfer-In-Bytes,WriteBucketServerSideEncryption,,dplit-monthly-billing-reports,0.0000002971,,,USD,0.0000000000,0.0000000000,0.0000000000,0.0000000000,$0.000 per GB - data transfer in per month,,"Amazon Web Services, Inc.",Amazon Simple Storage Service,,,,,,,,,,,,,,,,,,,,,,,,,,External,Other,,,,,,,,,,,,,,,,,,,,,,,,,,,,,,,,,,Data Transfer,,,,us-west-2,,,,,,AWSDataTransfer,AWS Data Transfer,HSRFWQ3TJGWVZ2EK,,,,,,US West (Oregon),AWS Region,us-west-2,AWS Inbound,,USW2-DataTransfer-In-Bytes,,,,,,HSRFWQ3TJGWVZ2EK.JRTCKXETXF.6YS6EN2CT7,200619071925,USD,0.0000000000,0.0000000000,OnDemand,GB,,,,,,,,,,21100991773,,,,,,,,,,,,,,,
4x5mxrbrzo6mtovf75qnby3svrywdkndinypo5zsu7nybxwdp5qq,2026-02-01T00:00:00Z/2026-03-01T00:00:00Z,,"Amazon Web Services, Inc.",AWS,Anniversary,595673262386,2026-02-01T00:00:00Z,2026-03-01T00:00:00Z,353545917793,Usage,2026-02-02T07:00:00Z,2026-02-02T08:00:00Z,AmazonS3,USW2-DataTransfer-In-Bytes,WriteBucketServerSideEncryption,,model-usage-sindh-obudsman,0.0000005942,,,USD,0.0000000000,0.0000000000,0.0000000000,0.0000000000,$0.000 per GB - data transfer in per month,,"Amazon Web Services, Inc.",Amazon Simple Storage Service,,,,,,,,,,,,,,,,,,,,,,,,,,External,Other,,,,,,,,,,,,,,,,,,,,,,,,,,,,,,,,,,Data Transfer,,,,us-west-2,,,,,,AWSDataTransfer,AWS Data Transfer,HSRFWQ3TJGWVZ2EK,,,,,,US West (Oregon),AWS Region,us-west-2,AWS Inbound,,USW2-DataTransfer-In-Bytes,,,,,,HSRFWQ3TJGWVZ2EK.JRTCKXETXF.6YS6EN2CT7,200619071925,USD,0.0000000000,0.0000000000,OnDemand,GB,,,,,,,,,,21100991773,,,,,,,,,,,,,,,
fpawry6zwe53ceidjwoeqfzs3tntoqlhfihqe45rgpm23e2zvukq,2026-02-01T00:00:00Z/2026-03-01T00:00:00Z,,"Amazon Web Services, Inc.",AWS,Anniversary,595673262386,2026-02-01T00:00:00Z,2026-03-01T00:00:00Z,353545917793,Usage,2026-02-02T09:00:00Z,2026-02-02T10:00:00Z,AmazonS3,USW2-DataTransfer-In-Bytes,WriteBucketServerSideEncryption,,s3bucketforizza,0.0000002971,,,USD,0.0000000000,0.0000000000,0.0000000000,0.0000000000,$0.000 per GB - data transfer in per month,,"Amazon Web Services, Inc.",Amazon Simple Storage Service,,,,,,,,,,,,,,,,,,,,,,,,,,External,Other,,,,,,,,,,,,,,,,,,,,,,,,,,,,,,,,,,Data Transfer,,,,us-west-2,,,,,,AWSDataTransfer,AWS Data Transfer,HSRFWQ3TJGWVZ2EK,,,,,,US West (Oregon),AWS Region,us-west-2,AWS Inbound,,USW2-DataTransfer-In-Bytes,,,,,,HSRFWQ3TJGWVZ2EK.JRTCKXETXF.6YS6EN2CT7,200619071925,USD,0.0000000000,0.0000000000,OnDemand,GB,,,,,,,,,,21100991773,,,,,,,,,,,,,,,
mbf2ba3tbb35l3feowbny6v7ggzsmh2ku6equwt6brlaq7vv6a6a,2026-02-01T00:00:00Z/2026-03-01T00:00:00Z,,"Amazon Web Services, Inc.",AWS,Anniversary,595673262386,2026-02-01T00:00:00Z,2026-03-01T00:00:00Z,353545917793,Usage,2026-02-02T07:00:00Z,2026-02-02T08:00:00Z,AmazonS3,USW2-DataTransfer-In-Bytes,WriteVersioningProps,,dplit-monthly-billing-reports,0.0000001146,,,USD,0.0000000000,0.0000000000,0.0000000000,0.0000000000,$0.000 per GB - data transfer in per month,,"Amazon Web Services, Inc.",Amazon Simple Storage Service,,,,,,,,,,,,,,,,,,,,,,,,,,External,Other,,,,,,,,,,,,,,,,,,,,,,,,,,,,,,,,,,Data Transfer,,,,us-west-2,,,,,,AWSDataTransfer,AWS Data Transfer,HSRFWQ3TJGWVZ2EK,,,,,,US West (Oregon),AWS Region,us-west-2,AWS Inbound,,USW2-DataTransfer-In-Bytes,,,,,,HSRFWQ3TJGWVZ2EK.JRTCKXETXF.6YS6EN2CT7,200619071925,USD,0.0000000000,0.0000000000,OnDemand,GB,,,,,,,,,,21100991773,,,,,,,,,,,,,,,
d7xji735nifrw3m3klq3llmydvyadewwv4pvqwv7e6axjrlkmlfa,2026-02-01T00:00:00Z/2026-03-01T00:00:00Z,,"Amazon Web Services, Inc.",AWS,Anniversary,595673262386,2026-02-01T00:00:00Z,2026-03-01T00:00:00Z,353545917793,Usage,2026-02-01T00:00:00Z,2026-02-02T11:00:00Z,AWSELB,USW2-DataTransfer-In-Bytes,LoadBalancing,,arn:aws:elasticloadbalancing:us-west-2:353545917793:loadbalancer/app/ApplicatonLB-Dev/1e9a504c1888a0ba,0.0195364221,,,USD,0.0000000000,0.0000000000,0.0000000000,0.0000000000,$0.000 per GB - data transfer in per month,,"Amazon Web Services, Inc.",Elastic Load Balancing,,,,,,,,,,,,,,,,,,,,,,,,,,External,Other,,,,,,,,,,,,,,,,,,,,,,,,,,,,,,,,,,Data Transfer,,,,us-west-2,,,,,,AWSDataTransfer,AWS Data Transfer,HSRFWQ3TJGWVZ2EK,,,,,,US West (Oregon),AWS Region,us-west-2,AWS Inbound,,USW2-DataTransfer-In-Bytes,,,,,,HSRFWQ3TJGWVZ2EK.JRTCKXETXF.6YS6EN2CT7,200619071925,USD,0.0000000000,0.0000000000,OnDemand,GB,,,,,,,,,,21100991773,,,,,,,,,,,,,,,
mwcegfyyvvewheeth6g4rro65bgs6b53vhixkj5yjj3uvnj266na,2026-02-01T00:00:00Z/2026-03-01T00:00:00Z,,"Amazon Web Services, Inc.",AWS,Anniversary,595673262386,2026-02-01T00:00:00Z,2026-03-01T00:00:00Z,353545917793,Usage,2026-02-02T05:00:00Z,2026-02-02T09:00:00Z,CodeBuild,USW2-Build-Min:Linux:g1.small,Build,,arn:aws:codebuild:us-west-2:353545917793:project/DevBackendBuildProject,10.0000000000,,,USD,0.0000000000,0.0000000000,0.0000000000,0.0000000000,AWS CodeBuild Free Tier - 100 build minutes on build.general1.small,,"Amazon Web Services, Inc.",CodeBuild,,x86-64,,,,,,,OnDemand-EC2,general1.small,,,,,,,,,,,,,,,,,,,,,,,,,,,,,,US West (Oregon),AWS Region,,,,,,3 GB,,,,,,,Linux,,,,,,,Compute,,,,us-west-2,us-west-2,,,,,CodeBuild,CodeBuild,HYXRD8W36BM4QUJH,,,,,,,,,,,USW2-Build-Min:Linux:g1.small,2,,,,,HYXRD8W36BM4QUJH.A429C66SYZ.6YS6EN2CT7,174693343772,USD,0.0500000000,0.0050000000,,minutes,,,,,,,,,,21100991837,,,,,,,,,,,,,,,
firyawkve277nl3snri4gfjfitsamg3kqiiyctjhfclzhifvnnla,2026-02-01T00:00:00Z/2026-03-01T00:00:00Z,,"Amazon Web Services, Inc.",AWS,Anniversary,595673262386,2026-02-01T00:00:00Z,2026-03-01T00:00:00Z,353545917793,Usage,2026-02-01T19:00:00Z,2026-02-01T20:00:00Z,AWSCloudFormation,USW2-Resource-Operation-Count,ProcessResourceHandlers,,arn:aws:cloudformation:us-west-2:353545917793:stack/BackendStackUat/11c151b0-b1be-11f0-a876-06b6e2af5303::BackendASGD92C784D,1.0000000000,,,USD,0.0000000000,0.0000000000,0.0000000000,0.0000000000,USD 0.0 per Operations for Resource-Invocation-Count:ProcessResourceHandlers usage,,"Amazon Web Services, Inc.",AWS CloudFormation,,,,,,,,CFN-Resource-Operation,,,,,,,,,,,,,,,,,,,,,,,,,,,,,,,,US West (Oregon),AWS Region,,,,,,,,,,,,,,ProcessResourceHandlers,,,,,,,,,,us-west-2,us-west-2,,,,,AWSCloudFormation,AWS CloudFormation,JHPRRTJT7EFVBFSN,,,,,,,,,,,USW2-Resource-Operation-Count,,,,,,JHPRRTJT7EFVBFSN.JRTCKXETXF.6YS6EN2CT7,231386624995,USD,0.0000000000,,OnDemand,Count,,,,,,,,,,21100991921,,,,,,,,,,,,,,,
3vxdhkyss6bidjaqkxwhuaoazjlncgf3egj2mbmw6xcdc6wprwiq,2026-02-01T00:00:00Z/2026-03-01T00:00:00Z,,"Amazon Web Services, Inc.",AWS,Anniversary,595673262386,2026-02-01T00:00:00Z,2026-03-01T00:00:00Z,353545917793,Usage,2026-02-01T19:00:00Z,2026-02-01T20:00:00Z,AWSCloudFormation,USW2-Resource-Operation-Count,ProcessResourceHandlers,,arn:aws:cloudformation:us-west-2:353545917793:stack/BackendStackUat/11c151b0-b1be-11f0-a876-06b6e2af5303::BackendDeployGroup39784642,1.0000000000,,,USD,0.0000000000,0.0000000000,0.0000000000,0.0000000000,USD 0.0 per Operations for Resource-Invocation-Count:ProcessResourceHandlers usage,,"Amazon Web Services, Inc.",AWS CloudFormation,,,,,,,,CFN-Resource-Operation,,,,,,,,,,,,,,,,,,,,,,,,,,,,,,,,US West (Oregon),AWS Region,,,,,,,,,,,,,,ProcessResourceHandlers,,,,,,,,,,us-west-2,us-west-2,,,,,AWSCloudFormation,AWS CloudFormation,JHPRRTJT7EFVBFSN,,,,,,,,,,,USW2-Resource-Operation-Count,,,,,,JHPRRTJT7EFVBFSN.JRTCKXETXF.6YS6EN2CT7,231386624995,USD,0.0000000000,,OnDemand,Count,,,,,,,,,,21100991921,,,,,,,,,,,,,,,
2j6bjxrjp5dbfwqzfdzeokaj535opaikob3lznjbvyfusz7qkvmq,2026-02-01T00:00:00Z/2026-03-01T00:00:00Z,,"Amazon Web Services, Inc.",AWS,Anniversary,595673262386,2026-02-01T00:00:00Z,2026-03-01T00:00:00Z,353545917793,Usage,2026-02-01T19:00:00Z,2026-02-01T20:00:00Z,AWSCloudFormation,USW2-Resource-Operation-Count,ProcessResourceHandlers,,arn:aws:cloudformation:us-west-2:353545917793:stack/BackendStackUat/11c151b0-b1be-11f0-a876-06b6e2af5303::CDKMetadata,1.0000000000,,,USD,0.0000000000,0.0000000000,0.0000000000,0.0000000000,USD 0.0 per Operations for Resource-Invocation-Count:ProcessResourceHandlers usage,,"Amazon Web Services, Inc.",AWS CloudFormation,,,,,,,,CFN-Resource-Operation,,,,,,,,,,,,,,,,,,,,,,,,,,,,,,,,US West (Oregon),AWS Region,,,,,,,,,,,,,,ProcessResourceHandlers,,,,,,,,,,us-west-2,us-west-2,,,,,AWSCloudFormation,AWS CloudFormation,JHPRRTJT7EFVBFSN,,,,,,,,,,,USW2-Resource-Operation-Count,,,,,,JHPRRTJT7EFVBFSN.JRTCKXETXF.6YS6EN2CT7,231386624995,USD,0.0000000000,,OnDemand,Count,,,,,,,,,,21100991921,,,,,,,,,,,,,,,
zhov4hclxpcbd7pp5lg7gvwkj6pyvmhk6pnwoljkuy4wckgjj2pq,2026-02-01T00:00:00Z/2026-03-01T00:00:00Z,,"Amazon Web Services, Inc.",AWS,Anniversary,595673262386,2026-02-01T00:00:00Z,2026-03-01T00:00:00Z,353545917793,Usage,2026-02-01T19:00:00Z,2026-02-01T20:00:00Z,AWSCloudFormation,USW2-Resource-Operation-Count,ProcessResourceHandlers,,arn:aws:cloudformation:us-west-2:353545917793:stack/BackendStackUat/11c151b0-b1be-11f0-a876-06b6e2af5303::UatBackendLaunchTemplate3D700ED1,1.0000000000,,,USD,0.0000000000,0.0000000000,0.0000000000,0.0000000000,USD 0.0 per Operations for Resource-Invocation-Count:ProcessResourceHandlers usage,,"Amazon Web Services, Inc.",AWS CloudFormation,,,,,,,,CFN-Resource-Operation,,,,,,,,,,,,,,,,,,,,,,,,,,,,,,,,US West (Oregon),AWS Region,,,,,,,,,,,,,,ProcessResourceHandlers,,,,,,,,,,us-west-2,us-west-2,,,,,AWSCloudFormation,AWS CloudFormation,JHPRRTJT7EFVBFSN,,,,,,,,,,,USW2-Resource-Operation-Count,,,,,,JHPRRTJT7EFVBFSN.JRTCKXETXF.6YS6EN2CT7,231386624995,USD,0.0000000000,,OnDemand,Count,,,,,,,,,,21100991921,,,,,,,,,,,,,,,
5lpw6byb3crowy5qnczyeyfwovqwy3r5uxzp3jd7wqlgcrdln44q,2026-02-01T00:00:00Z/2026-03-01T00:00:00Z,,"Amazon Web Services, Inc.",AWS,Anniversary,595673262386,2026-02-01T00:00:00Z,2026-03-01T00:00:00Z,353545917793,Usage,2026-02-01T19:00:00Z,2026-02-01T20:00:00Z,AWSCloudFormation,USW2-Resource-Operation-Count,ProcessResourceHandlers,,arn:aws:cloudformation:us-west-2:353545917793:stack/FrontendStackUat/f7a9ac40-b1be-11f0-86cd-025a5a7a1301::AppASG65095EB7,1.0000000000,,,USD,0.0000000000,0.0000000000,0.0000000000,0.0000000000,USD 0.0 per Operations for Resource-Invocation-Count:ProcessResourceHandlers usage,,"Amazon Web Services, Inc.",AWS CloudFormation,,,,,,,,CFN-Resource-Operation,,,,,,,,,,,,,,,,,,,,,,,,,,,,,,,,US West (Oregon),AWS Region,,,,,,,,,,,,,,ProcessResourceHandlers,,,,,,,,,,us-west-2,us-west-2,,,,,AWSCloudFormation,AWS CloudFormation,JHPRRTJT7EFVBFSN,,,,,,,,,,,USW2-Resource-Operation-Count,,,,,,JHPRRTJT7EFVBFSN.JRTCKXETXF.6YS6EN2CT7,231386624995,USD,0.0000000000,,OnDemand,Count,,,,,,,,,,21100991921,,,,,,,,,,,,,,,
wxvr3334odi7b5hxa5uwo4xe6bsawf5ztiyd7txgph2gb2rckpdq,2026-02-01T00:00:00Z/2026-03-01T00:00:00Z,,"Amazon Web Services, Inc.",AWS,Anniversary,595673262386,2026-02-01T00:00:00Z,2026-03-01T00:00:00Z,353545917793,Usage,2026-02-01T19:00:00Z,2026-02-01T20:00:00Z,AWSCloudFormation,USW2-Resource-Operation-Count,ProcessResourceHandlers,,arn:aws:cloudformation:us-west-2:353545917793:stack/FrontendStackUat/f7a9ac40-b1be-11f0-86cd-025a5a7a1301::CDKMetadata,1.0000000000,,,USD,0.0000000000,0.0000000000,0.0000000000,0.0000000000,USD 0.0 per Operations for Resource-Invocation-Count:ProcessResourceHandlers usage,,"Amazon Web Services, Inc.",AWS CloudFormation,,,,,,,,CFN-Resource-Operation,,,,,,,,,,,,,,,,,,,,,,,,,,,,,,,,US West (Oregon),AWS Region,,,,,,,,,,,,,,ProcessResourceHandlers,,,,,,,,,,us-west-2,us-west-2,,,,,AWSCloudFormation,AWS CloudFormation,JHPRRTJT7EFVBFSN,,,,,,,,,,,USW2-Resource-Operation-Count,,,,,,JHPRRTJT7EFVBFSN.JRTCKXETXF.6YS6EN2CT7,231386624995,USD,0.0000000000,,OnDemand,Count,,,,,,,,,,21100991921,,,,,,,,,,,,,,,
obdlbxe7c47yinngbpldqppnbtyljv6lrpdkhmgy5hi5z3sahasa,2026-02-01T00:00:00Z/2026-03-01T00:00:00Z,,"Amazon Web Services, Inc.",AWS,Anniversary,595673262386,2026-02-01T00:00:00Z,2026-03-01T00:00:00Z,353545917793,Usage,2026-02-01T19:00:00Z,2026-02-01T20:00:00Z,AWSCloudFormation,USW2-Resource-Operation-Count,ProcessResourceHandlers,,arn:aws:cloudformation:us-west-2:353545917793:stack/FrontendStackUat/f7a9ac40-b1be-11f0-86cd-025a5a7a1301::DeploymentGroup6D277AF0,1.0000000000,,,USD,0.0000000000,0.0000000000,0.0000000000,0.0000000000,USD 0.0 per Operations for Resource-Invocation-Count:ProcessResourceHandlers usage,,"Amazon Web Services, Inc.",AWS CloudFormation,,,,,,,,CFN-Resource-Operation,,,,,,,,,,,,,,,,,,,,,,,,,,,,,,,,US West (Oregon),AWS Region,,,,,,,,,,,,,,ProcessResourceHandlers,,,,,,,,,,us-west-2,us-west-2,,,,,AWSCloudFormation,AWS CloudFormation,JHPRRTJT7EFVBFSN,,,,,,,,,,,USW2-Resource-Operation-Count,,,,,,JHPRRTJT7EFVBFSN.JRTCKXETXF.6YS6EN2CT7,231386624995,USD,0.0000000000,,OnDemand,Count,,,,,,,,,,21100991921,,,,,,,,,,,,,,,
mnqm2ogub6pcelreff2ti7exiisn5rmpkklsqbb2unhq5wz73hja,2026-02-01T00:00:00Z/2026-03-01T00:00:00Z,,"Amazon Web Services, Inc.",AWS,Anniversary,595673262386,2026-02-01T00:00:00Z,2026-03-01T00:00:00Z,353545917793,Usage,2026-02-01T19:00:00Z,2026-02-01T20:00:00Z,AWSCloudFormation,USW2-Resource-Operation-Count,ProcessResourceHandlers,,arn:aws:cloudformation:us-west-2:353545917793:stack/FrontendStackUat/f7a9ac40-b1be-11f0-86cd-025a5a7a1301::DeploymentGroupAdmin015B528A,1.0000000000,,,USD,0.0000000000,0.0000000000,0.0000000000,0.0000000000,USD 0.0 per Operations for Resource-Invocation-Count:ProcessResourceHandlers usage,,"Amazon Web Services, Inc.",AWS CloudFormation,,,,,,,,CFN-Resource-Operation,,,,,,,,,,,,,,,,,,,,,,,,,,,,,,,,US West (Oregon),AWS Region,,,,,,,,,,,,,,ProcessResourceHandlers,,,,,,,,,,us-west-2,us-west-2,,,,,AWSCloudFormation,AWS CloudFormation,JHPRRTJT7EFVBFSN,,,,,,,,,,,USW2-Resource-Operation-Count,,,,,,JHPRRTJT7EFVBFSN.JRTCKXETXF.6YS6EN2CT7,231386624995,USD,0.0000000000,,OnDemand,Count,,,,,,,,,,21100991921,,,,,,,,,,,,,,,
bh7weo2n5algpjganhlblmqqnis7rthqf6oeb3m6p6w4atznow6q,2026-02-01T00:00:00Z/2026-03-01T00:00:00Z,,"Amazon Web Services, Inc.",AWS,Anniversary,595673262386,2026-02-01T00:00:00Z,2026-03-01T00:00:00Z,353545917793,Usage,2026-02-01T19:00:00Z,2026-02-01T20:00:00Z,AWSCloudFormation,USW2-Resource-Operation-Count,ProcessResourceHandlers,,arn:aws:cloudformation:us-west-2:353545917793:stack/FrontendStackUat/f7a9ac40-b1be-11f0-86cd-025a5a7a1301::UATFrontEndAppLaunchTemplateB8113469,1.0000000000,,,USD,0.0000000000,0.0000000000,0.0000000000,0.0000000000,USD 0.0 per Operations for Resource-Invocation-Count:ProcessResourceHandlers usage,,"Amazon Web Services, Inc.",AWS CloudFormation,,,,,,,,CFN-Resource-Operation,,,,,,,,,,,,,,,,,,,,,,,,,,,,,,,,US West (Oregon),AWS Region,,,,,,,,,,,,,,ProcessResourceHandlers,,,,,,,,,,us-west-2,us-west-2,,,,,AWSCloudFormation,AWS CloudFormation,JHPRRTJT7EFVBFSN,,,,,,,,,,,USW2-Resource-Operation-Count,,,,,,JHPRRTJT7EFVBFSN.JRTCKXETXF.6YS6EN2CT7,231386624995,USD,0.0000000000,,OnDemand,Count,,,,,,,,,,21100991921,,,,,,,,,,,,,,,
uns5ur7rylj36lfazrri2vu55rhapt6ax4ahr6r6hikk2c653uwa,2026-02-01T00:00:00Z/2026-03-01T00:00:00Z,,"Amazon Web Services, Inc.",AWS,Anniversary,595673262386,2026-02-01T00:00:00Z,2026-03-01T00:00:00Z,353545917793,Usage,2026-02-01T00:00:00Z,2026-02-02T11:00:00Z,AmazonRoute53,DNS-Queries,A,,arn:aws:route53:::hostedzone/Z00874073IJPDHT48G4U0,5554.0000000000,,,USD,0.0000004000,0.0022216000,0.0000004000,0.0022216000,"$0.40 per 1,000,000 queries for the first 1 Billion queries",,"Amazon Web Services, Inc.",Amazon Route 53,,,,,,,,,,,,,,,,,,,,,,,,,,,,,,,,,,,,,,,,,,,,,,,,,,,,,,,,,,,,,DNS Query,,,,global,,,,External,Standard,AmazonRoute53,Amazon Route 53,JHRA6QBEDT9FZVT5,,,,,,,,,,,DNS-Queries,,,,,,JHRA6QBEDT9FZVT5.JRTCKXETXF.ZN357FEBCK,231407229703,USD,0.0022216000,0.0000004000,OnDemand,Queries,,,,,,,,,,21100991777,,,,,,,,,,,,,,,
e33z6tyfl3jxxqwpf4dkp35hkmbsdih7wt6tqkz6thq4myeyakla,2026-02-01T00:00:00Z/2026-03-01T00:00:00Z,,"Amazon Web Services, Inc.",AWS,Anniversary,595673262386,2026-02-01T00:00:00Z,2026-03-01T00:00:00Z,353545917793,Usage,2026-02-01T00:00:00Z,2026-02-02T11:00:00Z,AmazonRoute53,DNS-Queries,AAAA,,arn:aws:route53:::hostedzone/Z00874073IJPDHT48G4U0,3831.0000000000,,,USD,0.0000004000,0.0015324000,0.0000004000,0.0015324000,"$0.40 per 1,000,000 queries for the first 1 Billion queries",,"Amazon Web Services, Inc.",Amazon Route 53,,,,,,,,,,,,,,,,,,,,,,,,,,,,,,,,,,,,,,,,,,,,,,,,,,,,,,,,,,,,,DNS Query,,,,global,,,,External,Standard,AmazonRoute53,Amazon Route 53,JHRA6QBEDT9FZVT5,,,,,,,,,,,DNS-Queries,,,,,,JHRA6QBEDT9FZVT5.JRTCKXETXF.ZN357FEBCK,231407229703,USD,0.0015324000,0.0000004000,OnDemand,Queries,,,,,,,,,,21100991777,,,,,,,,,,,,,,,
pazffn5ha7t226duowllz3mw2yqsdwy2zzpggtrrm7vx67oywfwa,2026-02-01T00:00:00Z/2026-03-01T00:00:00Z,,"Amazon Web Services, Inc.",AWS,Anniversary,595673262386,2026-02-01T00:00:00Z,2026-03-01T00:00:00Z,353545917793,Usage,2026-02-01T00:00:00Z,2026-02-01T14:00:00Z,AmazonRoute53,DNS-Queries,ANY,,arn:aws:route53:::hostedzone/Z00874073IJPDHT48G4U0,2.0000000000,,,USD,0.0000004000,0.0000008000,0.0000004000,0.0000008000,"$0.40 per 1,000,000 queries for the first 1 Billion queries",,"Amazon Web Services, Inc.",Amazon Route 53,,,,,,,,,,,,,,,,,,,,,,,,,,,,,,,,,,,,,,,,,,,,,,,,,,,,,,,,,,,,,DNS Query,,,,global,,,,External,Standard,AmazonRoute53,Amazon Route 53,JHRA6QBEDT9FZVT5,,,,,,,,,,,DNS-Queries,,,,,,JHRA6QBEDT9FZVT5.JRTCKXETXF.ZN357FEBCK,231407229703,USD,0.0000008000,0.0000004000,OnDemand,Queries,,,,,,,,,,21100991777,,,,,,,,,,,,,,,
opxald3iwc5gp2ouhwv3uyqmojwlt7pdxhbyjxogye2pqfhqdo4q,2026-02-01T00:00:00Z/2026-03-01T00:00:00Z,,"Amazon Web Services, Inc.",AWS,Anniversary,595673262386,2026-02-01T00:00:00Z,2026-03-01T00:00:00Z,353545917793,Usage,2026-02-01T01:00:00Z,2026-02-02T08:00:00Z,AmazonRoute53,DNS-Queries,CAA,,arn:aws:route53:::hostedzone/Z00874073IJPDHT48G4U0,20.0000000000,,,USD,0.0000004000,0.0000080000,0.0000004000,0.0000080000,"$0.40 per 1,000,000 queries for the first 1 Billion queries",,"Amazon Web Services, Inc.",Amazon Route 53,,,,,,,,,,,,,,,,,,,,,,,,,,,,,,,,,,,,,,,,,,,,,,,,,,,,,,,,,,,,,DNS Query,,,,global,,,,External,Standard,AmazonRoute53,Amazon Route 53,JHRA6QBEDT9FZVT5,,,,,,,,,,,DNS-Queries,,,,,,JHRA6QBEDT9FZVT5.JRTCKXETXF.ZN357FEBCK,231407229703,USD,0.0000080000,0.0000004000,OnDemand,Queries,,,,,,,,,,21100991777,,,,,,,,,,,,,,,
52isph4rv6y5dymebqk3ui6ocp6pm7lixf5ojbom77ookgscfl5q,2026-02-01T00:00:00Z/2026-03-01T00:00:00Z,,"Amazon Web Services, Inc.",AWS,Anniversary,595673262386,2026-02-01T00:00:00Z,2026-03-01T00:00:00Z,353545917793,Usage,2026-02-01T05:00:00Z,2026-02-02T09:00:00Z,AmazonRoute53,DNS-Queries,CNAME,,arn:aws:route53:::hostedzone/Z00874073IJPDHT48G4U0,37.0000000000,,,USD,0.0000004000,0.0000148000,0.0000004000,0.0000148000,"$0.40 per 1,000,000 queries for the first 1 Billion queries",,"Amazon Web Services, Inc.",Amazon Route 53,,,,,,,,,,,,,,,,,,,,,,,,,,,,,,,,,,,,,,,,,,,,,,,,,,,,,,,,,,,,,DNS Query,,,,global,,,,External,Standard,AmazonRoute53,Amazon Route 53,JHRA6QBEDT9FZVT5,,,,,,,,,,,DNS-Queries,,,,,,JHRA6QBEDT9FZVT5.JRTCKXETXF.ZN357FEBCK,231407229703,USD,0.0000148000,0.0000004000,OnDemand,Queries,,,,,,,,,,21100991777,,,,,,,,,,,,,,,
4dbliqlpjqwezninsh674zklicnaomcvpwtd3v73lzg6qk72ei4q,2026-02-01T00:00:00Z/2026-03-01T00:00:00Z,,"Amazon Web Services, Inc.",AWS,Anniversary,595673262386,2026-02-01T00:00:00Z,2026-03-01T00:00:00Z,353545917793,Usage,2026-02-01T01:00:00Z,2026-02-02T08:00:00Z,AmazonRoute53,DNS-Queries,DNSKEY,,arn:aws:route53:::hostedzone/Z00874073IJPDHT48G4U0,8.0000000000,,,USD,0.0000004000,0.0000032000,0.0000004000,0.0000032000,"$0.40 per 1,000,000 queries for the first 1 Billion queries",,"Amazon Web Services, Inc.",Amazon Route 53,,,,,,,,,,,,,,,,,,,,,,,,,,,,,,,,,,,,,,,,,,,,,,,,,,,,,,,,,,,,,DNS Query,,,,global,,,,External,Standard,AmazonRoute53,Amazon Route 53,JHRA6QBEDT9FZVT5,,,,,,,,,,,DNS-Queries,,,,,,JHRA6QBEDT9FZVT5.JRTCKXETXF.ZN357FEBCK,231407229703,USD,0.0000032000,0.0000004000,OnDemand,Queries,,,,,,,,,,21100991777,,,,,,,,,,,,,,,
vp5j3vhizuzlyf32l56p72osurlaycvh4ut62bj45oajnshpu2mq,2026-02-01T00:00:00Z/2026-03-01T00:00:00Z,,"Amazon Web Services, Inc.",AWS,Anniversary,595673262386,2026-02-01T00:00:00Z,2026-03-01T00:00:00Z,353545917793,Usage,2026-02-01T00:00:00Z,2026-02-02T11:00:00Z,AmazonRoute53,DNS-Queries,HTTPS,,arn:aws:route53:::hostedzone/Z00874073IJPDHT48G4U0,1844.0000000000,,,USD,0.0000004000,0.0007376000,0.0000004000,0.0007376000,"$0.40 per 1,000,000 queries for the first 1 Billion queries",,"Amazon Web Services, Inc.",Amazon Route 53,,,,,,,,,,,,,,,,,,,,,,,,,,,,,,,,,,,,,,,,,,,,,,,,,,,,,,,,,,,,,DNS Query,,,,global,,,,External,Standard,AmazonRoute53,Amazon Route 53,JHRA6QBEDT9FZVT5,,,,,,,,,,,DNS-Queries,,,,,,JHRA6QBEDT9FZVT5.JRTCKXETXF.ZN357FEBCK,231407229703,USD,0.0007376000,0.0000004000,OnDemand,Queries,,,,,,,,,,21100991777,,,,,,,,,,,,,,,
5ovp2awlayvielpoyza5x3ctddoujjgjivnsea2hwoko4ybocypq,2026-02-01T00:00:00Z/2026-03-01T00:00:00Z,,"Amazon Web Services, Inc.",AWS,Anniversary,595673262386,2026-02-01T00:00:00Z,2026-03-01T00:00:00Z,353545917793,Usage,2026-02-01T01:00:00Z,2026-02-02T11:00:00Z,AmazonRoute53,DNS-Queries,MX,,arn:aws:route53:::hostedzone/Z00874073IJPDHT48G4U0,184.0000000000,,,USD,0.0000004000,0.0000736000,0.0000004000,0.0000736000,"$0.40 per 1,000,000 queries for the first 1 Billion queries",,"Amazon Web Services, Inc.",Amazon Route 53,,,,,,,,,,,,,,,,,,,,,,,,,,,,,,,,,,,,,,,,,,,,,,,,,,,,,,,,,,,,,DNS Query,,,,global,,,,External,Standard,AmazonRoute53,Amazon Route 53,JHRA6QBEDT9FZVT5,,,,,,,,,,,DNS-Queries,,,,,,JHRA6QBEDT9FZVT5.JRTCKXETXF.ZN357FEBCK,231407229703,USD,0.0000736000,0.0000004000,OnDemand,Queries,,,,,,,,,,21100991777,,,,,,,,,,,,,,,
uhyb3o3vnpka4y4hyiiisxlwx536b3aulkztyjfnvql5tq63m3xa,2026-02-01T00:00:00Z/2026-03-01T00:00:00Z,,"Amazon Web Services, Inc.",AWS,Anniversary,595673262386,2026-02-01T00:00:00Z,2026-03-01T00:00:00Z,353545917793,Usage,2026-02-01T00:00:00Z,2026-02-02T11:00:00Z,AmazonRoute53,DNS-Queries,NS,,arn:aws:route53:::hostedzone/Z00874073IJPDHT48G4U0,305.0000000000,,,USD,0.0000004000,0.0001220000,0.0000004000,0.0001220000,"$0.40 per 1,000,000 queries for the first 1 Billion queries",,"Amazon Web Services, Inc.",Amazon Route 53,,,,,,,,,,,,,,,,,,,,,,,,,,,,,,,,,,,,,,,,,,,,,,,,,,,,,,,,,,,,,DNS Query,,,,global,,,,External,Standard,AmazonRoute53,Amazon Route 53,JHRA6QBEDT9FZVT5,,,,,,,,,,,DNS-Queries,,,,,,JHRA6QBEDT9FZVT5.JRTCKXETXF.ZN357FEBCK,231407229703,USD,0.0001220000,0.0000004000,OnDemand,Queries,,,,,,,,,,21100991777,,,,,,,,,,,,,,,
quslxewjkuznfxritgllzzusim5t43kynctfgmtqkrnnfudmkcaq,2026-02-01T00:00:00Z/2026-03-01T00:00:00Z,,"Amazon Web Services, Inc.",AWS,Anniversary,595673262386,2026-02-01T00:00:00Z,2026-03-01T00:00:00Z,353545917793,Usage,2026-02-01T01:00:00Z,2026-02-02T11:00:00Z,AmazonRoute53,DNS-Queries,SOA,,arn:aws:route53:::hostedzone/Z00874073IJPDHT48G4U0,102.0000000000,,,USD,0.0000004000,0.0000408000,0.0000004000,0.0000408000,"$0.40 per 1,000,000 queries for the first 1 Billion queries",,"Amazon Web Services, Inc.",Amazon Route 53,,,,,,,,,,,,,,,,,,,,,,,,,,,,,,,,,,,,,,,,,,,,,,,,,,,,,,,,,,,,,DNS Query,,,,global,,,,External,Standard,AmazonRoute53,Amazon Route 53,JHRA6QBEDT9FZVT5,,,,,,,,,,,DNS-Queries,,,,,,JHRA6QBEDT9FZVT5.JRTCKXETXF.ZN357FEBCK,231407229703,USD,0.0000408000,0.0000004000,OnDemand,Queries,,,,,,,,,,21100991777,,,,,,,,,,,,,,,
yabiu5lnfl5q2cturdzgzz2hyayqgbslayfypdlp6i7i4kfhcxsa,2026-02-01T00:00:00Z/2026-03-01T00:00:00Z,,"Amazon Web Services, Inc.",AWS,Anniversary,595673262386,2026-02-01T00:00:00Z,2026-03-01T00:00:00Z,353545917793,Usage,2026-02-01T04:00:00Z,2026-02-02T08:00:00Z,AmazonRoute53,DNS-Queries,SRV,,arn:aws:route53:::hostedzone/Z00874073IJPDHT48G4U0,5.0000000000,,,USD,0.0000004000,0.0000020000,0.0000004000,0.0000020000,"$0.40 per 1,000,000 queries for the first 1 Billion queries",,"Amazon Web Services, Inc.",Amazon Route 53,,,,,,,,,,,,,,,,,,,,,,,,,,,,,,,,,,,,,,,,,,,,,,,,,,,,,,,,,,,,,DNS Query,,,,global,,,,External,Standard,AmazonRoute53,Amazon Route 53,JHRA6QBEDT9FZVT5,,,,,,,,,,,DNS-Queries,,,,,,JHRA6QBEDT9FZVT5.JRTCKXETXF.ZN357FEBCK,231407229703,USD,0.0000020000,0.0000004000,OnDemand,Queries,,,,,,,,,,21100991777,,,,,,,,,,,,,,,
okbv6xdthcyieaq2r3oy6unmpl4shzgae2wn56znr5zesomsmjta,2026-02-01T00:00:00Z/2026-03-01T00:00:00Z,,"Amazon Web Services, Inc.",AWS,Anniversary,595673262386,2026-02-01T00:00:00Z,2026-03-01T00:00:00Z,353545917793,Usage,2026-02-01T00:00:00Z,2026-02-02T11:00:00Z,AmazonRoute53,DNS-Queries,TXT,,arn:aws:route53:::hostedzone/Z00874073IJPDHT48G4U0,481.0000000000,,,USD,0.0000004000,0.0001924000,0.0000004000,0.0001924000,"$0.40 per 1,000,000 queries for the first 1 Billion queries",,"Amazon Web Services, Inc.",Amazon Route 53,,,,,,,,,,,,,,,,,,,,,,,,,,,,,,,,,,,,,,,,,,,,,,,,,,,,,,,,,,,,,DNS Query,,,,global,,,,External,Standard,AmazonRoute53,Amazon Route 53,JHRA6QBEDT9FZVT5,,,,,,,,,,,DNS-Queries,,,,,,JHRA6QBEDT9FZVT5.JRTCKXETXF.ZN357FEBCK,231407229703,USD,0.0001924000,0.0000004000,OnDemand,Queries,,,,,,,,,,21100991777,,,,,,,,,,,,,,,
r54bjtmprtas6v6lmdkv3fr6asvo4mhq5eptykrj46pd2bmu26ua,2026-02-01T00:00:00Z/2026-03-01T00:00:00Z,,"Amazon Web Services, Inc.",AWS,Anniversary,595673262386,2026-02-01T00:00:00Z,2026-03-01T00:00:00Z,353545917793,Usage,2026-02-01T10:00:00Z,2026-02-01T11:00:00Z,AmazonEC2,USW2-AFS1-AWS-In-Bytes,PublicIP-In,,i-002ddab9222dfe0bc,0.0000000559,,,USD,0.0000000000,0.0000000000,0.0000000000,0.0000000000,USD 0.0 per GB for EUN1-AWS-In-Bytes in Africa (Cape Town),,"Amazon Web Services, Inc.",Amazon Elastic Compute Cloud,,,,,,,,,,,,,,,,,,,,,,,,,,US West (Oregon),AWS Region,us-west-2,,,,,,,,,,,,,,,,,,,,,,,,,,,,,,,,,Data Transfer,,,,us-west-2,,,,,,AWSDataTransfer,AWS Data Transfer,JJ3868BWK2R2CXGP,,,,,,Africa (Cape Town),AWS Region,af-south-1,InterRegion Inbound,,USW2-AFS1-AWS-In-Bytes,,,,,,JJ3868BWK2R2CXGP.JRTCKXETXF.6YS6EN2CT7,200619069910,USD,0.0000000000,0.0000000000,OnDemand,GB,,,,,,,,,,21100991773,,,,,,,,,,,,,,,
6tmk2p6jgrpyg6aezlfsflx2xshuh76kqhztqrcxth4pt6w6cmqq,2026-02-01T00:00:00Z/2026-03-01T00:00:00Z,,"Amazon Web Services, Inc.",AWS,Anniversary,595673262386,2026-02-01T00:00:00Z,2026-03-01T00:00:00Z,353545917793,Usage,2026-02-02T08:00:00Z,2026-02-02T09:00:00Z,AmazonEC2,USW2-AFS1-AWS-In-Bytes,PublicIP-In,,i-0ee8635d596bf3d8b,0.0000000559,,,USD,0.0000000000,0.0000000000,0.0000000000,0.0000000000,USD 0.0 per GB for EUN1-AWS-In-Bytes in Africa (Cape Town),,"Amazon Web Services, Inc.",Amazon Elastic Compute Cloud,,,,,,,,,,,,,,,,,,,,,,,,,,US West (Oregon),AWS Region,us-west-2,,,,,,,,,,,,,,,,,,,,,,,,,,,,,,,,,Data Transfer,,,,us-west-2,,,,,,AWSDataTransfer,AWS Data Transfer,JJ3868BWK2R2CXGP,,,,,,Africa (Cape Town),AWS Region,af-south-1,InterRegion Inbound,,USW2-AFS1-AWS-In-Bytes,,,,,,JJ3868BWK2R2CXGP.JRTCKXETXF.6YS6EN2CT7,200619069910,USD,0.0000000000,0.0000000000,OnDemand,GB,,,,,,,,,,21100991773,,,,,,,,,,,,,,,
5nygfq725em7ju7hdrg4jbuyqt4nfsxbokxzrotcsgpsfe6jgdja,2026-02-01T00:00:00Z/2026-03-01T00:00:00Z,,"Amazon Web Services, Inc.",AWS,Anniversary,595673262386,2026-02-01T00:00:00Z,2026-03-01T00:00:00Z,353545917793,Usage,2026-02-01T14:00:00Z,2026-02-01T15:00:00Z,AmazonEC2,USW2-EU-AWS-Out-Bytes,PublicIP-Out,,i-002ddab9222dfe0bc,0.0000000447,,,USD,0.0200000000,0.0000000009,0.0200000000,0.0000000009,$0.02 per GB - US West (Oregon) data transfer to EU (Ireland),,"Amazon Web Services, Inc.",Amazon Elastic Compute Cloud,,,,,,,,,,,,,,,,,,,,,,,,,,US West (Oregon),AWS Region,us-west-2,,,,,,,,,,,,,,,,,,,,,,,,,,,,,,,,,Data Transfer,,,,us-west-2,,,,,,AWSDataTransfer,AWS Data Transfer,JYNB73DBWCEJ4U24,,,,,,EU (Ireland),AWS Region,eu-west-1,InterRegion Outbound,,USW2-EU-AWS-Out-Bytes,,,,,,JYNB73DBWCEJ4U24.JRTCKXETXF.6YS6EN2CT7,200619032437,USD,0.0000000009,0.0200000000,OnDemand,GB,,,,,,,,,,21100991773,,,,,,,,,,,,,,,
wxrewefzgiwu6q7zj5z7ykx6pnf5u4pm3ketuiogjg2quybtub6q,2026-02-01T00:00:00Z/2026-03-01T00:00:00Z,,"Amazon Web Services, Inc.",AWS,Anniversary,595673262386,2026-02-01T00:00:00Z,2026-03-01T00:00:00Z,353545917793,Usage,2026-02-01T00:00:00Z,2026-02-02T09:00:00Z,AmazonEC2,USW2-EU-AWS-Out-Bytes,PublicIP-Out,,i-0b76fb544c7e81b35,0.0000140770,,,USD,0.0200000000,0.0000002816,0.0200000000,0.0000002816,$0.02 per GB - US West (Oregon) data transfer to EU (Ireland),,"Amazon Web Services, Inc.",Amazon Elastic Compute Cloud,,,,,,,,,,,,,,,,,,,,,,,,,,US West (Oregon),AWS Region,us-west-2,,,,,,,,,,,,,,,,,,,,,,,,,,,,,,,,,Data Transfer,,,,us-west-2,,,,,,AWSDataTransfer,AWS Data Transfer,JYNB73DBWCEJ4U24,,,,,,EU (Ireland),AWS Region,eu-west-1,InterRegion Outbound,,USW2-EU-AWS-Out-Bytes,,,,,,JYNB73DBWCEJ4U24.JRTCKXETXF.6YS6EN2CT7,200619032437,USD,0.0000002815,0.0200000000,OnDemand,GB,,,,,,,,,,21100991773,,,,,,,,,,,,,,,
5odf3t4diib5kdsvqg5x22vmhusv5pahph54rxjxwe4bu2xe2fiq,2026-02-01T00:00:00Z/2026-03-01T00:00:00Z,,"Amazon Web Services, Inc.",AWS,Anniversary,595673262386,2026-02-01T00:00:00Z,2026-03-01T00:00:00Z,353545917793,Usage,2026-02-01T13:00:00Z,2026-02-01T14:00:00Z,AmazonEC2,USW2-EU-AWS-Out-Bytes,PublicIP-Out,,i-0b9d34c5972a322eb,0.0000000391,,,USD,0.0200000000,0.0000000008,0.0200000000,0.0000000008,$0.02 per GB - US West (Oregon) data transfer to EU (Ireland),,"Amazon Web Services, Inc.",Amazon Elastic Compute Cloud,,,,,,,,,,,,,,,,,,,,,,,,,,US West (Oregon),AWS Region,us-west-2,,,,,,,,,,,,,,,,,,,,,,,,,,,,,,,,,Data Transfer,,,,us-west-2,,,,,,AWSDataTransfer,AWS Data Transfer,JYNB73DBWCEJ4U24,,,,,,EU (Ireland),AWS Region,eu-west-1,InterRegion Outbound,,USW2-EU-AWS-Out-Bytes,,,,,,JYNB73DBWCEJ4U24.JRTCKXETXF.6YS6EN2CT7,200619032437,USD,0.0000000008,0.0200000000,OnDemand,GB,,,,,,,,,,21100991773,,,,,,,,,,,,,,,
msyxyy5emrej3q4uslnunjvdi3lvr4hzwso6pukewur2hbr4x4eq,2026-02-01T00:00:00Z/2026-03-01T00:00:00Z,,"Amazon Web Services, Inc.",AWS,Anniversary,595673262386,2026-02-01T00:00:00Z,2026-03-01T00:00:00Z,353545917793,Usage,2026-02-02T04:00:00Z,2026-02-02T06:00:00Z,AmazonDynamoDB,USW2-ReadRequestUnits,PayPerRequestThroughput,us-west-2,arn:aws:dynamodb:us-west-2:353545917793:table/ai_claude_usage_text_dev,10.0000000000,,,USD,0.0000001250,0.0000012500,0.0000001250,0.0000012500,$0.125 per million read request units (Oregon),,"Amazon Web Services, Inc.",Amazon DynamoDB,,,,,,,,,,,,,,,,,,,,,,,,,,,,,,DDB-ReadUnits,DynamoDB PayPerRequest Read Request Units,,,,,,,,,US West (Oregon),AWS Region,,,,,,,,,,,,,,PayPerRequestThroughput,,,,,,Amazon DynamoDB PayPerRequest Throughput,,,,us-west-2,us-west-2,,,,,AmazonDynamoDB,Amazon DynamoDB,K6UMRY3TVDVCBP56,,,,,,,,,,,USW2-ReadRequestUnits,,,,,,K6UMRY3TVDVCBP56.JRTCKXETXF.6YS6EN2CT7,211789503945,USD,0.0000012500,0.0000001250,OnDemand,ReadRequestUnits,,,,,,,,,,21100991784,,,,,,,,,,,,,,,
lq23v4sgtdfi7zechu46jtpyogoa6gfjhgnpyffdake4p5ourj2a,2026-02-01T00:00:00Z/2026-03-01T00:00:00Z,,"Amazon Web Services, Inc.",AWS,Anniversary,595673262386,2026-02-01T00:00:00Z,2026-03-01T00:00:00Z,353545917793,Usage,2026-02-02T06:00:00Z,2026-02-02T11:00:00Z,AmazonDynamoDB,USW2-ReadRequestUnits,PayPerRequestThroughput,us-west-2,arn:aws:dynamodb:us-west-2:353545917793:table/ai_usage_dev,4.0000000000,,,USD,0.0000001250,0.0000005000,0.0000001250,0.0000005000,$0.125 per million read request units (Oregon),,"Amazon Web Services, Inc.",Amazon DynamoDB,,,,,,,,,,,,,,,,,,,,,,,,,,,,,,DDB-ReadUnits,DynamoDB PayPerRequest Read Request Units,,,,,,,,,US West (Oregon),AWS Region,,,,,,,,,,,,,,PayPerRequestThroughput,,,,,,Amazon DynamoDB PayPerRequest Throughput,,,,us-west-2,us-west-2,,,,,AmazonDynamoDB,Amazon DynamoDB,K6UMRY3TVDVCBP56,,,,,,,,,,,USW2-ReadRequestUnits,,,,,,K6UMRY3TVDVCBP56.JRTCKXETXF.6YS6EN2CT7,211789503945,USD,0.0000005000,0.0000001250,OnDemand,ReadRequestUnits,,,,,,,,,,21100991784,,,,,,,,,,,,,,,
elxnc765fgwe53p67uolqdgcpdkdte7i5do6w54vwk6kozpkccka,2026-02-01T00:00:00Z/2026-03-01T00:00:00Z,,"Amazon Web Services, Inc.",AWS,Anniversary,595673262386,2026-02-01T00:00:00Z,2026-03-01T00:00:00Z,353545917793,Usage,2026-02-01T00:00:00Z,2026-02-02T10:00:00Z,AmazonECR,TimedStorage-ByteHrs,TimedStorage-ByteHrs,,arn:aws:ecr:us-east-1:353545917793:repository/clamve,0.0185571252,,,USD,0.0000000000,0.0000000000,0.0000000000,0.0000000000,500MB-month Free Tier,,"Amazon Web Services, Inc.",Amazon EC2 Container Registry (ECR),,,,,,,,,,,,,,,,,,,,,,,,,,,,,,,,,,,,,,,,US East (N. Virginia),AWS Region,,,,,,,,,,,,,,,,,,,,EC2 Container Registry,,,,us-east-1,us-east-1,,,,,AmazonECR,Amazon EC2 Container Registry (ECR),KJC988R4J65BDMTQ,,,,S3,,,,,,,TimedStorage-ByteHrs,,,,,,KJC988R4J65BDMTQ.A429C66SYZ.6YS6EN2CT7,281308953229,USD,0.0018557125,0.1000000000,,GB-Mo,,,,,,,,,,21100991824,,,,,,,,,,,,,,,
4p7ssubvowr4ki6b4mi46ky4cegsxhmwl2pdfvp5k6yqxw3h5cdq,2026-02-01T00:00:00Z/2026-03-01T00:00:00Z,,"Amazon Web Services, Inc.",AWS,Anniversary,595673262386,2026-02-01T00:00:00Z,2026-03-01T00:00:00Z,353545917793,Usage,2026-02-02T06:00:00Z,2026-02-02T08:00:00Z,AmazonCloudFront,ME-DataTransfer-Out-Bytes,GET,,arn:aws:cloudfront::353545917793:distribution/E1Z9OJCLDPJYZR,0.0042231279,,,USD,0.0000000000,0.0000000000,0.0000000000,0.0000000000,$0.000 per GB - data transfer out under the global monthly free tier,,"Amazon Web Services, Inc.",Amazon CloudFront,,,,,,,,,,,,,,,,,,,,,,,,,,Middle East,AWS Edge Location,,,,,,,,,,,,,,,,,,,,,,,,,,,,,,,,,,Data Transfer,,,,me-south-1,,,,,,AmazonCloudFront,Amazon CloudFront,KJKQCFWRY9KUWY4S,,,,,,External,Other,,CloudFront Outbound,,ME-DataTransfer-Out-Bytes,,,,,,KJKQCFWRY9KUWY4S.A429C66SYZ.6YS6EN2CT7,165482683414,USD,0.0004645441,0.1100000000,,GB,,,,,,,,,,21100991767,,,,,,,,,,,,,,,
4wq5tuzjchgyhzxk6fbdmguevfwwtbftsrlfq7nyqgusjb7qcsyq,2026-02-01T00:00:00Z/2026-03-01T00:00:00Z,,"Amazon Web Services, Inc.",AWS,Anniversary,595673262386,2026-02-01T00:00:00Z,2026-03-01T00:00:00Z,353545917793,Usage,2026-02-01T20:00:00Z,2026-02-02T08:00:00Z,AmazonCloudFront,ME-DataTransfer-Out-Bytes,GET,,arn:aws:cloudfront::353545917793:distribution/E24UQOU8RZMYBR,0.0069432743,,,USD,0.0000000000,0.0000000000,0.0000000000,0.0000000000,$0.000 per GB - data transfer out under the global monthly free tier,,"Amazon Web Services, Inc.",Amazon CloudFront,,,,,,,,,,,,,,,,,,,,,,,,,,Middle East,AWS Edge Location,,,,,,,,,,,,,,,,,,,,,,,,,,,,,,,,,,Data Transfer,,,,me-south-1,,,,,,AmazonCloudFront,Amazon CloudFront,KJKQCFWRY9KUWY4S,,,,,,External,Other,,CloudFront Outbound,,ME-DataTransfer-Out-Bytes,,,,,,KJKQCFWRY9KUWY4S.A429C66SYZ.6YS6EN2CT7,165482683414,USD,0.0007637602,0.1100000000,,GB,,,,,,,,,,21100991767,,,,,,,,,,,,,,,
hlo6tgyc7kkbtx3onlqayvbxf4hy2n2lommpskx2visqx626fdza,2026-02-01T00:00:00Z/2026-03-01T00:00:00Z,,"Amazon Web Services, Inc.",AWS,Anniversary,595673262386,2026-02-01T00:00:00Z,2026-03-01T00:00:00Z,353545917793,Usage,2026-02-01T19:00:00Z,2026-02-02T09:00:00Z,AmazonCloudFront,ME-DataTransfer-Out-Bytes,GET,,arn:aws:cloudfront::353545917793:distribution/E2EBT3OOYZBXXH,0.0148668559,,,USD,0.0000000000,0.0000000000,0.0000000000,0.0000000000,$0.000 per GB - data transfer out under the global monthly free tier,,"Amazon Web Services, Inc.",Amazon CloudFront,,,,,,,,,,,,,,,,,,,,,,,,,,Middle East,AWS Edge Location,,,,,,,,,,,,,,,,,,,,,,,,,,,,,,,,,,Data Transfer,,,,me-south-1,,,,,,AmazonCloudFront,Amazon CloudFront,KJKQCFWRY9KUWY4S,,,,,,External,Other,,CloudFront Outbound,,ME-DataTransfer-Out-Bytes,,,,,,KJKQCFWRY9KUWY4S.A429C66SYZ.6YS6EN2CT7,165482683414,USD,0.0016353541,0.1100000000,,GB,,,,,,,,,,21100991767,,,,,,,,,,,,,,,
bht3qe6eexaosczxqxbdpe722pn7izq4we5yecdpu3iebjd3iora,2026-02-01T00:00:00Z/2026-03-01T00:00:00Z,,"Amazon Web Services, Inc.",AWS,Anniversary,595673262386,2026-02-01T00:00:00Z,2026-03-01T00:00:00Z,353545917793,Usage,2026-02-01T03:00:00Z,2026-02-02T10:00:00Z,AmazonCloudFront,ME-DataTransfer-Out-Bytes,GET,,arn:aws:cloudfront::353545917793:distribution/E3IJX9IUF6SHIC,0.5085184434,,,USD,0.0000000000,0.0000000000,0.0000000000,0.0000000000,$0.000 per GB - data transfer out under the global monthly free tier,,"Amazon Web Services, Inc.",Amazon CloudFront,,,,,,,,,,,,,,,,,,,,,,,,,,Middle East,AWS Edge Location,,,,,,,,,,,,,,,,,,,,,,,,,,,,,,,,,,Data Transfer,,,,me-south-1,,,,,,AmazonCloudFront,Amazon CloudFront,KJKQCFWRY9KUWY4S,,,,,,External,Other,,CloudFront Outbound,,ME-DataTransfer-Out-Bytes,,,,,,KJKQCFWRY9KUWY4S.A429C66SYZ.6YS6EN2CT7,165482683414,USD,0.0559370288,0.1100000000,,GB,,,,,,,,,,21100991767,,,,,,,,,,,,,,,
ox4ejr2wiq57nuv2dqksiuogcvbz7kw243jfplcsj7qdbcrc4rfa,2026-02-01T00:00:00Z/2026-03-01T00:00:00Z,,"Amazon Web Services, Inc.",AWS,Anniversary,595673262386,2026-02-01T00:00:00Z,2026-03-01T00:00:00Z,353545917793,Usage,2026-02-01T02:00:00Z,2026-02-02T10:00:00Z,AmazonCloudFront,ME-DataTransfer-Out-Bytes,GET,,arn:aws:cloudfront::353545917793:distribution/E3LQ4K487Q3OU4,0.2463934532,,,USD,0.0000000000,0.0000000000,0.0000000000,0.0000000000,$0.000 per GB - data transfer out under the global monthly free tier,,"Amazon Web Services, Inc.",Amazon CloudFront,,,,,,,,,,,,,,,,,,,,,,,,,,Middle East,AWS Edge Location,,,,,,,,,,,,,,,,,,,,,,,,,,,,,,,,,,Data Transfer,,,,me-south-1,,,,,,AmazonCloudFront,Amazon CloudFront,KJKQCFWRY9KUWY4S,,,,,,External,Other,,CloudFront Outbound,,ME-DataTransfer-Out-Bytes,,,,,,KJKQCFWRY9KUWY4S.A429C66SYZ.6YS6EN2CT7,165482683414,USD,0.0271032799,0.1100000000,,GB,,,,,,,,,,21100991767,,,,,,,,,,,,,,,
5hgkpmnqcfgylvvds67zqhcrxs5ef374ln6kbjajdpbmxlh4thla,2026-02-01T00:00:00Z/2026-03-01T00:00:00Z,,"Amazon Web Services, Inc.",AWS,Anniversary,595673262386,2026-02-01T00:00:00Z,2026-03-01T00:00:00Z,353545917793,Usage,2026-02-01T20:00:00Z,2026-02-02T10:00:00Z,AmazonCloudFront,ME-DataTransfer-Out-Bytes,GET,,arn:aws:cloudfront::353545917793:distribution/E8VGZ28EBD02E,0.0438475645,,,USD,0.0000000000,0.0000000000,0.0000000000,0.0000000000,$0.000 per GB - data transfer out under the global monthly free tier,,"Amazon Web Services, Inc.",Amazon CloudFront,,,,,,,,,,,,,,,,,,,,,,,,,,Middle East,AWS Edge Location,,,,,,,,,,,,,,,,,,,,,,,,,,,,,,,,,,Data Transfer,,,,me-south-1,,,,,,AmazonCloudFront,Amazon CloudFront,KJKQCFWRY9KUWY4S,,,,,,External,Other,,CloudFront Outbound,,ME-DataTransfer-Out-Bytes,,,,,,KJKQCFWRY9KUWY4S.A429C66SYZ.6YS6EN2CT7,165482683414,USD,0.0048232321,0.1100000000,,GB,,,,,,,,,,21100991767,,,,,,,,,,,,,,,
gq7h3zj5w2up7i6rtuwevcq7cqr7vz6co6aoqekkm2bsrhmqjixq,2026-02-01T00:00:00Z/2026-03-01T00:00:00Z,,"Amazon Web Services, Inc.",AWS,Anniversary,595673262386,2026-02-01T00:00:00Z,2026-03-01T00:00:00Z,353545917793,Usage,2026-02-02T06:00:00Z,2026-02-02T07:00:00Z,AmazonCloudFront,ME-DataTransfer-Out-Bytes,POST,,arn:aws:cloudfront::353545917793:distribution/E1Z9OJCLDPJYZR,0.0000040177,,,USD,0.0000000000,0.0000000000,0.0000000000,0.0000000000,$0.000 per GB - data transfer out under the global monthly free tier,,"Amazon Web Services, Inc.",Amazon CloudFront,,,,,,,,,,,,,,,,,,,,,,,,,,Middle East,AWS Edge Location,,,,,,,,,,,,,,,,,,,,,,,,,,,,,,,,,,Data Transfer,,,,me-south-1,,,,,,AmazonCloudFront,Amazon CloudFront,KJKQCFWRY9KUWY4S,,,,,,External,Other,,CloudFront Outbound,,ME-DataTransfer-Out-Bytes,,,,,,KJKQCFWRY9KUWY4S.A429C66SYZ.6YS6EN2CT7,165482683414,USD,0.0000004419,0.1100000000,,GB,,,,,,,,,,21100991767,,,,,,,,,,,,,,,
4nzpgcyhijfax4uxiyjm3jtzs7ibdjzi3b7iy4gf2rqgs3ouqeda,2026-02-01T00:00:00Z/2026-03-01T00:00:00Z,,"Amazon Web Services, Inc.",AWS,Anniversary,595673262386,2026-02-01T00:00:00Z,2026-03-01T00:00:00Z,353545917793,Usage,2026-02-02T04:00:00Z,2026-02-02T08:00:00Z,AmazonCloudFront,ME-DataTransfer-Out-Bytes,POST,,arn:aws:cloudfront::353545917793:distribution/E2EBT3OOYZBXXH,0.0000403551,,,USD,0.0000000000,0.0000000000,0.0000000000,0.0000000000,$0.000 per GB - data transfer out under the global monthly free tier,,"Amazon Web Services, Inc.",Amazon CloudFront,,,,,,,,,,,,,,,,,,,,,,,,,,Middle East,AWS Edge Location,,,,,,,,,,,,,,,,,,,,,,,,,,,,,,,,,,Data Transfer,,,,me-south-1,,,,,,AmazonCloudFront,Amazon CloudFront,KJKQCFWRY9KUWY4S,,,,,,External,Other,,CloudFront Outbound,,ME-DataTransfer-Out-Bytes,,,,,,KJKQCFWRY9KUWY4S.A429C66SYZ.6YS6EN2CT7,165482683414,USD,0.0000044391,0.1100000000,,GB,,,,,,,,,,21100991767,,,,,,,,,,,,,,,
m32q4mfyu6t275f3hc7vs4gtgoxrkvgg7w5pmgcig5d25sznl2yq,2026-02-01T00:00:00Z/2026-03-01T00:00:00Z,,"Amazon Web Services, Inc.",AWS,Anniversary,595673262386,2026-02-01T00:00:00Z,2026-03-01T00:00:00Z,353545917793,Usage,2026-02-01T03:00:00Z,2026-02-02T10:00:00Z,AmazonCloudFront,ME-DataTransfer-Out-Bytes,POST,,arn:aws:cloudfront::353545917793:distribution/E3IJX9IUF6SHIC,0.0028556167,,,USD,0.0000000000,0.0000000000,0.0000000000,0.0000000000,$0.000 per GB - data transfer out under the global monthly free tier,,"Amazon Web Services, Inc.",Amazon CloudFront,,,,,,,,,,,,,,,,,,,,,,,,,,Middle East,AWS Edge Location,,,,,,,,,,,,,,,,,,,,,,,,,,,,,,,,,,Data Transfer,,,,me-south-1,,,,,,AmazonCloudFront,Amazon CloudFront,KJKQCFWRY9KUWY4S,,,,,,External,Other,,CloudFront Outbound,,ME-DataTransfer-Out-Bytes,,,,,,KJKQCFWRY9KUWY4S.A429C66SYZ.6YS6EN2CT7,165482683414,USD,0.0003141178,0.1100000000,,GB,,,,,,,,,,21100991767,,,,,,,,,,,,,,,
kwzle53egvulc5tmdpemw77c72j6xfshc26bgytz3ks7uarkxa6q,2026-02-01T00:00:00Z/2026-03-01T00:00:00Z,,"Amazon Web Services, Inc.",AWS,Anniversary,595673262386,2026-02-01T00:00:00Z,2026-03-01T00:00:00Z,353545917793,Usage,2026-02-01T04:00:00Z,2026-02-02T10:00:00Z,AmazonCloudFront,ME-DataTransfer-Out-Bytes,POST,,arn:aws:cloudfront::353545917793:distribution/E3LQ4K487Q3OU4,0.0000265547,,,USD,0.0000000000,0.0000000000,0.0000000000,0.0000000000,$0.000 per GB - data transfer out under the global monthly free tier,,"Amazon Web Services, Inc.",Amazon CloudFront,,,,,,,,,,,,,,,,,,,,,,,,,,Middle East,AWS Edge Location,,,,,,,,,,,,,,,,,,,,,,,,,,,,,,,,,,Data Transfer,,,,me-south-1,,,,,,AmazonCloudFront,Amazon CloudFront,KJKQCFWRY9KUWY4S,,,,,,External,Other,,CloudFront Outbound,,ME-DataTransfer-Out-Bytes,,,,,,KJKQCFWRY9KUWY4S.A429C66SYZ.6YS6EN2CT7,165482683414,USD,0.0000029210,0.1100000000,,GB,,,,,,,,,,21100991767,,,,,,,,,,,,,,,
zjmmcse6plybavnzd3rvepxu3khj24dsiscfih7r3e6iij3fgmaa,2026-02-01T00:00:00Z/2026-03-01T00:00:00Z,,"Amazon Web Services, Inc.",AWS,Anniversary,595673262386,2026-02-01T00:00:00Z,2026-03-01T00:00:00Z,353545917793,Usage,2026-02-01T20:00:00Z,2026-02-02T10:00:00Z,AmazonCloudFront,ME-DataTransfer-Out-Bytes,POST,,arn:aws:cloudfront::353545917793:distribution/E8VGZ28EBD02E,0.0005295892,,,USD,0.0000000000,0.0000000000,0.0000000000,0.0000000000,$0.000 per GB - data transfer out under the global monthly free tier,,"Amazon Web Services, Inc.",Amazon CloudFront,,,,,,,,,,,,,,,,,,,,,,,,,,Middle East,AWS Edge Location,,,,,,,,,,,,,,,,,,,,,,,,,,,,,,,,,,Data Transfer,,,,me-south-1,,,,,,AmazonCloudFront,Amazon CloudFront,KJKQCFWRY9KUWY4S,,,,,,External,Other,,CloudFront Outbound,,ME-DataTransfer-Out-Bytes,,,,,,KJKQCFWRY9KUWY4S.A429C66SYZ.6YS6EN2CT7,165482683414,USD,0.0000582548,0.1100000000,,GB,,,,,,,,,,21100991767,,,,,,,,,,,,,,,
52ledqthml6ol27vicl75v2plckebnj5tknsehmbdvokh3comszq,2026-02-01T00:00:00Z/2026-03-01T00:00:00Z,,"Amazon Web Services, Inc.",AWS,Anniversary,595673262386,2026-02-01T00:00:00Z,2026-03-01T00:00:00Z,353545917793,Usage,2026-02-02T06:00:00Z,2026-02-02T07:00:00Z,AmazonCloudFront,ME-DataTransfer-Out-Bytes,PUT,,arn:aws:cloudfront::353545917793:distribution/E1Z9OJCLDPJYZR,0.0000011520,,,USD,0.0000000000,0.0000000000,0.0000000000,0.0000000000,$0.000 per GB - data transfer out under the global monthly free tier,,"Amazon Web Services, Inc.",Amazon CloudFront,,,,,,,,,,,,,,,,,,,,,,,,,,Middle East,AWS Edge Location,,,,,,,,,,,,,,,,,,,,,,,,,,,,,,,,,,Data Transfer,,,,me-south-1,,,,,,AmazonCloudFront,Amazon CloudFront,KJKQCFWRY9KUWY4S,,,,,,External,Other,,CloudFront Outbound,,ME-DataTransfer-Out-Bytes,,,,,,KJKQCFWRY9KUWY4S.A429C66SYZ.6YS6EN2CT7,165482683414,USD,0.0000001267,0.1100000000,,GB,,,,,,,,,,21100991767,,,,,,,,,,,,,,,
uggjuj7kqqziamm2ukfao2axfatdl6xcjnnukiiofcfp5xkueiia,2026-02-01T00:00:00Z/2026-03-01T00:00:00Z,,"Amazon Web Services, Inc.",AWS,Anniversary,595673262386,2026-02-01T00:00:00Z,2026-03-01T00:00:00Z,353545917793,Usage,2026-02-02T06:00:00Z,2026-02-02T07:00:00Z,AmazonCloudFront,ME-DataTransfer-Out-Bytes,PUT,,arn:aws:cloudfront::353545917793:distribution/E2EBT3OOYZBXXH,0.0000023814,,,USD,0.0000000000,0.0000000000,0.0000000000,0.0000000000,$0.000 per GB - data transfer out under the global monthly free tier,,"Amazon Web Services, Inc.",Amazon CloudFront,,,,,,,,,,,,,,,,,,,,,,,,,,Middle East,AWS Edge Location,,,,,,,,,,,,,,,,,,,,,,,,,,,,,,,,,,Data Transfer,,,,me-south-1,,,,,,AmazonCloudFront,Amazon CloudFront,KJKQCFWRY9KUWY4S,,,,,,External,Other,,CloudFront Outbound,,ME-DataTransfer-Out-Bytes,,,,,,KJKQCFWRY9KUWY4S.A429C66SYZ.6YS6EN2CT7,165482683414,USD,0.0000002620,0.1100000000,,GB,,,,,,,,,,21100991767,,,,,,,,,,,,,,,
ukrhvkv5dda3unbotvkooz343pt2ef62yvrrp7s24yovbkth3jtq,2026-02-01T00:00:00Z/2026-03-01T00:00:00Z,,"Amazon Web Services, Inc.",AWS,Anniversary,595673262386,2026-02-01T00:00:00Z,2026-03-01T00:00:00Z,353545917793,Usage,2026-02-01T03:00:00Z,2026-02-02T10:00:00Z,AmazonCloudFront,ME-DataTransfer-Out-Bytes,PUT,,arn:aws:cloudfront::353545917793:distribution/E3IJX9IUF6SHIC,0.0002307929,,,USD,0.0000000000,0.0000000000,0.0000000000,0.0000000000,$0.000 per GB - data transfer out under the global monthly free tier,,"Amazon Web Services, Inc.",Amazon CloudFront,,,,,,,,,,,,,,,,,,,,,,,,,,Middle East,AWS Edge Location,,,,,,,,,,,,,,,,,,,,,,,,,,,,,,,,,,Data Transfer,,,,me-south-1,,,,,,AmazonCloudFront,Amazon CloudFront,KJKQCFWRY9KUWY4S,,,,,,External,Other,,CloudFront Outbound,,ME-DataTransfer-Out-Bytes,,,,,,KJKQCFWRY9KUWY4S.A429C66SYZ.6YS6EN2CT7,165482683414,USD,0.0000253872,0.1100000000,,GB,,,,,,,,,,21100991767,,,,,,,,,,,,,,,
6o4vucl5427tv72qxcrthkw4ctgoh65xiapios6v3x72rf2qk6cq,2026-02-01T00:00:00Z/2026-03-01T00:00:00Z,,"Amazon Web Services, Inc.",AWS,Anniversary,595673262386,2026-02-01T00:00:00Z,2026-03-01T00:00:00Z,353545917793,Usage,2026-02-01T06:00:00Z,2026-02-02T09:00:00Z,AmazonCloudFront,ME-DataTransfer-Out-Bytes,PUT,,arn:aws:cloudfront::353545917793:distribution/E3LQ4K487Q3OU4,0.0000027940,,,USD,0.0000000000,0.0000000000,0.0000000000,0.0000000000,$0.000 per GB - data transfer out under the global monthly free tier,,"Amazon Web Services, Inc.",Amazon CloudFront,,,,,,,,,,,,,,,,,,,,,,,,,,Middle East,AWS Edge Location,,,,,,,,,,,,,,,,,,,,,,,,,,,,,,,,,,Data Transfer,,,,me-south-1,,,,,,AmazonCloudFront,Amazon CloudFront,KJKQCFWRY9KUWY4S,,,,,,External,Other,,CloudFront Outbound,,ME-DataTransfer-Out-Bytes,,,,,,KJKQCFWRY9KUWY4S.A429C66SYZ.6YS6EN2CT7,165482683414,USD,0.0000003073,0.1100000000,,GB,,,,,,,,,,21100991767,,,,,,,,,,,,,,,
vnxzjwy7dvhnjcpnp2grrxm6owo247aa6wrsr6fgqma3sjg3l6mq,2026-02-01T00:00:00Z/2026-03-01T00:00:00Z,,"Amazon Web Services, Inc.",AWS,Anniversary,595673262386,2026-02-01T00:00:00Z,2026-03-01T00:00:00Z,353545917793,Usage,2026-02-02T07:00:00Z,2026-02-02T10:00:00Z,AmazonCloudFront,ME-DataTransfer-Out-Bytes,PUT,,arn:aws:cloudfront::353545917793:distribution/E8VGZ28EBD02E,0.0000188500,,,USD,0.0000000000,0.0000000000,0.0000000000,0.0000000000,$0.000 per GB - data transfer out under the global monthly free tier,,"Amazon Web Services, Inc.",Amazon CloudFront,,,,,,,,,,,,,,,,,,,,,,,,,,Middle East,AWS Edge Location,,,,,,,,,,,,,,,,,,,,,,,,,,,,,,,,,,Data Transfer,,,,me-south-1,,,,,,AmazonCloudFront,Amazon CloudFront,KJKQCFWRY9KUWY4S,,,,,,External,Other,,CloudFront Outbound,,ME-DataTransfer-Out-Bytes,,,,,,KJKQCFWRY9KUWY4S.A429C66SYZ.6YS6EN2CT7,165482683414,USD,0.0000020735,0.1100000000,,GB,,,,,,,,,,21100991767,,,,,,,,,,,,,,,
k5ctbxesssclaqhryowtfhvpzinqz56cjbkujzgip7ubd2rt7y6q,2026-02-01T00:00:00Z/2026-03-01T00:00:00Z,,"Amazon Web Services, Inc.",AWS,Anniversary,595673262386,2026-02-01T00:00:00Z,2026-03-01T00:00:00Z,353545917793,Usage,2026-02-01T06:00:00Z,2026-02-01T07:00:00Z,AmazonEC2,USW2-APN1-AWS-Out-Bytes,PublicIP-Out,,i-002ddab9222dfe0bc,0.0000000512,,,USD,0.0200000000,0.0000000010,0.0200000000,0.0000000010,$0.02 per GB - US West (Oregon) data transfer to Asia Pacific (Tokyo),,"Amazon Web Services, Inc.",Amazon Elastic Compute Cloud,,,,,,,,,,,,,,,,,,,,,,,,,,US West (Oregon),AWS Region,us-west-2,,,,,,,,,,,,,,,,,,,,,,,,,,,,,,,,,Data Transfer,,,,us-west-2,,,,,,AWSDataTransfer,AWS Data Transfer,KKYH8QKF8CSNVQCC,,,,,,Asia Pacific (Tokyo),AWS Region,ap-northeast-1,InterRegion Outbound,,USW2-APN1-AWS-Out-Bytes,,,,,,KKYH8QKF8CSNVQCC.JRTCKXETXF.6YS6EN2CT7,200619044185,USD,0.0000000010,0.0200000000,OnDemand,GB,,,,,,,,,,21100991773,,,,,,,,,,,,,,,
42naf6zervztzrv5hoeevvmctzz4a3ytk5vmj4jvzojg3scor2xa,2026-02-01T00:00:00Z/2026-03-01T00:00:00Z,,"Amazon Web Services, Inc.",AWS,Anniversary,595673262386,2026-02-01T00:00:00Z,2026-03-01T00:00:00Z,353545917793,Usage,2026-02-01T03:00:00Z,2026-02-02T11:00:00Z,AmazonEC2,USW2-APN1-AWS-Out-Bytes,PublicIP-Out,,i-0ee8635d596bf3d8b,0.0000001305,,,USD,0.0200000000,0.0000000025,0.0200000000,0.0000000025,$0.02 per GB - US West (Oregon) data transfer to Asia Pacific (Tokyo),,"Amazon Web Services, Inc.",Amazon Elastic Compute Cloud,,,,,,,,,,,,,,,,,,,,,,,,,,US West (Oregon),AWS Region,us-west-2,,,,,,,,,,,,,,,,,,,,,,,,,,,,,,,,,Data Transfer,,,,us-west-2,,,,,,AWSDataTransfer,AWS Data Transfer,KKYH8QKF8CSNVQCC,,,,,,Asia Pacific (Tokyo),AWS Region,ap-northeast-1,InterRegion Outbound,,USW2-APN1-AWS-Out-Bytes,,,,,,KKYH8QKF8CSNVQCC.JRTCKXETXF.6YS6EN2CT7,200619044185,USD,0.0000000026,0.0200000000,OnDemand,GB,,,,,,,,,,21100991773,,,,,,,,,,,,,,,
wblqkud4evmtsnj3t4fkf3burp5lvwoktyo4kcz3ukbozujhclqq,2026-02-01T00:00:00Z/2026-03-01T00:00:00Z,,"Amazon Web Services, Inc.",AWS,Anniversary,595673262386,2026-02-01T00:00:00Z,2026-03-01T00:00:00Z,353545917793,Usage,2026-02-01T00:00:00Z,2026-02-01T01:00:00Z,AmazonRoute53,HostedZone,HostedZone,,arn:aws:route53:::hostedzone/Z00874073IJPDHT48G4U0,1.0000000000,,,USD,0.5000000000,0.5000000000,0.5000000000,0.5000000000,$0.50 per Hosted Zone for the first 25 Hosted Zones,,"Amazon Web Services, Inc.",Amazon Route 53,,,,,,,,,,,,,,,,,Route53 Hosted Zone,,,,,,,,,,,,,,,,,,,,,,,Any,AWS Region,,,,,,,,,,,,,,,,,,,,DNS Zone,,,,global,,,,,,AmazonRoute53,Amazon Route 53,KVPGEJE88UW8S779,,,,,,,,,,,HostedZone,,,,,,KVPGEJE88UW8S779.JRTCKXETXF.G2A93NZ7DT,231407229865,USD,0.5000000000,0.5000000000,OnDemand,HostedZone,,,,,,,,,,21100991777,,,,,,,,,,,,,,,
no5nsgr6ks5brxl2jcilbarpcrqjrwc5fzclss7ch5whuie7vnoq,2026-02-01T00:00:00Z/2026-03-01T00:00:00Z,,"Amazon Web Services, Inc.",AWS,Anniversary,595673262386,2026-02-01T00:00:00Z,2026-03-01T00:00:00Z,353545917793,Usage,2026-02-01T03:00:00Z,2026-02-01T04:00:00Z,awskms,us-east-1-KMS-Requests,ListKeys,,,1.0000000000,,,USD,0.0000000000,0.0000000000,0.0000000000,0.0000000000,$0.00 per request - Monthly Global Free Tier for KMS requests,,"Amazon Web Services, Inc.",AWS Key Management Service,,,,,,,,,,,,,,,,,,,,,,,,,,,,,,awskms-APIRequest-All,All AWS KMS API requests,,,,,,,,,US East (N. Virginia),AWS Region,,,,,,,,,,,,,,,,,,,,API Request,,,,us-east-1,us-east-1,,,,,awskms,AWS Key Management Service,MFEBZPX8NHM5FY7Z,,,,,,,,,,,us-east-1-KMS-Requests,,,,,,MFEBZPX8NHM5FY7Z.A429C66SYZ.6YS6EN2CT7,198280981972,USD,0.0000030000,0.0000030000,,Requests,,,,,,,,,,21100991800,,,,,,,,,,,,,,,
3vnlg3vytgszt4rwtcrs3nwqkczhrwumze7dti7jaeycifzwslla,2026-02-01T00:00:00Z/2026-03-01T00:00:00Z,,"Amazon Web Services, Inc.",AWS,Anniversary,595673262386,2026-02-01T00:00:00Z,2026-03-01T00:00:00Z,353545917793,Usage,2026-02-02T08:00:00Z,2026-02-02T09:00:00Z,AWSQueueService,MES1-Requests-Tier1,List,,,2.0000000000,,,USD,0.0000000000,0.0000000000,0.0000000000,0.0000000000,USD0.0 per Requests for Requests-Tier1 usage in Middle East (Bahrain),,"Amazon Web Services, Inc.",Amazon Simple Queue Service,,,,,,,,,,,,,,,,,,,,,,,,,,,,,,SQS-APIRequest-Tier1,Amazon SQS Requests,,,,,,,,,Middle East (Bahrain),AWS Region,,,,,,,At Least Once,Not Guaranteed,,,,,,,,,,,,API Request,,Standard,,me-south-1,me-south-1,,,,,AWSQueueService,Amazon Simple Queue Service,MMJQEHWUA3GBM3US,,,,,,,,,,,MES1-Requests-Tier1,,,,,,MMJQEHWUA3GBM3US.A429C66SYZ.6YS6EN2CT7,231387327412,USD,0.0000008000,0.0000004000,,Requests,,,,,,,,,,21100991765,,,,,,,,,,,,,,,
cuyulhpzdjbzki2a6ur4dbcnjgazclpqkgw4sucawm2mnadwycwa,2026-02-01T00:00:00Z/2026-03-01T00:00:00Z,,"Amazon Web Services, Inc.",AWS,Anniversary,595673262386,2026-02-01T00:00:00Z,2026-03-01T00:00:00Z,353545917793,Usage,2026-02-01T00:00:00Z,2026-02-02T11:00:00Z,AmazonGuardDuty,USW2-PaidEventsAnalyzed,none,,,31681.0000000000,,,USD,0.0000040000,0.1267240000,0.0000040000,0.1267240000,$0.000004 per CloudTrail event analyzed in US West (Oregon) region,,"Amazon Web Services, Inc.",Amazon GuardDuty,,,,,,,,,,,,,,,,,,,,,,,,,,,,,,Security Services - Amazon GuardDuty Paid CloudTrail Events Processed,,,,,,,,,,US West (Oregon),AWS Region,,,,,,,,,,,,,,,,,,,,GuardDuty,,,,us-west-2,us-west-2,,,,,AmazonGuardDuty,Amazon GuardDuty,MW5UU98V8Z3AKYJQ,,,,,,,,,,,USW2-PaidEventsAnalyzed,,,,,,MW5UU98V8Z3AKYJQ.JRTCKXETXF.6YS6EN2CT7,350321842920,USD,0.1267240000,0.0000040000,OnDemand,Events,,,,,,,,,,21100991861,,,,,,,,,,,,,,,
chgrowsvhjp2koz4wen4jm5sxf7zjpmqxykfvdpga6d55q7sggda,2026-02-01T00:00:00Z/2026-03-01T00:00:00Z,,"Amazon Web Services, Inc.",AWS,Anniversary,595673262386,2026-02-01T00:00:00Z,2026-03-01T00:00:00Z,353545917793,Usage,2026-02-01T00:00:00Z,2026-02-02T08:00:00Z,AmazonVPC,USW2-PublicIPv4:InUseAddress,DescribeNetworkInterfaces,,arn:aws:ec2:us-west-2:353545917793:network-interface/eni-0125dc38f2b40dfce,32.0000000000,,,USD,0.0050000000,0.1600000000,0.0050000000,0.1600000000,$0.005 per In-use public IPv4 address per hour,,"Amazon Web Services, Inc.",Amazon Virtual Private Cloud,,,,,,,,,,,,,,,,,,,,,,,,,,,,,,VPCPublicIPv4Address,Hourly charge for In-use Public IPv4 Addresses,,,,,,,,,US West (Oregon),AWS Region,,,,,,,,,,,,,,,,,,,,,,,,us-west-2,us-west-2,,,,,AmazonVPC,Amazon Virtual Private Cloud,NBHXEKTE88TJDDQF,,,,,,,,,,,USW2-PublicIPv4:InUseAddress,,,,,,NBHXEKTE88TJDDQF.JRTCKXETXF.6YS6EN2CT7,283124717266,USD,0.1600000000,0.0050000000,OnDemand,Hrs,,,,,,,,,,21100991771,,,,,,,,,,,,,,,
7yogbo7oo7nrclkbm2hqfsryuivyo7fxa46zr7afxrgd4l5cqpzq,2026-02-01T00:00:00Z/2026-03-01T00:00:00Z,,"Amazon Web Services, Inc.",AWS,Anniversary,595673262386,2026-02-01T00:00:00Z,2026-03-01T00:00:00Z,353545917793,Usage,2026-02-01T15:00:00Z,2026-02-01T16:00:00Z,AWSELB,USW2-APN3-AWS-In-Bytes,LoadBalancing-PublicIP-In,,arn:aws:elasticloadbalancing:us-west-2:353545917793:loadbalancer/app/ApplicatonLB-Dev/1e9a504c1888a0ba,0.0000000671,,,USD,0.0000000000,0.0000000000,0.0000000000,0.0000000000,$0.00 per GB - US West (Oregon) data transfer from Asia Pacific (Osaka),,"Amazon Web Services, Inc.",Elastic Load Balancing,,,,,,,,,,,,,,,,,,,,,,,,,,US West (Oregon),AWS Region,us-west-2,,,,,,,,,,,,,,,,,,,,,,,,,,,,,,,,,Data Transfer,,,,us-west-2,,,,,,AWSDataTransfer,AWS Data Transfer,NCQHVHAZAY4XAWPZ,,,,,,Asia Pacific (Osaka),AWS Region,ap-northeast-3,InterRegion Inbound,,USW2-APN3-AWS-In-Bytes,,,,,,NCQHVHAZAY4XAWPZ.JRTCKXETXF.6YS6EN2CT7,200619027976,USD,0.0000000000,0.0000000000,OnDemand,GB,,,,,,,,,,21100991773,,,,,,,,,,,,,,,
ii6xllcmlow5v5dlbd6utrqygnts4vpfnhalvsjcr22udmzwkjba,2026-02-01T00:00:00Z/2026-03-01T00:00:00Z,,"Amazon Web Services, Inc.",AWS,Anniversary,595673262386,2026-02-01T00:00:00Z,2026-03-01T00:00:00Z,353545917793,Usage,2026-02-01T00:00:00Z,2026-02-02T11:00:00Z,AWSGlue,USW2-Catalog-Storage,Storage,,,0.1562499995,,,USD,0.0000000000,0.0000000000,0.0000000000,0.0000000000,$0 for AWS Glue Data Catalog storage under the free tier,,"Amazon Web Services, Inc.",AWS Glue,,,,,,,,,,,,,,,,,,,,,,,,,,,,,,Data catalog storage,,,,,,,,,,US West (Oregon),AWS Region,,,,,,,,,,,,,,Storage,,,,,,AWS Glue,,,,us-west-2,us-west-2,,,,,AWSGlue,AWS Glue,NGYFRQX8ZA97G5JT,,,,,,,,,,,USW2-Catalog-Storage,,,,,,NGYFRQX8ZA97G5JT.A429C66SYZ.6YS6EN2CT7,338976513929,USD,0.0000015625,0.0000100000,,Obj-Month,,,,,,,,,,21100991854,,,,,,,,,,,,,,,
osvg226z4rgtwidix3uv7xduvcohitl5ilsvamtsgkr5gcuu2n7a,2026-02-01T00:00:00Z/2026-03-01T00:00:00Z,,"Amazon Web Services, Inc.",AWS,Anniversary,595673262386,2026-02-01T00:00:00Z,2026-03-01T00:00:00Z,353545917793,Usage,2026-02-01T08:00:00Z,2026-02-02T08:00:00Z,AmazonCloudFront,US-Requests-Tier1,GET,,arn:aws:cloudfront::353545917793:distribution/E3LQ4K487Q3OU4,7.0000000000,,,USD,0.0000000000,0.0000000000,0.0000000000,0.0000000000,$0.000 per request - HTTP or HTTPS under the global monthly free tier,,"Amazon Web Services, Inc.",Amazon CloudFront,,,,,,,,,,,,,,,,,,,,,,,,,,,,,,,,,,,,,,,,United States,AWS Edge Location,,,,,,,,,,,,,,,,,,,,Request,,,,us-east-1,,HTTP GET and HEAD requests,CloudFront-Request-Tier1,,,AmazonCloudFront,Amazon CloudFront,NJD45NCV7D7JXRXJ,,,,,,,,,,,US-Requests-Tier1,,,,,,NJD45NCV7D7JXRXJ.A429C66SYZ.6YS6EN2CT7,165482683444,USD,0.0000052500,0.0000007500,,Requests,,,,,,,,,,21100991767,,,,,,,,,,,,,,,
tzxbmey63vi3yfrnvkuyqonly63raxubxjbsny2xoywpbfs3xyqq,2026-02-01T00:00:00Z/2026-03-01T00:00:00Z,,"Amazon Web Services, Inc.",AWS,Anniversary,595673262386,2026-02-01T00:00:00Z,2026-03-01T00:00:00Z,353545917793,Usage,2026-02-02T06:00:00Z,2026-02-02T07:00:00Z,AmazonCloudFront,US-Requests-Tier2-HTTPS,GET,,arn:aws:cloudfront::353545917793:distribution/E24UQOU8RZMYBR,57.0000000000,,,USD,0.0000000000,0.0000000000,0.0000000000,0.0000000000,$0.000 per request - HTTP or HTTPS under the global monthly free tier,,"Amazon Web Services, Inc.",Amazon CloudFront,,,,,,,,,,,,,,,,,,,,,,,,,,,,,,,,,,,,,,,,United States,AWS Edge Location,,,,,,,,,,,,,,,,,,,,Request,,,,us-east-1,,HTTPS GET and HEAD requests,CloudFront-Request-Tier2,,,AmazonCloudFront,Amazon CloudFront,NPFD6SEH9MXS8M4J,,,,,,,,,,,US-Requests-Tier2-HTTPS,,,,,,NPFD6SEH9MXS8M4J.A429C66SYZ.6YS6EN2CT7,165482683429,USD,0.0000570000,0.0000010000,,Requests,,,,,,,,,,21100991767,,,,,,,,,,,,,,,
vhcjqw3hw6t6tbsviydbhqurnkjkayzhxgooufz4il54el2jla4q,2026-02-01T00:00:00Z/2026-03-01T00:00:00Z,,"Amazon Web Services, Inc.",AWS,Anniversary,595673262386,2026-02-01T00:00:00Z,2026-03-01T00:00:00Z,353545917793,Usage,2026-02-02T03:00:00Z,2026-02-02T04:00:00Z,AmazonCloudFront,US-Requests-Tier2-HTTPS,GET,,arn:aws:cloudfront::353545917793:distribution/E2EBT3OOYZBXXH,1.0000000000,,,USD,0.0000000000,0.0000000000,0.0000000000,0.0000000000,$0.000 per request - HTTP or HTTPS under the global monthly free tier,,"Amazon Web Services, Inc.",Amazon CloudFront,,,,,,,,,,,,,,,,,,,,,,,,,,,,,,,,,,,,,,,,United States,AWS Edge Location,,,,,,,,,,,,,,,,,,,,Request,,,,us-east-1,,HTTPS GET and HEAD requests,CloudFront-Request-Tier2,,,AmazonCloudFront,Amazon CloudFront,NPFD6SEH9MXS8M4J,,,,,,,,,,,US-Requests-Tier2-HTTPS,,,,,,NPFD6SEH9MXS8M4J.A429C66SYZ.6YS6EN2CT7,165482683429,USD,0.0000010000,0.0000010000,,Requests,,,,,,,,,,21100991767,,,,,,,,,,,,,,,
e3tgntvuy2wfmlotxiaumtkfi7m34ecgh26tnnocxh52tvwlmjua,2026-02-01T00:00:00Z/2026-03-01T00:00:00Z,,"Amazon Web Services, Inc.",AWS,Anniversary,595673262386,2026-02-01T00:00:00Z,2026-03-01T00:00:00Z,353545917793,Usage,2026-02-01T13:00:00Z,2026-02-01T15:00:00Z,AmazonCloudFront,US-Requests-Tier2-HTTPS,GET,,arn:aws:cloudfront::353545917793:distribution/E3IJX9IUF6SHIC,8.0000000000,,,USD,0.0000000000,0.0000000000,0.0000000000,0.0000000000,$0.000 per request - HTTP or HTTPS under the global monthly free tier,,"Amazon Web Services, Inc.",Amazon CloudFront,,,,,,,,,,,,,,,,,,,,,,,,,,,,,,,,,,,,,,,,United States,AWS Edge Location,,,,,,,,,,,,,,,,,,,,Request,,,,us-east-1,,HTTPS GET and HEAD requests,CloudFront-Request-Tier2,,,AmazonCloudFront,Amazon CloudFront,NPFD6SEH9MXS8M4J,,,,,,,,,,,US-Requests-Tier2-HTTPS,,,,,,NPFD6SEH9MXS8M4J.A429C66SYZ.6YS6EN2CT7,165482683429,USD,0.0000080000,0.0000010000,,Requests,,,,,,,,,,21100991767,,,,,,,,,,,,,,,
m7zt4ye3wqc3z7xme5oscnogkliawnwwr36aokv3umirojdevgoa,2026-02-01T00:00:00Z/2026-03-01T00:00:00Z,,"Amazon Web Services, Inc.",AWS,Anniversary,595673262386,2026-02-01T00:00:00Z,2026-03-01T00:00:00Z,353545917793,Usage,2026-02-01T03:00:00Z,2026-02-02T11:00:00Z,AmazonCloudFront,US-Requests-Tier2-HTTPS,GET,,arn:aws:cloudfront::353545917793:distribution/E3LQ4K487Q3OU4,7221.0000000000,,,USD,0.0000000000,0.0000000000,0.0000000000,0.0000000000,$0.000 per request - HTTP or HTTPS under the global monthly free tier,,"Amazon Web Services, Inc.",Amazon CloudFront,,,,,,,,,,,,,,,,,,,,,,,,,,,,,,,,,,,,,,,,United States,AWS Edge Location,,,,,,,,,,,,,,,,,,,,Request,,,,us-east-1,,HTTPS GET and HEAD requests,CloudFront-Request-Tier2,,,AmazonCloudFront,Amazon CloudFront,NPFD6SEH9MXS8M4J,,,,,,,,,,,US-Requests-Tier2-HTTPS,,,,,,NPFD6SEH9MXS8M4J.A429C66SYZ.6YS6EN2CT7,165482683429,USD,0.0072210000,0.0000010000,,Requests,,,,,,,,,,21100991767,,,,,,,,,,,,,,,
elc6zelxthk5saf26m3axz2e756ezphgryxsvl7igmubch35ooaq,2026-02-01T00:00:00Z/2026-03-01T00:00:00Z,,"Amazon Web Services, Inc.",AWS,Anniversary,595673262386,2026-02-01T00:00:00Z,2026-03-01T00:00:00Z,353545917793,Usage,2026-02-02T04:00:00Z,2026-02-02T11:00:00Z,AmazonCloudFront,US-Requests-Tier2-HTTPS,GET,,arn:aws:cloudfront::353545917793:distribution/E8VGZ28EBD02E,4003.0000000000,,,USD,0.0000000000,0.0000000000,0.0000000000,0.0000000000,$0.000 per request - HTTP or HTTPS under the global monthly free tier,,"Amazon Web Services, Inc.",Amazon CloudFront,,,,,,,,,,,,,,,,,,,,,,,,,,,,,,,,,,,,,,,,United States,AWS Edge Location,,,,,,,,,,,,,,,,,,,,Request,,,,us-east-1,,HTTPS GET and HEAD requests,CloudFront-Request-Tier2,,,AmazonCloudFront,Amazon CloudFront,NPFD6SEH9MXS8M4J,,,,,,,,,,,US-Requests-Tier2-HTTPS,,,,,,NPFD6SEH9MXS8M4J.A429C66SYZ.6YS6EN2CT7,165482683429,USD,0.0040030000,0.0000010000,,Requests,,,,,,,,,,21100991767,,,,,,,,,,,,,,,
cswfol7lzfpefkpka2de3wpydzhgkcjn763akm2o5uosd7ampkja,2026-02-01T00:00:00Z/2026-03-01T00:00:00Z,,"Amazon Web Services, Inc.",AWS,Anniversary,595673262386,2026-02-01T00:00:00Z,2026-03-01T00:00:00Z,353545917793,Usage,2026-02-01T09:00:00Z,2026-02-02T03:00:00Z,AmazonEC2,USW2-CAN1-AWS-In-Bytes,PublicIP-In,,i-0ee8635d596bf3d8b,0.0000000745,,,USD,0.0000000000,0.0000000000,0.0000000000,0.0000000000,$0.00 per GB - US West (Oregon) data transfer from Canada (Central),,"Amazon Web Services, Inc.",Amazon Elastic Compute Cloud,,,,,,,,,,,,,,,,,,,,,,,,,,US West (Oregon),AWS Region,us-west-2,,,,,,,,,,,,,,,,,,,,,,,,,,,,,,,,,Data Transfer,,,,us-west-2,,,,,,AWSDataTransfer,AWS Data Transfer,NZ5ATYD2XME3D4DM,,,,,,Canada (Central),AWS Region,ca-central-1,InterRegion Inbound,,USW2-CAN1-AWS-In-Bytes,,,,,,NZ5ATYD2XME3D4DM.JRTCKXETXF.6YS6EN2CT7,200619043648,USD,0.0000000000,0.0000000000,OnDemand,GB,,,,,,,,,,21100991773,,,,,,,,,,,,,,,
ycza2lnigjkqsvybyzeom3wl5tx44uisvdemsyboknlzud7lk5pq,2026-02-01T00:00:00Z/2026-03-01T00:00:00Z,,"Amazon Web Services, Inc.",AWS,Anniversary,595673262386,2026-02-01T00:00:00Z,2026-03-01T00:00:00Z,353545917793,Usage,2026-02-01T10:00:00Z,2026-02-01T11:00:00Z,AWSELB,USW2-CAN1-AWS-In-Bytes,LoadBalancing-PublicIP-In,,arn:aws:elasticloadbalancing:us-west-2:353545917793:loadbalancer/app/ApplicatonLB-Dev/1e9a504c1888a0ba,0.0000024773,,,USD,0.0000000000,0.0000000000,0.0000000000,0.0000000000,$0.00 per GB - US West (Oregon) data transfer from Canada (Central),,"Amazon Web Services, Inc.",Elastic Load Balancing,,,,,,,,,,,,,,,,,,,,,,,,,,US West (Oregon),AWS Region,us-west-2,,,,,,,,,,,,,,,,,,,,,,,,,,,,,,,,,Data Transfer,,,,us-west-2,,,,,,AWSDataTransfer,AWS Data Transfer,NZ5ATYD2XME3D4DM,,,,,,Canada (Central),AWS Region,ca-central-1,InterRegion Inbound,,USW2-CAN1-AWS-In-Bytes,,,,,,NZ5ATYD2XME3D4DM.JRTCKXETXF.6YS6EN2CT7,200619043648,USD,0.0000000000,0.0000000000,OnDemand,GB,,,,,,,,,,21100991773,,,,,,,,,,,,,,,
oanlsnfmq3mlu4umwd3e2nslfmnukfojpoaumpeshl3mtcnqd77a,2026-02-01T00:00:00Z/2026-03-01T00:00:00Z,,"Amazon Web Services, Inc.",AWS,Anniversary,595673262386,2026-02-01T00:00:00Z,2026-03-01T00:00:00Z,353545917793,Usage,2026-02-02T08:00:00Z,2026-02-02T09:00:00Z,AWSQueueService,SAE1-Requests-Tier1,List,,,2.0000000000,,,USD,0.0000000000,0.0000000000,0.0000000000,0.0000000000,"First 1,000,000 Amazon SQS Requests per month are free",,"Amazon Web Services, Inc.",Amazon Simple Queue Service,,,,,,,,,,,,,,,,,,,,,,,,,,,,,,SQS-APIRequest-Tier1,Amazon SQS Requests,,,,,,,,,South America (Sao Paulo),AWS Region,,,,,,,At Least Once,Not Guaranteed,,,,,,,,,,,,API Request,,Standard,,sa-east-1,sa-east-1,,,,,AWSQueueService,Amazon Simple Queue Service,PAHYVTQK8UZB4C9Q,,,,,,,,,,,SAE1-Requests-Tier1,,,,,,PAHYVTQK8UZB4C9Q.A429C66SYZ.6YS6EN2CT7,231387327392,USD,0.0000008000,0.0000004000,,Requests,,,,,,,,,,21100991765,,,,,,,,,,,,,,,
sqm3gl6hrigrqerptj6itcytf4zcyeyn5gzmax7rahck6q3gnjxa,2026-02-01T00:00:00Z/2026-03-01T00:00:00Z,,"Amazon Web Services, Inc.",AWS,Anniversary,595673262386,2026-02-01T00:00:00Z,2026-03-01T00:00:00Z,353545917793,Usage,2026-02-01T22:00:00Z,2026-02-01T23:00:00Z,AmazonEC2,USW2-APS1-AWS-Out-Bytes,PublicIP-Out,,i-0737636d2e5d8a31c,0.0000000373,,,USD,0.0200000000,0.0000000007,0.0200000000,0.0000000007,$0.02 per GB - US West (Oregon) data transfer to Asia Pacific (Singapore),,"Amazon Web Services, Inc.",Amazon Elastic Compute Cloud,,,,,,,,,,,,,,,,,,,,,,,,,,US West (Oregon),AWS Region,us-west-2,,,,,,,,,,,,,,,,,,,,,,,,,,,,,,,,,Data Transfer,,,,us-west-2,,,,,,AWSDataTransfer,AWS Data Transfer,PQJGBSU7YWWTQH72,,,,,,Asia Pacific (Singapore),AWS Region,ap-southeast-1,InterRegion Outbound,,USW2-APS1-AWS-Out-Bytes,,,,,,PQJGBSU7YWWTQH72.JRTCKXETXF.6YS6EN2CT7,200619040081,USD,0.0000000007,0.0200000000,OnDemand,GB,,,,,,,,,,21100991773,,,,,,,,,,,,,,,
djhli7dtbz55k33qjaupxt5eu6xqdkesfyrvikzmk65cacrqpbuq,2026-02-01T00:00:00Z/2026-03-01T00:00:00Z,,"Amazon Web Services, Inc.",AWS,Anniversary,595673262386,2026-02-01T00:00:00Z,2026-03-01T00:00:00Z,353545917793,Usage,2026-02-01T03:00:00Z,2026-02-01T10:00:00Z,AmazonEC2,USW2-APS1-AWS-Out-Bytes,PublicIP-Out,,i-0b9d34c5972a322eb,0.0000000727,,,USD,0.0200000000,0.0000000014,0.0200000000,0.0000000014,$0.02 per GB - US West (Oregon) data transfer to Asia Pacific (Singapore),,"Amazon Web Services, Inc.",Amazon Elastic Compute Cloud,,,,,,,,,,,,,,,,,,,,,,,,,,US West (Oregon),AWS Region,us-west-2,,,,,,,,,,,,,,,,,,,,,,,,,,,,,,,,,Data Transfer,,,,us-west-2,,,,,,AWSDataTransfer,AWS Data Transfer,PQJGBSU7YWWTQH72,,,,,,Asia Pacific (Singapore),AWS Region,ap-southeast-1,InterRegion Outbound,,USW2-APS1-AWS-Out-Bytes,,,,,,PQJGBSU7YWWTQH72.JRTCKXETXF.6YS6EN2CT7,200619040081,USD,0.0000000015,0.0200000000,OnDemand,GB,,,,,,,,,,21100991773,,,,,,,,,,,,,,,
lfthko7vlwp56krocrcagnmrncgimqovt7tcoxtobdxe6bnak47a,2026-02-01T00:00:00Z/2026-03-01T00:00:00Z,,"Amazon Web Services, Inc.",AWS,Anniversary,595673262386,2026-02-01T00:00:00Z,2026-03-01T00:00:00Z,353545917793,Usage,2026-02-01T16:00:00Z,2026-02-01T17:00:00Z,AmazonEC2,USW2-APS1-AWS-Out-Bytes,PublicIP-Out,,i-0ee8635d596bf3d8b,0.0000000373,,,USD,0.0200000000,0.0000000007,0.0200000000,0.0000000007,$0.02 per GB - US West (Oregon) data transfer to Asia Pacific (Singapore),,"Amazon Web Services, Inc.",Amazon Elastic Compute Cloud,,,,,,,,,,,,,,,,,,,,,,,,,,US West (Oregon),AWS Region,us-west-2,,,,,,,,,,,,,,,,,,,,,,,,,,,,,,,,,Data Transfer,,,,us-west-2,,,,,,AWSDataTransfer,AWS Data Transfer,PQJGBSU7YWWTQH72,,,,,,Asia Pacific (Singapore),AWS Region,ap-southeast-1,InterRegion Outbound,,USW2-APS1-AWS-Out-Bytes,,,,,,PQJGBSU7YWWTQH72.JRTCKXETXF.6YS6EN2CT7,200619040081,USD,0.0000000007,0.0200000000,OnDemand,GB,,,,,,,,,,21100991773,,,,,,,,,,,,,,,
xg5gxw7kt2kr5ulaxazgflmlipmnzxb2ywlajoupjzcxf36jza3a,2026-02-01T00:00:00Z/2026-03-01T00:00:00Z,,"Amazon Web Services, Inc.",AWS,Anniversary,595673262386,2026-02-01T00:00:00Z,2026-03-01T00:00:00Z,353545917793,Usage,2026-02-01T14:00:00Z,2026-02-01T15:00:00Z,AmazonEC2,USW2-APE1-AWS-In-Bytes,PublicIP-In,,i-0ad0d864464631aea,0.0000000559,,,USD,0.0000000000,0.0000000000,0.0000000000,0.0000000000,USD0.0 per GB for  in Asia Pacific (Hong Kong),,"Amazon Web Services, Inc.",Amazon Elastic Compute Cloud,,,,,,,,,,,,,,,,,,,,,,,,,,US West (Oregon),AWS Region,us-west-2,,,,,,,,,,,,,,,,,,,,,,,,,,,,,,,,,Data Transfer,,,,us-west-2,,,,,,AWSDataTransfer,AWS Data Transfer,PUY9X8K7NETVYCMY,,,,,,Asia Pacific (Hong Kong),AWS Region,ap-east-1,InterRegion Inbound,,USW2-APE1-AWS-In-Bytes,,,,,,PUY9X8K7NETVYCMY.JRTCKXETXF.6YS6EN2CT7,200619033841,USD,0.0000000000,0.0000000000,OnDemand,GB,,,,,,,,,,21100991773,,,,,,,,,,,,,,,
6myi3ktu2q5fe5w36lustysaavn7x3pdgcbrsimg4awwx224z6uq,2026-02-01T00:00:00Z/2026-03-01T00:00:00Z,,"Amazon Web Services, Inc.",AWS,Anniversary,595673262386,2026-02-01T00:00:00Z,2026-03-01T00:00:00Z,353545917793,Usage,2026-02-02T08:00:00Z,2026-02-02T09:00:00Z,AWSQueueService,APS1-Requests-Tier1,List,,,2.0000000000,,,USD,0.0000000000,0.0000000000,0.0000000000,0.0000000000,"First 1,000,000 Amazon SQS Requests per month are free",,"Amazon Web Services, Inc.",Amazon Simple Queue Service,,,,,,,,,,,,,,,,,,,,,,,,,,,,,,SQS-APIRequest-Tier1,Amazon SQS Requests,,,,,,,,,Asia Pacific (Singapore),AWS Region,,,,,,,At Least Once,Not Guaranteed,,,,,,,,,,,,API Request,,Standard,,ap-southeast-1,ap-southeast-1,,,,,AWSQueueService,Amazon Simple Queue Service,PVF7MDBNRK7V9S5H,,,,,,,,,,,APS1-Requests-Tier1,,,,,,PVF7MDBNRK7V9S5H.A429C66SYZ.6YS6EN2CT7,231387327366,USD,0.0000008000,0.0000004000,,Requests,,,,,,,,,,21100991765,,,,,,,,,,,,,,,
or6p42wlywlsffu5qmd4os763rop74fmgg5uirgsqjoxll37g7xq,2026-02-01T00:00:00Z/2026-03-01T00:00:00Z,,"Amazon Web Services, Inc.",AWS,Anniversary,595673262386,2026-02-01T00:00:00Z,2026-03-01T00:00:00Z,353545917793,Usage,2026-02-01T10:00:00Z,2026-02-01T11:00:00Z,AmazonEC2,USW2-AFS1-AWS-Out-Bytes,PublicIP-Out,,i-002ddab9222dfe0bc,0.0000000373,,,USD,0.0200000000,0.0000000007,0.0200000000,0.0000000007,USD 0.02 per GB for EUN1-AWS-Out-Bytes in Africa (Cape Town),,"Amazon Web Services, Inc.",Amazon Elastic Compute Cloud,,,,,,,,,,,,,,,,,,,,,,,,,,US West (Oregon),AWS Region,us-west-2,,,,,,,,,,,,,,,,,,,,,,,,,,,,,,,,,Data Transfer,,,,us-west-2,,,,,,AWSDataTransfer,AWS Data Transfer,PZQUW7MR76WXUC2Y,,,,,,Africa (Cape Town),AWS Region,af-south-1,InterRegion Outbound,,USW2-AFS1-AWS-Out-Bytes,,,,,,PZQUW7MR76WXUC2Y.JRTCKXETXF.6YS6EN2CT7,200619035340,USD,0.0000000007,0.0200000000,OnDemand,GB,,,,,,,,,,21100991773,,,,,,,,,,,,,,,
53xezlngcqgxv27y5xehzlawjpa3ozeroqfv5kuwa7jrg4kdjiaa,2026-02-01T00:00:00Z/2026-03-01T00:00:00Z,,"Amazon Web Services, Inc.",AWS,Anniversary,595673262386,2026-02-01T00:00:00Z,2026-03-01T00:00:00Z,353545917793,Usage,2026-02-02T08:00:00Z,2026-02-02T09:00:00Z,AmazonEC2,USW2-AFS1-AWS-Out-Bytes,PublicIP-Out,,i-0ee8635d596bf3d8b,0.0000000373,,,USD,0.0200000000,0.0000000007,0.0200000000,0.0000000007,USD 0.02 per GB for EUN1-AWS-Out-Bytes in Africa (Cape Town),,"Amazon Web Services, Inc.",Amazon Elastic Compute Cloud,,,,,,,,,,,,,,,,,,,,,,,,,,US West (Oregon),AWS Region,us-west-2,,,,,,,,,,,,,,,,,,,,,,,,,,,,,,,,,Data Transfer,,,,us-west-2,,,,,,AWSDataTransfer,AWS Data Transfer,PZQUW7MR76WXUC2Y,,,,,,Africa (Cape Town),AWS Region,af-south-1,InterRegion Outbound,,USW2-AFS1-AWS-Out-Bytes,,,,,,PZQUW7MR76WXUC2Y.JRTCKXETXF.6YS6EN2CT7,200619035340,USD,0.0000000007,0.0200000000,OnDemand,GB,,,,,,,,,,21100991773,,,,,,,,,,,,,,,
odmotxm6wdabhfz545pjmbsmg6dthuheb3d34ba2f3q3ffsvbmaa,2026-02-01T00:00:00Z/2026-03-01T00:00:00Z,,"Amazon Web Services, Inc.",AWS,Anniversary,595673262386,2026-02-01T00:00:00Z,2026-03-01T00:00:00Z,353545917793,Usage,2026-02-02T05:00:00Z,2026-02-02T06:00:00Z,AmazonCloudFront,ME-Requests-Tier1,GET,,arn:aws:cloudfront::353545917793:distribution/E3IJX9IUF6SHIC,1.0000000000,,,USD,0.0000000000,0.0000000000,0.0000000000,0.0000000000,$0.000 per request - HTTP or HTTPS under the global monthly free tier,,"Amazon Web Services, Inc.",Amazon CloudFront,,,,,,,,,,,,,,,,,,,,,,,,,,,,,,,,,,,,,,,,Middle East,AWS Edge Location,,,,,,,,,,,,,,,,,,,,Request,,,,me-south-1,,HTTP GET and HEAD requests,CloudFront-Request-Tier1,,,AmazonCloudFront,Amazon CloudFront,PZRBP77D3SW5RU5P,,,,,,,,,,,ME-Requests-Tier1,,,,,,PZRBP77D3SW5RU5P.A429C66SYZ.6YS6EN2CT7,165482683439,USD,0.0000009000,0.0000009000,,Requests,,,,,,,,,,21100991767,,,,,,,,,,,,,,,
v2h4a5ite6bd4stujez7nhy44vh2jrgisf3xpymsczova4wfkzoq,2026-02-01T00:00:00Z/2026-03-01T00:00:00Z,,"Amazon Web Services, Inc.",AWS,Anniversary,595673262386,2026-02-01T00:00:00Z,2026-03-01T00:00:00Z,353545917793,Usage,2026-02-01T09:00:00Z,2026-02-01T10:00:00Z,AmazonCloudFront,ME-Requests-Tier1,GET,,arn:aws:cloudfront::353545917793:distribution/E3LQ4K487Q3OU4,2.0000000000,,,USD,0.0000000000,0.0000000000,0.0000000000,0.0000000000,$0.000 per request - HTTP or HTTPS under the global monthly free tier,,"Amazon Web Services, Inc.",Amazon CloudFront,,,,,,,,,,,,,,,,,,,,,,,,,,,,,,,,,,,,,,,,Middle East,AWS Edge Location,,,,,,,,,,,,,,,,,,,,Request,,,,me-south-1,,HTTP GET and HEAD requests,CloudFront-Request-Tier1,,,AmazonCloudFront,Amazon CloudFront,PZRBP77D3SW5RU5P,,,,,,,,,,,ME-Requests-Tier1,,,,,,PZRBP77D3SW5RU5P.A429C66SYZ.6YS6EN2CT7,165482683439,USD,0.0000018000,0.0000009000,,Requests,,,,,,,,,,21100991767,,,,,,,,,,,,,,,
p6nd55azpe7njypyfgej6doentifm26mezeu4prgokvwrytw2erq,2026-02-01T00:00:00Z/2026-03-01T00:00:00Z,,"Amazon Web Services, Inc.",AWS,Anniversary,595673262386,2026-02-01T00:00:00Z,2026-03-01T00:00:00Z,353545917793,Usage,2026-02-01T00:00:00Z,2026-02-01T20:00:00Z,AmazonEC2,USW2-USE1-AWS-In-Bytes,PublicIP-In,,i-002ddab9222dfe0bc,0.0000169988,,,USD,0.0000000000,0.0000000000,0.0000000000,0.0000000000,$0.00 per GB - US West (Oregon) data transfer from US East (Northern Virginia),,"Amazon Web Services, Inc.",Amazon Elastic Compute Cloud,,,,,,,,,,,,,,,,,,,,,,,,,,US West (Oregon),AWS Region,us-west-2,,,,,,,,,,,,,,,,,,,,,,,,,,,,,,,,,Data Transfer,,,,us-west-2,,,,,,AWSDataTransfer,AWS Data Transfer,RGN4FERZ8NXYWRDE,,,,,,US East (N. Virginia),AWS Region,us-east-1,InterRegion Inbound,,USW2-USE1-AWS-In-Bytes,,,,,,RGN4FERZ8NXYWRDE.JRTCKXETXF.6YS6EN2CT7,200619039179,USD,0.0000000000,0.0000000000,OnDemand,GB,,,,,,,,,,21100991773,,,,,,,,,,,,,,,
4b6cllmfk5lv6ibkovyx3gnpwx2kci66s5jhbundjzenn2dlvrxa,2026-02-01T00:00:00Z/2026-03-01T00:00:00Z,,"Amazon Web Services, Inc.",AWS,Anniversary,595673262386,2026-02-01T00:00:00Z,2026-03-01T00:00:00Z,353545917793,Usage,2026-02-01T19:00:00Z,2026-02-01T20:00:00Z,AmazonEC2,USW2-USE1-AWS-In-Bytes,PublicIP-In,,i-027fb26adbe5ed18f,0.0000001490,,,USD,0.0000000000,0.0000000000,0.0000000000,0.0000000000,$0.00 per GB - US West (Oregon) data transfer from US East (Northern Virginia),,"Amazon Web Services, Inc.",Amazon Elastic Compute Cloud,,,,,,,,,,,,,,,,,,,,,,,,,,US West (Oregon),AWS Region,us-west-2,,,,,,,,,,,,,,,,,,,,,,,,,,,,,,,,,Data Transfer,,,,us-west-2,,,,,,AWSDataTransfer,AWS Data Transfer,RGN4FERZ8NXYWRDE,,,,,,US East (N. Virginia),AWS Region,us-east-1,InterRegion Inbound,,USW2-USE1-AWS-In-Bytes,,,,,,RGN4FERZ8NXYWRDE.JRTCKXETXF.6YS6EN2CT7,200619039179,USD,0.0000000000,0.0000000000,OnDemand,GB,,,,,,,,,,21100991773,,,,,,,,,,,,,,,
3lfffpq45qnsoauzaoyoctls3oxmlozeqlg6a4ku6guvbivg34da,2026-02-01T00:00:00Z/2026-03-01T00:00:00Z,,"Amazon Web Services, Inc.",AWS,Anniversary,595673262386,2026-02-01T00:00:00Z,2026-03-01T00:00:00Z,353545917793,Usage,2026-02-01T20:00:00Z,2026-02-02T11:00:00Z,AmazonEC2,USW2-USE1-AWS-In-Bytes,PublicIP-In,,i-03dcf6b74c7efc8a2,0.0000077860,,,USD,0.0000000000,0.0000000000,0.0000000000,0.0000000000,$0.00 per GB - US West (Oregon) data transfer from US East (Northern Virginia),,"Amazon Web Services, Inc.",Amazon Elastic Compute Cloud,,,,,,,,,,,,,,,,,,,,,,,,,,US West (Oregon),AWS Region,us-west-2,,,,,,,,,,,,,,,,,,,,,,,,,,,,,,,,,Data Transfer,,,,us-west-2,,,,,,AWSDataTransfer,AWS Data Transfer,RGN4FERZ8NXYWRDE,,,,,,US East (N. Virginia),AWS Region,us-east-1,InterRegion Inbound,,USW2-USE1-AWS-In-Bytes,,,,,,RGN4FERZ8NXYWRDE.JRTCKXETXF.6YS6EN2CT7,200619039179,USD,0.0000000000,0.0000000000,OnDemand,GB,,,,,,,,,,21100991773,,,,,,,,,,,,,,,
xishgzbh7vmf72fmpqseggkjnxoortobooii4n7vezknnm3m6cgq,2026-02-01T00:00:00Z/2026-03-01T00:00:00Z,,"Amazon Web Services, Inc.",AWS,Anniversary,595673262386,2026-02-01T00:00:00Z,2026-03-01T00:00:00Z,353545917793,Usage,2026-02-01T19:00:00Z,2026-02-01T21:00:00Z,AmazonEC2,USW2-USE1-AWS-In-Bytes,PublicIP-In,,i-059b0e7dc012d0824,0.0000003465,,,USD,0.0000000000,0.0000000000,0.0000000000,0.0000000000,$0.00 per GB - US West (Oregon) data transfer from US East (Northern Virginia),,"Amazon Web Services, Inc.",Amazon Elastic Compute Cloud,,,,,,,,,,,,,,,,,,,,,,,,,,US West (Oregon),AWS Region,us-west-2,,,,,,,,,,,,,,,,,,,,,,,,,,,,,,,,,Data Transfer,,,,us-west-2,,,,,,AWSDataTransfer,AWS Data Transfer,RGN4FERZ8NXYWRDE,,,,,,US East (N. Virginia),AWS Region,us-east-1,InterRegion Inbound,,USW2-USE1-AWS-In-Bytes,,,,,,RGN4FERZ8NXYWRDE.JRTCKXETXF.6YS6EN2CT7,200619039179,USD,0.0000000000,0.0000000000,OnDemand,GB,,,,,,,,,,21100991773,,,,,,,,,,,,,,,
pqaprkx7oqxhzsvr3idjbprplnjplzklzml4757l3lq2nfnd7goa,2026-02-01T00:00:00Z/2026-03-01T00:00:00Z,,"Amazon Web Services, Inc.",AWS,Anniversary,595673262386,2026-02-01T00:00:00Z,2026-03-01T00:00:00Z,353545917793,Usage,2026-02-01T00:00:00Z,2026-02-02T11:00:00Z,AmazonEC2,USW2-USE1-AWS-In-Bytes,PublicIP-In,,i-0737636d2e5d8a31c,0.0000199829,,,USD,0.0000000000,0.0000000000,0.0000000000,0.0000000000,$0.00 per GB - US West (Oregon) data transfer from US East (Northern Virginia),,"Amazon Web Services, Inc.",Amazon Elastic Compute Cloud,,,,,,,,,,,,,,,,,,,,,,,,,,US West (Oregon),AWS Region,us-west-2,,,,,,,,,,,,,,,,,,,,,,,,,,,,,,,,,Data Transfer,,,,us-west-2,,,,,,AWSDataTransfer,AWS Data Transfer,RGN4FERZ8NXYWRDE,,,,,,US East (N. Virginia),AWS Region,us-east-1,InterRegion Inbound,,USW2-USE1-AWS-In-Bytes,,,,,,RGN4FERZ8NXYWRDE.JRTCKXETXF.6YS6EN2CT7,200619039179,USD,0.0000000000,0.0000000000,OnDemand,GB,,,,,,,,,,21100991773,,,,,,,,,,,,,,,
n7npia7woy4zlkt63u7wamvo7wealntbyszsj6xd3j4ebmu2ga7q,2026-02-01T00:00:00Z/2026-03-01T00:00:00Z,,"Amazon Web Services, Inc.",AWS,Anniversary,595673262386,2026-02-01T00:00:00Z,2026-03-01T00:00:00Z,353545917793,Usage,2026-02-01T00:00:00Z,2026-02-02T11:00:00Z,AmazonEC2,USW2-USE1-AWS-In-Bytes,PublicIP-In,,i-0ad0d864464631aea,0.0000212007,,,USD,0.0000000000,0.0000000000,0.0000000000,0.0000000000,$0.00 per GB - US West (Oregon) data transfer from US East (Northern Virginia),,"Amazon Web Services, Inc.",Amazon Elastic Compute Cloud,,,,,,,,,,,,,,,,,,,,,,,,,,US West (Oregon),AWS Region,us-west-2,,,,,,,,,,,,,,,,,,,,,,,,,,,,,,,,,Data Transfer,,,,us-west-2,,,,,,AWSDataTransfer,AWS Data Transfer,RGN4FERZ8NXYWRDE,,,,,,US East (N. Virginia),AWS Region,us-east-1,InterRegion Inbound,,USW2-USE1-AWS-In-Bytes,,,,,,RGN4FERZ8NXYWRDE.JRTCKXETXF.6YS6EN2CT7,200619039179,USD,0.0000000000,0.0000000000,OnDemand,GB,,,,,,,,,,21100991773,,,,,,,,,,,,,,,
dbafkmsvr2iimk5hxrf5anaou6erznozv2v6w7kokxsu4yckix2q,2026-02-01T00:00:00Z/2026-03-01T00:00:00Z,,"Amazon Web Services, Inc.",AWS,Anniversary,595673262386,2026-02-01T00:00:00Z,2026-03-01T00:00:00Z,353545917793,Usage,2026-02-01T03:00:00Z,2026-02-02T11:00:00Z,AmazonEC2,USW2-USE1-AWS-In-Bytes,PublicIP-In,,i-0b76fb544c7e81b35,0.0092079130,,,USD,0.0000000000,0.0000000000,0.0000000000,0.0000000000,$0.00 per GB - US West (Oregon) data transfer from US East (Northern Virginia),,"Amazon Web Services, Inc.",Amazon Elastic Compute Cloud,,,,,,,,,,,,,,,,,,,,,,,,,,US West (Oregon),AWS Region,us-west-2,,,,,,,,,,,,,,,,,,,,,,,,,,,,,,,,,Data Transfer,,,,us-west-2,,,,,,AWSDataTransfer,AWS Data Transfer,RGN4FERZ8NXYWRDE,,,,,,US East (N. Virginia),AWS Region,us-east-1,InterRegion Inbound,,USW2-USE1-AWS-In-Bytes,,,,,,RGN4FERZ8NXYWRDE.JRTCKXETXF.6YS6EN2CT7,200619039179,USD,0.0000000000,0.0000000000,OnDemand,GB,,,,,,,,,,21100991773,,,,,,,,,,,,,,,
2bkyxhpufhhk77ohckrl6wgz4pt3yothe5jylgokhzpxd7ow7ulq,2026-02-01T00:00:00Z/2026-03-01T00:00:00Z,,"Amazon Web Services, Inc.",AWS,Anniversary,595673262386,2026-02-01T00:00:00Z,2026-03-01T00:00:00Z,353545917793,Usage,2026-02-01T00:00:00Z,2026-02-01T20:00:00Z,AmazonEC2,USW2-USE1-AWS-In-Bytes,PublicIP-In,,i-0b9d34c5972a322eb,0.0000150444,,,USD,0.0000000000,0.0000000000,0.0000000000,0.0000000000,$0.00 per GB - US West (Oregon) data transfer from US East (Northern Virginia),,"Amazon Web Services, Inc.",Amazon Elastic Compute Cloud,,,,,,,,,,,,,,,,,,,,,,,,,,US West (Oregon),AWS Region,us-west-2,,,,,,,,,,,,,,,,,,,,,,,,,,,,,,,,,Data Transfer,,,,us-west-2,,,,,,AWSDataTransfer,AWS Data Transfer,RGN4FERZ8NXYWRDE,,,,,,US East (N. Virginia),AWS Region,us-east-1,InterRegion Inbound,,USW2-USE1-AWS-In-Bytes,,,,,,RGN4FERZ8NXYWRDE.JRTCKXETXF.6YS6EN2CT7,200619039179,USD,0.0000000000,0.0000000000,OnDemand,GB,,,,,,,,,,21100991773,,,,,,,,,,,,,,,
wrdnccbdq2emn5ngltwpr6t4isakzn5gihhcdkovozfl5ljewxoa,2026-02-01T00:00:00Z/2026-03-01T00:00:00Z,,"Amazon Web Services, Inc.",AWS,Anniversary,595673262386,2026-02-01T00:00:00Z,2026-03-01T00:00:00Z,353545917793,Usage,2026-02-01T00:00:00Z,2026-02-02T11:00:00Z,AmazonEC2,USW2-USE1-AWS-In-Bytes,PublicIP-In,,i-0ee8635d596bf3d8b,0.0000208951,,,USD,0.0000000000,0.0000000000,0.0000000000,0.0000000000,$0.00 per GB - US West (Oregon) data transfer from US East (Northern Virginia),,"Amazon Web Services, Inc.",Amazon Elastic Compute Cloud,,,,,,,,,,,,,,,,,,,,,,,,,,US West (Oregon),AWS Region,us-west-2,,,,,,,,,,,,,,,,,,,,,,,,,,,,,,,,,Data Transfer,,,,us-west-2,,,,,,AWSDataTransfer,AWS Data Transfer,RGN4FERZ8NXYWRDE,,,,,,US East (N. Virginia),AWS Region,us-east-1,InterRegion Inbound,,USW2-USE1-AWS-In-Bytes,,,,,,RGN4FERZ8NXYWRDE.JRTCKXETXF.6YS6EN2CT7,200619039179,USD,0.0000000000,0.0000000000,OnDemand,GB,,,,,,,,,,21100991773,,,,,,,,,,,,,,,
dj2vzssem5troegosrpycin2wrxg3jplmfefa4nm3xazpasedtcq,2026-02-01T00:00:00Z/2026-03-01T00:00:00Z,,"Amazon Web Services, Inc.",AWS,Anniversary,595673262386,2026-02-01T00:00:00Z,2026-03-01T00:00:00Z,353545917793,Usage,2026-02-01T10:00:00Z,2026-02-01T11:00:00Z,AmazonRDS,USW2-USE1-AWS-In-Bytes,Not Applicable,,arn:aws:rds:us-west-2:353545917793:db:postgres-instance,0.0000011967,,,USD,0.0000000000,0.0000000000,0.0000000000,0.0000000000,$0.00 per GB - US West (Oregon) data transfer from US East (Northern Virginia),,"Amazon Web Services, Inc.",Amazon Relational Database Service,,,,,,,,,,,,,,,,,,,,,,,,,,US West (Oregon),AWS Region,us-west-2,,,,,,,,,,,,,,,,,,,,,,,,,,,,,,,,,Data Transfer,,,,us-west-2,,,,,,AWSDataTransfer,AWS Data Transfer,RGN4FERZ8NXYWRDE,,,,,,US East (N. Virginia),AWS Region,us-east-1,InterRegion Inbound,,USW2-USE1-AWS-In-Bytes,,,,,,RGN4FERZ8NXYWRDE.JRTCKXETXF.6YS6EN2CT7,200619039179,USD,0.0000000000,0.0000000000,OnDemand,GB,,,,,,,,,,21100991773,,,,,,,,,,,,,,,
pqerxzb24v67u3xoavcbkepyt4nhdcl5uj7ln2rwmivam534ssla,2026-02-01T00:00:00Z/2026-03-01T00:00:00Z,,"Amazon Web Services, Inc.",AWS,Anniversary,595673262386,2026-02-01T00:00:00Z,2026-03-01T00:00:00Z,353545917793,Usage,2026-02-02T07:00:00Z,2026-02-02T08:00:00Z,AmazonS3,USW2-USE1-AWS-In-Bytes,PutObject,,dplit-monthly-billing-reports,0.0000000075,,,USD,0.0000000000,0.0000000000,0.0000000000,0.0000000000,$0.00 per GB - US West (Oregon) data transfer from US East (Northern Virginia),,"Amazon Web Services, Inc.",Amazon Simple Storage Service,,,,,,,,,,,,,,,,,,,,,,,,,,US West (Oregon),AWS Region,us-west-2,,,,,,,,,,,,,,,,,,,,,,,,,,,,,,,,,Data Transfer,,,,us-west-2,,,,,,AWSDataTransfer,AWS Data Transfer,RGN4FERZ8NXYWRDE,,,,,,US East (N. Virginia),AWS Region,us-east-1,InterRegion Inbound,,USW2-USE1-AWS-In-Bytes,,,,,,RGN4FERZ8NXYWRDE.JRTCKXETXF.6YS6EN2CT7,200619039179,USD,0.0000000000,0.0000000000,OnDemand,GB,,,,,,,,,,21100991773,,,,,,,,,,,,,,,
hkr76yepujrewiv24fsnphvkkts6ecjkwcaadbliqgfaenptrava,2026-02-01T00:00:00Z/2026-03-01T00:00:00Z,,"Amazon Web Services, Inc.",AWS,Anniversary,595673262386,2026-02-01T00:00:00Z,2026-03-01T00:00:00Z,353545917793,Usage,2026-02-02T07:00:00Z,2026-02-02T08:00:00Z,AmazonS3,USW2-USE1-AWS-In-Bytes,WriteBucketPolicy,,dplit-monthly-billing-reports,0.0000006696,,,USD,0.0000000000,0.0000000000,0.0000000000,0.0000000000,$0.00 per GB - US West (Oregon) data transfer from US East (Northern Virginia),,"Amazon Web Services, Inc.",Amazon Simple Storage Service,,,,,,,,,,,,,,,,,,,,,,,,,,US West (Oregon),AWS Region,us-west-2,,,,,,,,,,,,,,,,,,,,,,,,,,,,,,,,,Data Transfer,,,,us-west-2,,,,,,AWSDataTransfer,AWS Data Transfer,RGN4FERZ8NXYWRDE,,,,,,US East (N. Virginia),AWS Region,us-east-1,InterRegion Inbound,,USW2-USE1-AWS-In-Bytes,,,,,,RGN4FERZ8NXYWRDE.JRTCKXETXF.6YS6EN2CT7,200619039179,USD,0.0000000000,0.0000000000,OnDemand,GB,,,,,,,,,,21100991773,,,,,,,,,,,,,,,
sy77a7kvdqow2bp56yialqm2dabgqzkv267ky2fu7hmphpv7mi4q,2026-02-01T00:00:00Z/2026-03-01T00:00:00Z,,"Amazon Web Services, Inc.",AWS,Anniversary,595673262386,2026-02-01T00:00:00Z,2026-03-01T00:00:00Z,353545917793,Usage,2026-02-01T00:00:00Z,2026-02-02T09:00:00Z,AWSELB,USW2-USE1-AWS-In-Bytes,LoadBalancing-PublicIP-In,,arn:aws:elasticloadbalancing:us-west-2:353545917793:loadbalancer/app/ApplicatonLB-Dev/1e9a504c1888a0ba,0.0000275961,,,USD,0.0000000000,0.0000000000,0.0000000000,0.0000000000,$0.00 per GB - US West (Oregon) data transfer from US East (Northern Virginia),,"Amazon Web Services, Inc.",Elastic Load Balancing,,,,,,,,,,,,,,,,,,,,,,,,,,US West (Oregon),AWS Region,us-west-2,,,,,,,,,,,,,,,,,,,,,,,,,,,,,,,,,Data Transfer,,,,us-west-2,,,,,,AWSDataTransfer,AWS Data Transfer,RGN4FERZ8NXYWRDE,,,,,,US East (N. Virginia),AWS Region,us-east-1,InterRegion Inbound,,USW2-USE1-AWS-In-Bytes,,,,,,RGN4FERZ8NXYWRDE.JRTCKXETXF.6YS6EN2CT7,200619039179,USD,0.0000000000,0.0000000000,OnDemand,GB,,,,,,,,,,21100991773,,,,,,,,,,,,,,,
ty2rmbqmrzv2wnlku23cwlx6fae3bstpi3nu5iuvrojkoy4whq2a,2026-02-01T00:00:00Z/2026-03-01T00:00:00Z,,"Amazon Web Services, Inc.",AWS,Anniversary,595673262386,2026-02-01T00:00:00Z,2026-03-01T00:00:00Z,353545917793,Usage,2026-02-01T11:00:00Z,2026-02-01T12:00:00Z,AmazonEC2,USW2-EUN1-AWS-In-Bytes,PublicIP-In,,i-0b9d34c5972a322eb,0.0000000559,,,USD,0.0000000000,0.0000000000,0.0000000000,0.0000000000,USD 0.0 per GB for EUN1-AWS-In-Bytes in EU (Stockholm),,"Amazon Web Services, Inc.",Amazon Elastic Compute Cloud,,,,,,,,,,,,,,,,,,,,,,,,,,US West (Oregon),AWS Region,us-west-2,,,,,,,,,,,,,,,,,,,,,,,,,,,,,,,,,Data Transfer,,,,us-west-2,,,,,,AWSDataTransfer,AWS Data Transfer,SDZJ3RVGSDZ69N6A,,,,,,EU (Stockholm),AWS Region,eu-north-1,InterRegion Inbound,,USW2-EUN1-AWS-In-Bytes,,,,,,SDZJ3RVGSDZ69N6A.JRTCKXETXF.6YS6EN2CT7,200619049676,USD,0.0000000000,0.0000000000,OnDemand,GB,,,,,,,,,,21100991773,,,,,,,,,,,,,,,
dwotascx2kbrnyfg36jdidtqsylhcwxatpoy3gkk6u4wc6rv3s5q,2026-02-01T00:00:00Z/2026-03-01T00:00:00Z,,"Amazon Web Services, Inc.",AWS,Anniversary,595673262386,2026-02-01T00:00:00Z,2026-03-01T00:00:00Z,353545917793,Usage,2026-02-01T18:00:00Z,2026-02-02T09:00:00Z,awskms,us-west-2-KMS-Requests,Decrypt,,arn:aws:kms:us-west-2:353545917793:key/6ee60339-255c-4976-ae6f-339e638b3c5d,52.0000000000,,,USD,0.0000000000,0.0000000000,0.0000000000,0.0000000000,$0.00 per request - Monthly Global Free Tier for KMS requests,,"Amazon Web Services, Inc.",AWS Key Management Service,,,,,,,,,,,,,,,,,,,,,,,,,,,,,,awskms-APIRequest-All,All AWS KMS API requests,,,,,,,,,US West (Oregon),AWS Region,,,,,,,,,,,,,,,,,,,,API Request,,,,us-west-2,us-west-2,,,,,awskms,AWS Key Management Service,SE9KXT6M6JTP7E4W,,,,,,,,,,,us-west-2-KMS-Requests,,,,,,SE9KXT6M6JTP7E4W.A429C66SYZ.6YS6EN2CT7,198280982003,USD,0.0001560000,0.0000030000,,Requests,,,,,,,,,,21100991800,,,,,,,,,,,,,,,
rssqdouktza2nl4mc2wbs2l4wfyths2xn26dwv4t7xl74r45d2za,2026-02-01T00:00:00Z/2026-03-01T00:00:00Z,,"Amazon Web Services, Inc.",AWS,Anniversary,595673262386,2026-02-01T00:00:00Z,2026-03-01T00:00:00Z,353545917793,Usage,2026-02-02T08:00:00Z,2026-02-02T09:00:00Z,awskms,us-west-2-KMS-Requests,DescribeKey,,arn:aws:kms:us-west-2:353545917793:key/d51f14a8-63a7-454e-905d-1ae545bd51c2,2.0000000000,,,USD,0.0000000000,0.0000000000,0.0000000000,0.0000000000,$0.00 per request - Monthly Global Free Tier for KMS requests,,"Amazon Web Services, Inc.",AWS Key Management Service,,,,,,,,,,,,,,,,,,,,,,,,,,,,,,awskms-APIRequest-All,All AWS KMS API requests,,,,,,,,,US West (Oregon),AWS Region,,,,,,,,,,,,,,,,,,,,API Request,,,,us-west-2,us-west-2,,,,,awskms,AWS Key Management Service,SE9KXT6M6JTP7E4W,,,,,,,,,,,us-west-2-KMS-Requests,,,,,,SE9KXT6M6JTP7E4W.A429C66SYZ.6YS6EN2CT7,198280982003,USD,0.0000060000,0.0000030000,,Requests,,,,,,,,,,21100991800,,,,,,,,,,,,,,,
fdjmkklwfyx32k4r5uluhhrr32yuro34c37gng3qfgev5mq7p5la,2026-02-01T00:00:00Z/2026-03-01T00:00:00Z,,"Amazon Web Services, Inc.",AWS,Anniversary,595673262386,2026-02-01T00:00:00Z,2026-03-01T00:00:00Z,353545917793,Usage,2026-02-01T18:00:00Z,2026-02-02T09:00:00Z,awskms,us-west-2-KMS-Requests,GenerateDataKey,,arn:aws:kms:us-west-2:353545917793:key/6ee60339-255c-4976-ae6f-339e638b3c5d,16.0000000000,,,USD,0.0000000000,0.0000000000,0.0000000000,0.0000000000,$0.00 per request - Monthly Global Free Tier for KMS requests,,"Amazon Web Services, Inc.",AWS Key Management Service,,,,,,,,,,,,,,,,,,,,,,,,,,,,,,awskms-APIRequest-All,All AWS KMS API requests,,,,,,,,,US West (Oregon),AWS Region,,,,,,,,,,,,,,,,,,,,API Request,,,,us-west-2,us-west-2,,,,,awskms,AWS Key Management Service,SE9KXT6M6JTP7E4W,,,,,,,,,,,us-west-2-KMS-Requests,,,,,,SE9KXT6M6JTP7E4W.A429C66SYZ.6YS6EN2CT7,198280982003,USD,0.0000480000,0.0000030000,,Requests,,,,,,,,,,21100991800,,,,,,,,,,,,,,,
ttwgnjxz2y4xqqjaqdemuzz4y5z5ffc3nixa4y32vawmsgfn5nua,2026-02-01T00:00:00Z/2026-03-01T00:00:00Z,,"Amazon Web Services, Inc.",AWS,Anniversary,595673262386,2026-02-01T00:00:00Z,2026-03-01T00:00:00Z,353545917793,Usage,2026-02-02T06:00:00Z,2026-02-02T09:00:00Z,awskms,us-west-2-KMS-Requests,ListAliases,,,4.0000000000,,,USD,0.0000000000,0.0000000000,0.0000000000,0.0000000000,$0.00 per request - Monthly Global Free Tier for KMS requests,,"Amazon Web Services, Inc.",AWS Key Management Service,,,,,,,,,,,,,,,,,,,,,,,,,,,,,,awskms-APIRequest-All,All AWS KMS API requests,,,,,,,,,US West (Oregon),AWS Region,,,,,,,,,,,,,,,,,,,,API Request,,,,us-west-2,us-west-2,,,,,awskms,AWS Key Management Service,SE9KXT6M6JTP7E4W,,,,,,,,,,,us-west-2-KMS-Requests,,,,,,SE9KXT6M6JTP7E4W.A429C66SYZ.6YS6EN2CT7,198280982003,USD,0.0000120000,0.0000030000,,Requests,,,,,,,,,,21100991800,,,,,,,,,,,,,,,
u4dnlridimj6igykfqszpfydx6m3dii5hdlkdh7gyrisns3gbssq,2026-02-01T00:00:00Z/2026-03-01T00:00:00Z,,"Amazon Web Services, Inc.",AWS,Anniversary,595673262386,2026-02-01T00:00:00Z,2026-03-01T00:00:00Z,353545917793,Usage,2026-02-01T02:00:00Z,2026-02-02T11:00:00Z,AmazonRoute53,Intra-AWS-DNS-Queries,A,,arn:aws:route53:::hostedzone/Z00874073IJPDHT48G4U0,4310.0000000000,,,USD,0.0000000000,0.0000000000,0.0000000000,0.0000000000,Queries to Alias records are free of charge,,"Amazon Web Services, Inc.",Amazon Route 53,,,,,,,,,,,,,,,,,,,,,,,,,,,,,,,,,,,,,,,,,,,,,,,,,,,,,,,,,,,,,DNS Query,,,,global,,,,AWS Infrastructure,Standard,AmazonRoute53,Amazon Route 53,SJ2RJA9FC4AMHVM9,,,,,,,,,,,Intra-AWS-DNS-Queries,,,,,,SJ2RJA9FC4AMHVM9.JRTCKXETXF.6YS6EN2CT7,231407229680,USD,0.0000000000,0.0000000000,OnDemand,Queries,,,,,,,,,,21100991777,,,,,,,,,,,,,,,
muek7mchamjhiwtor73mlelp7lpiu6gqwbjyszkllbdiofo4wsfa,2026-02-01T00:00:00Z/2026-03-01T00:00:00Z,,"Amazon Web Services, Inc.",AWS,Anniversary,595673262386,2026-02-01T00:00:00Z,2026-03-01T00:00:00Z,353545917793,Usage,2026-02-01T00:00:00Z,2026-02-02T11:00:00Z,AmazonCloudWatch,USW2-CW:AlarmMonitorUsage,Unknown,,,0.3124999990,,,USD,0.0000000000,0.0000000000,0.0000000000,0.0000000000,$0.00 per alarm metric month - first 10 alarm metrics,,"Amazon Web Services, Inc.",AmazonCloudWatch,Standard,,,,,,,,,,,,,,,,,,,,,,,,,,,,,Alarm,CloudWatch Alarms,,,,,,,,,US West (Oregon),AWS Region,,,,,,,,,,,,,,,,,,,,Alarm,,,,us-west-2,us-west-2,,,,,AmazonCloudWatch,AmazonCloudWatch,SJTFAZNHSW2WVZB2,,,,,,,,,,,USW2-CW:AlarmMonitorUsage,,,,,,SJTFAZNHSW2WVZB2.A429C66SYZ.6YS6EN2CT7,313536232933,USD,0.0312499999,0.1000000000,,Alarms,,,,,,,,,,21100991796,,,,,,,,,,,,,,,
jg7lygww7c3och4ejbypxnubude7ss6fys4fijcwgceuzduiulbq,2026-02-01T00:00:00Z/2026-03-01T00:00:00Z,,"Amazon Web Services, Inc.",AWS,Anniversary,595673262386,2026-02-01T00:00:00Z,2026-03-01T00:00:00Z,353545917793,Usage,2026-02-02T06:00:00Z,2026-02-02T07:00:00Z,AmazonCloudFront,ME-Requests-HTTPS-Proxy,POST,,arn:aws:cloudfront::353545917793:distribution/E1Z9OJCLDPJYZR,4.0000000000,,,USD,0.0000000000,0.0000000000,0.0000000000,0.0000000000,$0.000 per request - HTTP or HTTPS under the global monthly free tier,,"Amazon Web Services, Inc.",Amazon CloudFront,,,,,,,,,,,,,,,,,,,,,,,,,,,,,,,,,,,,,,,,Middle East,AWS Edge Location,,,,,,,,,,,,,,,,,,,,Request,,,,me-south-1,,"HTTPS DELETE, OPTIONS, PATCH, POST, and PUT requests that CloudFront forwards to your origin",CloudFront-Request-HTTPS-Proxy,,,AmazonCloudFront,Amazon CloudFront,SKMJ5UEE99K42C3T,,,,,,,,,,,ME-Requests-HTTPS-Proxy,,,,,,SKMJ5UEE99K42C3T.A429C66SYZ.6YS6EN2CT7,165482683434,USD,0.0000048000,0.0000012000,,Requests,,,,,,,,,,21100991767,,,,,,,,,,,,,,,
vi345qlqmlfmdzulbiwgnis2cqzyh2fmwejk2um7zj6d7kdd6bga,2026-02-01T00:00:00Z/2026-03-01T00:00:00Z,,"Amazon Web Services, Inc.",AWS,Anniversary,595673262386,2026-02-01T00:00:00Z,2026-03-01T00:00:00Z,353545917793,Usage,2026-02-02T04:00:00Z,2026-02-02T08:00:00Z,AmazonCloudFront,ME-Requests-HTTPS-Proxy,POST,,arn:aws:cloudfront::353545917793:distribution/E2EBT3OOYZBXXH,25.0000000000,,,USD,0.0000000000,0.0000000000,0.0000000000,0.0000000000,$0.000 per request - HTTP or HTTPS under the global monthly free tier,,"Amazon Web Services, Inc.",Amazon CloudFront,,,,,,,,,,,,,,,,,,,,,,,,,,,,,,,,,,,,,,,,Middle East,AWS Edge Location,,,,,,,,,,,,,,,,,,,,Request,,,,me-south-1,,"HTTPS DELETE, OPTIONS, PATCH, POST, and PUT requests that CloudFront forwards to your origin",CloudFront-Request-HTTPS-Proxy,,,AmazonCloudFront,Amazon CloudFront,SKMJ5UEE99K42C3T,,,,,,,,,,,ME-Requests-HTTPS-Proxy,,,,,,SKMJ5UEE99K42C3T.A429C66SYZ.6YS6EN2CT7,165482683434,USD,0.0000300000,0.0000012000,,Requests,,,,,,,,,,21100991767,,,,,,,,,,,,,,,
2mstgf6rts7h26hllapj3qe4jfhwc4bg6fkiqk3yanb4f244ehba,2026-02-01T00:00:00Z/2026-03-01T00:00:00Z,,"Amazon Web Services, Inc.",AWS,Anniversary,595673262386,2026-02-01T00:00:00Z,2026-03-01T00:00:00Z,353545917793,Usage,2026-02-01T03:00:00Z,2026-02-02T10:00:00Z,AmazonCloudFront,ME-Requests-HTTPS-Proxy,POST,,arn:aws:cloudfront::353545917793:distribution/E3IJX9IUF6SHIC,2209.0000000000,,,USD,0.0000000000,0.0000000000,0.0000000000,0.0000000000,$0.000 per request - HTTP or HTTPS under the global monthly free tier,,"Amazon Web Services, Inc.",Amazon CloudFront,,,,,,,,,,,,,,,,,,,,,,,,,,,,,,,,,,,,,,,,Middle East,AWS Edge Location,,,,,,,,,,,,,,,,,,,,Request,,,,me-south-1,,"HTTPS DELETE, OPTIONS, PATCH, POST, and PUT requests that CloudFront forwards to your origin",CloudFront-Request-HTTPS-Proxy,,,AmazonCloudFront,Amazon CloudFront,SKMJ5UEE99K42C3T,,,,,,,,,,,ME-Requests-HTTPS-Proxy,,,,,,SKMJ5UEE99K42C3T.A429C66SYZ.6YS6EN2CT7,165482683434,USD,0.0026508000,0.0000012000,,Requests,,,,,,,,,,21100991767,,,,,,,,,,,,,,,
sfkckaxxw5eru2ctgv67qelbuux7ppmtl35nhjbsbpa75wlpw45q,2026-02-01T00:00:00Z/2026-03-01T00:00:00Z,,"Amazon Web Services, Inc.",AWS,Anniversary,595673262386,2026-02-01T00:00:00Z,2026-03-01T00:00:00Z,353545917793,Usage,2026-02-01T04:00:00Z,2026-02-02T10:00:00Z,AmazonCloudFront,ME-Requests-HTTPS-Proxy,POST,,arn:aws:cloudfront::353545917793:distribution/E3LQ4K487Q3OU4,29.0000000000,,,USD,0.0000000000,0.0000000000,0.0000000000,0.0000000000,$0.000 per request - HTTP or HTTPS under the global monthly free tier,,"Amazon Web Services, Inc.",Amazon CloudFront,,,,,,,,,,,,,,,,,,,,,,,,,,,,,,,,,,,,,,,,Middle East,AWS Edge Location,,,,,,,,,,,,,,,,,,,,Request,,,,me-south-1,,"HTTPS DELETE, OPTIONS, PATCH, POST, and PUT requests that CloudFront forwards to your origin",CloudFront-Request-HTTPS-Proxy,,,AmazonCloudFront,Amazon CloudFront,SKMJ5UEE99K42C3T,,,,,,,,,,,ME-Requests-HTTPS-Proxy,,,,,,SKMJ5UEE99K42C3T.A429C66SYZ.6YS6EN2CT7,165482683434,USD,0.0000348000,0.0000012000,,Requests,,,,,,,,,,21100991767,,,,,,,,,,,,,,,
fov2yehqvhs4h5ds2pgolixlglvv4pyz7iwdy4qohuyv7kfwwk6a,2026-02-01T00:00:00Z/2026-03-01T00:00:00Z,,"Amazon Web Services, Inc.",AWS,Anniversary,595673262386,2026-02-01T00:00:00Z,2026-03-01T00:00:00Z,353545917793,Usage,2026-02-01T20:00:00Z,2026-02-02T10:00:00Z,AmazonCloudFront,ME-Requests-HTTPS-Proxy,POST,,arn:aws:cloudfront::353545917793:distribution/E8VGZ28EBD02E,152.0000000000,,,USD,0.0000000000,0.0000000000,0.0000000000,0.0000000000,$0.000 per request - HTTP or HTTPS under the global monthly free tier,,"Amazon Web Services, Inc.",Amazon CloudFront,,,,,,,,,,,,,,,,,,,,,,,,,,,,,,,,,,,,,,,,Middle East,AWS Edge Location,,,,,,,,,,,,,,,,,,,,Request,,,,me-south-1,,"HTTPS DELETE, OPTIONS, PATCH, POST, and PUT requests that CloudFront forwards to your origin",CloudFront-Request-HTTPS-Proxy,,,AmazonCloudFront,Amazon CloudFront,SKMJ5UEE99K42C3T,,,,,,,,,,,ME-Requests-HTTPS-Proxy,,,,,,SKMJ5UEE99K42C3T.A429C66SYZ.6YS6EN2CT7,165482683434,USD,0.0001824000,0.0000012000,,Requests,,,,,,,,,,21100991767,,,,,,,,,,,,,,,
3piovwcbyyy5d74lmcb6tj646sqx7mwqvjvga5z6yddhyulrvryq,2026-02-01T00:00:00Z/2026-03-01T00:00:00Z,,"Amazon Web Services, Inc.",AWS,Anniversary,595673262386,2026-02-01T00:00:00Z,2026-03-01T00:00:00Z,353545917793,Usage,2026-02-02T06:00:00Z,2026-02-02T07:00:00Z,AmazonCloudFront,ME-Requests-HTTPS-Proxy,PUT,,arn:aws:cloudfront::353545917793:distribution/E1Z9OJCLDPJYZR,1.0000000000,,,USD,0.0000000000,0.0000000000,0.0000000000,0.0000000000,$0.000 per request - HTTP or HTTPS under the global monthly free tier,,"Amazon Web Services, Inc.",Amazon CloudFront,,,,,,,,,,,,,,,,,,,,,,,,,,,,,,,,,,,,,,,,Middle East,AWS Edge Location,,,,,,,,,,,,,,,,,,,,Request,,,,me-south-1,,"HTTPS DELETE, OPTIONS, PATCH, POST, and PUT requests that CloudFront forwards to your origin",CloudFront-Request-HTTPS-Proxy,,,AmazonCloudFront,Amazon CloudFront,SKMJ5UEE99K42C3T,,,,,,,,,,,ME-Requests-HTTPS-Proxy,,,,,,SKMJ5UEE99K42C3T.A429C66SYZ.6YS6EN2CT7,165482683434,USD,0.0000012000,0.0000012000,,Requests,,,,,,,,,,21100991767,,,,,,,,,,,,,,,
csjiw5yibm2eecwtumykziawhscaulqbs3qlyt3ug5dpaxpvlo2q,2026-02-01T00:00:00Z/2026-03-01T00:00:00Z,,"Amazon Web Services, Inc.",AWS,Anniversary,595673262386,2026-02-01T00:00:00Z,2026-03-01T00:00:00Z,353545917793,Usage,2026-02-02T06:00:00Z,2026-02-02T07:00:00Z,AmazonCloudFront,ME-Requests-HTTPS-Proxy,PUT,,arn:aws:cloudfront::353545917793:distribution/E2EBT3OOYZBXXH,3.0000000000,,,USD,0.0000000000,0.0000000000,0.0000000000,0.0000000000,$0.000 per request - HTTP or HTTPS under the global monthly free tier,,"Amazon Web Services, Inc.",Amazon CloudFront,,,,,,,,,,,,,,,,,,,,,,,,,,,,,,,,,,,,,,,,Middle East,AWS Edge Location,,,,,,,,,,,,,,,,,,,,Request,,,,me-south-1,,"HTTPS DELETE, OPTIONS, PATCH, POST, and PUT requests that CloudFront forwards to your origin",CloudFront-Request-HTTPS-Proxy,,,AmazonCloudFront,Amazon CloudFront,SKMJ5UEE99K42C3T,,,,,,,,,,,ME-Requests-HTTPS-Proxy,,,,,,SKMJ5UEE99K42C3T.A429C66SYZ.6YS6EN2CT7,165482683434,USD,0.0000036000,0.0000012000,,Requests,,,,,,,,,,21100991767,,,,,,,,,,,,,,,
dg6pa7pngqvjvdwf43nthsawepxick5u2lhlfmhviegczbizmcnq,2026-02-01T00:00:00Z/2026-03-01T00:00:00Z,,"Amazon Web Services, Inc.",AWS,Anniversary,595673262386,2026-02-01T00:00:00Z,2026-03-01T00:00:00Z,353545917793,Usage,2026-02-01T03:00:00Z,2026-02-02T10:00:00Z,AmazonCloudFront,ME-Requests-HTTPS-Proxy,PUT,,arn:aws:cloudfront::353545917793:distribution/E3IJX9IUF6SHIC,436.0000000000,,,USD,0.0000000000,0.0000000000,0.0000000000,0.0000000000,$0.000 per request - HTTP or HTTPS under the global monthly free tier,,"Amazon Web Services, Inc.",Amazon CloudFront,,,,,,,,,,,,,,,,,,,,,,,,,,,,,,,,,,,,,,,,Middle East,AWS Edge Location,,,,,,,,,,,,,,,,,,,,Request,,,,me-south-1,,"HTTPS DELETE, OPTIONS, PATCH, POST, and PUT requests that CloudFront forwards to your origin",CloudFront-Request-HTTPS-Proxy,,,AmazonCloudFront,Amazon CloudFront,SKMJ5UEE99K42C3T,,,,,,,,,,,ME-Requests-HTTPS-Proxy,,,,,,SKMJ5UEE99K42C3T.A429C66SYZ.6YS6EN2CT7,165482683434,USD,0.0005232000,0.0000012000,,Requests,,,,,,,,,,21100991767,,,,,,,,,,,,,,,
ew2irozzdwkf7jgztkfr2dn674m3ion4h4vjmfgpryfx2njk5xfq,2026-02-01T00:00:00Z/2026-03-01T00:00:00Z,,"Amazon Web Services, Inc.",AWS,Anniversary,595673262386,2026-02-01T00:00:00Z,2026-03-01T00:00:00Z,353545917793,Usage,2026-02-01T06:00:00Z,2026-02-02T09:00:00Z,AmazonCloudFront,ME-Requests-HTTPS-Proxy,PUT,,arn:aws:cloudfront::353545917793:distribution/E3LQ4K487Q3OU4,4.0000000000,,,USD,0.0000000000,0.0000000000,0.0000000000,0.0000000000,$0.000 per request - HTTP or HTTPS under the global monthly free tier,,"Amazon Web Services, Inc.",Amazon CloudFront,,,,,,,,,,,,,,,,,,,,,,,,,,,,,,,,,,,,,,,,Middle East,AWS Edge Location,,,,,,,,,,,,,,,,,,,,Request,,,,me-south-1,,"HTTPS DELETE, OPTIONS, PATCH, POST, and PUT requests that CloudFront forwards to your origin",CloudFront-Request-HTTPS-Proxy,,,AmazonCloudFront,Amazon CloudFront,SKMJ5UEE99K42C3T,,,,,,,,,,,ME-Requests-HTTPS-Proxy,,,,,,SKMJ5UEE99K42C3T.A429C66SYZ.6YS6EN2CT7,165482683434,USD,0.0000048000,0.0000012000,,Requests,,,,,,,,,,21100991767,,,,,,,,,,,,,,,
o35p6bdaaaj74557qttmrptw65efwo7fh3cjpysercmjh6fjg25a,2026-02-01T00:00:00Z/2026-03-01T00:00:00Z,,"Amazon Web Services, Inc.",AWS,Anniversary,595673262386,2026-02-01T00:00:00Z,2026-03-01T00:00:00Z,353545917793,Usage,2026-02-02T07:00:00Z,2026-02-02T10:00:00Z,AmazonCloudFront,ME-Requests-HTTPS-Proxy,PUT,,arn:aws:cloudfront::353545917793:distribution/E8VGZ28EBD02E,32.0000000000,,,USD,0.0000000000,0.0000000000,0.0000000000,0.0000000000,$0.000 per request - HTTP or HTTPS under the global monthly free tier,,"Amazon Web Services, Inc.",Amazon CloudFront,,,,,,,,,,,,,,,,,,,,,,,,,,,,,,,,,,,,,,,,Middle East,AWS Edge Location,,,,,,,,,,,,,,,,,,,,Request,,,,me-south-1,,"HTTPS DELETE, OPTIONS, PATCH, POST, and PUT requests that CloudFront forwards to your origin",CloudFront-Request-HTTPS-Proxy,,,AmazonCloudFront,Amazon CloudFront,SKMJ5UEE99K42C3T,,,,,,,,,,,ME-Requests-HTTPS-Proxy,,,,,,SKMJ5UEE99K42C3T.A429C66SYZ.6YS6EN2CT7,165482683434,USD,0.0000384000,0.0000012000,,Requests,,,,,,,,,,21100991767,,,,,,,,,,,,,,,
c47dyxplghztumxchprhgae2dvpo2hwqskyqnfjurzs7rgxs53ea,2026-02-01T00:00:00Z/2026-03-01T00:00:00Z,,"Amazon Web Services, Inc.",AWS,Anniversary,595673262386,2026-02-01T00:00:00Z,2026-03-01T00:00:00Z,353545917793,Usage,2026-02-02T08:00:00Z,2026-02-02T09:00:00Z,AWSQueueService,APN3-Requests-Tier1,List,,,2.0000000000,,,USD,0.0000000000,0.0000000000,0.0000000000,0.0000000000,"First 1,000,000 Amazon SQS Requests per month are free",,"Amazon Web Services, Inc.",Amazon Simple Queue Service,,,,,,,,,,,,,,,,,,,,,,,,,,,,,,SQS-APIRequest-Tier1,Amazon SQS Requests,,,,,,,,,Asia Pacific (Osaka),AWS Region,,,,,,,At Least Once,Not Guaranteed,,,,,,,,,,,,API Request,,Standard,,ap-northeast-3,ap-northeast-3,,,,,AWSQueueService,Amazon Simple Queue Service,SNCBHWU9JQQ5FM7G,,,,,,,,,,,APN3-Requests-Tier1,,,,,,SNCBHWU9JQQ5FM7G.A429C66SYZ.6YS6EN2CT7,231387327396,USD,0.0000008000,0.0000004000,,Requests,,,,,,,,,,21100991765,,,,,,,,,,,,,,,
c64cmpcu6sw6t6ysqpf5itkcu77rriiepuyeibqtfwvqskwevvna,2026-02-01T00:00:00Z/2026-03-01T00:00:00Z,,"Amazon Web Services, Inc.",AWS,Anniversary,595673262386,2026-02-01T00:00:00Z,2026-03-01T00:00:00Z,353545917793,Usage,2026-02-02T08:00:00Z,2026-02-02T09:00:00Z,AWSQueueService,EU-Requests-Tier1,List,,,2.0000000000,,,USD,0.0000000000,0.0000000000,0.0000000000,0.0000000000,"First 1,000,000 Amazon SQS Requests per month are free",,"Amazon Web Services, Inc.",Amazon Simple Queue Service,,,,,,,,,,,,,,,,,,,,,,,,,,,,,,SQS-APIRequest-Tier1,Amazon SQS Requests,,,,,,,,,EU (Ireland),AWS Region,,,,,,,At Least Once,Not Guaranteed,,,,,,,,,,,,API Request,,Standard,,eu-west-1,eu-west-1,,,,,AWSQueueService,Amazon Simple Queue Service,SSZJAF3K6XY544ES,,,,,,,,,,,EU-Requests-Tier1,,,,,,SSZJAF3K6XY544ES.A429C66SYZ.6YS6EN2CT7,231387327398,USD,0.0000008000,0.0000004000,,Requests,,,,,,,,,,21100991765,,,,,,,,,,,,,,,
wmthwkpgghsmadg4je4iinneygdyc6vasmupiiffr47sxqvpk6vq,2026-02-01T00:00:00Z/2026-03-01T00:00:00Z,,"Amazon Web Services, Inc.",AWS,Anniversary,595673262386,2026-02-01T00:00:00Z,2026-03-01T00:00:00Z,353545917793,Usage,2026-02-01T14:00:00Z,2026-02-01T15:00:00Z,AmazonEC2,USW2-APE1-AWS-Out-Bytes,PublicIP-Out,,i-0ad0d864464631aea,0.0000000373,,,USD,0.0200000000,0.0000000007,0.0200000000,0.0000000007,USD0.02 per GB for  in Asia Pacific (Hong Kong),,"Amazon Web Services, Inc.",Amazon Elastic Compute Cloud,,,,,,,,,,,,,,,,,,,,,,,,,,US West (Oregon),AWS Region,us-west-2,,,,,,,,,,,,,,,,,,,,,,,,,,,,,,,,,Data Transfer,,,,us-west-2,,,,,,AWSDataTransfer,AWS Data Transfer,SY4TRCXN6MEBCAXT,,,,,,Asia Pacific (Hong Kong),AWS Region,ap-east-1,InterRegion Outbound,,USW2-APE1-AWS-Out-Bytes,,,,,,SY4TRCXN6MEBCAXT.JRTCKXETXF.6YS6EN2CT7,200619072276,USD,0.0000000007,0.0200000000,OnDemand,GB,,,,,,,,,,21100991773,,,,,,,,,,,,,,,
aug74weodwd456nexjpbftxmlqbzmly3izhszdjyorxhfhctvpiq,2026-02-01T00:00:00Z/2026-03-01T00:00:00Z,,"Amazon Web Services, Inc.",AWS,Anniversary,595673262386,2026-02-01T00:00:00Z,2026-03-01T00:00:00Z,353545917793,Usage,2026-02-01T02:00:00Z,2026-02-01T03:00:00Z,AmazonEC2,USW2-EUW2-AWS-Out-Bytes,PublicIP-Out,,i-0b9d34c5972a322eb,0.0000000540,,,USD,0.0200000000,0.0000000011,0.0200000000,0.0000000011,$0.02 per GB - US West (Oregon) data transfer to EU (London),,"Amazon Web Services, Inc.",Amazon Elastic Compute Cloud,,,,,,,,,,,,,,,,,,,,,,,,,,US West (Oregon),AWS Region,us-west-2,,,,,,,,,,,,,,,,,,,,,,,,,,,,,,,,,Data Transfer,,,,us-west-2,,,,,,AWSDataTransfer,AWS Data Transfer,TF7WQEG5R5FMV8T3,,,,,,EU (London),AWS Region,eu-west-2,InterRegion Outbound,,USW2-EUW2-AWS-Out-Bytes,,,,,,TF7WQEG5R5FMV8T3.JRTCKXETXF.6YS6EN2CT7,200619062445,USD,0.0000000011,0.0200000000,OnDemand,GB,,,,,,,,,,21100991773,,,,,,,,,,,,,,,
2ban3wlwglecusydc2l7auxmcjkafuqcbluwoid65o2na6c5rehq,2026-02-01T00:00:00Z/2026-03-01T00:00:00Z,,"Amazon Web Services, Inc.",AWS,Anniversary,595673262386,2026-02-01T00:00:00Z,2026-03-01T00:00:00Z,353545917793,Usage,2026-02-01T07:00:00Z,2026-02-01T08:00:00Z,AmazonEC2,USW2-APN2-AWS-In-Bytes,PublicIP-In,,i-002ddab9222dfe0bc,0.0000000475,,,USD,0.0000000000,0.0000000000,0.0000000000,0.0000000000,$0.00 per GB - US West (Oregon) data transfer from Asia Pacific (Seoul),,"Amazon Web Services, Inc.",Amazon Elastic Compute Cloud,,,,,,,,,,,,,,,,,,,,,,,,,,US West (Oregon),AWS Region,us-west-2,,,,,,,,,,,,,,,,,,,,,,,,,,,,,,,,,Data Transfer,,,,us-west-2,,,,,,AWSDataTransfer,AWS Data Transfer,TFM5QFYWUC5GTCCY,,,,,,Asia Pacific (Seoul),AWS Region,ap-northeast-2,InterRegion Inbound,,USW2-APN2-AWS-In-Bytes,,,,,,TFM5QFYWUC5GTCCY.JRTCKXETXF.6YS6EN2CT7,200619028239,USD,0.0000000000,0.0000000000,OnDemand,GB,,,,,,,,,,21100991773,,,,,,,,,,,,,,,
oobbmottnbnximtrxrrqhked7ddmwzowyorgdkti3pji7ryanruq,2026-02-01T00:00:00Z/2026-03-01T00:00:00Z,,"Amazon Web Services, Inc.",AWS,Anniversary,595673262386,2026-02-01T00:00:00Z,2026-03-01T00:00:00Z,353545917793,Usage,2026-02-01T04:00:00Z,2026-02-01T05:00:00Z,AmazonEC2,USW2-APN2-AWS-In-Bytes,PublicIP-In,,i-0737636d2e5d8a31c,0.0000001118,,,USD,0.0000000000,0.0000000000,0.0000000000,0.0000000000,$0.00 per GB - US West (Oregon) data transfer from Asia Pacific (Seoul),,"Amazon Web Services, Inc.",Amazon Elastic Compute Cloud,,,,,,,,,,,,,,,,,,,,,,,,,,US West (Oregon),AWS Region,us-west-2,,,,,,,,,,,,,,,,,,,,,,,,,,,,,,,,,Data Transfer,,,,us-west-2,,,,,,AWSDataTransfer,AWS Data Transfer,TFM5QFYWUC5GTCCY,,,,,,Asia Pacific (Seoul),AWS Region,ap-northeast-2,InterRegion Inbound,,USW2-APN2-AWS-In-Bytes,,,,,,TFM5QFYWUC5GTCCY.JRTCKXETXF.6YS6EN2CT7,200619028239,USD,0.0000000000,0.0000000000,OnDemand,GB,,,,,,,,,,21100991773,,,,,,,,,,,,,,,
q5grnkkehiifmky7s3qtzez3fewxm3flviqtmhcrj6abp25von7q,2026-02-01T00:00:00Z/2026-03-01T00:00:00Z,,"Amazon Web Services, Inc.",AWS,Anniversary,595673262386,2026-02-01T00:00:00Z,2026-03-01T00:00:00Z,353545917793,Usage,2026-02-01T01:00:00Z,2026-02-01T02:00:00Z,AmazonEC2,USW2-APN2-AWS-In-Bytes,PublicIP-In,,i-0ee8635d596bf3d8b,0.0000001118,,,USD,0.0000000000,0.0000000000,0.0000000000,0.0000000000,$0.00 per GB - US West (Oregon) data transfer from Asia Pacific (Seoul),,"Amazon Web Services, Inc.",Amazon Elastic Compute Cloud,,,,,,,,,,,,,,,,,,,,,,,,,,US West (Oregon),AWS Region,us-west-2,,,,,,,,,,,,,,,,,,,,,,,,,,,,,,,,,Data Transfer,,,,us-west-2,,,,,,AWSDataTransfer,AWS Data Transfer,TFM5QFYWUC5GTCCY,,,,,,Asia Pacific (Seoul),AWS Region,ap-northeast-2,InterRegion Inbound,,USW2-APN2-AWS-In-Bytes,,,,,,TFM5QFYWUC5GTCCY.JRTCKXETXF.6YS6EN2CT7,200619028239,USD,0.0000000000,0.0000000000,OnDemand,GB,,,,,,,,,,21100991773,,,,,,,,,,,,,,,
clkbhg6hxpr3tclulew4v2xfshtmw4my2dbrprhnc6knc7r7hacq,2026-02-01T00:00:00Z/2026-03-01T00:00:00Z,,"Amazon Web Services, Inc.",AWS,Anniversary,595673262386,2026-02-01T00:00:00Z,2026-03-01T00:00:00Z,353545917793,Usage,2026-02-01T20:00:00Z,2026-02-02T11:00:00Z,AmazonCognito,USW2-CognitoEssentialsMAU,CognitoEssentialsOperation,,arn:aws:cognito-idp:us-west-2:353545917793:userpool/us-west-2_EhyC1DLto,8.0000000000,,,USD,0.0000000000,0.0000000000,0.0000000000,0.0000000000,Cognito Essentials us-west-2 free tier pricing,,"Amazon Web Services, Inc.",Amazon Cognito,,,,,,,,,,,,,,,,,,,,,,,,,,,,,,,,,,,,,,,,US West (Oregon),AWS Region,,,,,,,,,,,,,,CognitoEssentialsOperation,,,,,,Amazon Cognito - Essentials,,,,us-west-2,us-west-2,,,,,AmazonCognito,Amazon Cognito,TJFUTGYWGKNBSHG2,,,,,,,,,,,USW2-CognitoEssentialsMAU,,,,,,TJFUTGYWGKNBSHG2.A429C66SYZ.6YS6EN2CT7,301285416665,USD,0.1200000000,0.0150000000,,CognitoUserPoolsMAU,,,,,,,,,,21100991829,,,,,,,,,,,,,,,
wih53xsnlssqp6c6ou3yqz3ginqqkfhdx2bp6txmfivgf3ol56ma,2026-02-01T00:00:00Z/2026-03-01T00:00:00Z,,"Amazon Web Services, Inc.",AWS,Anniversary,595673262386,2026-02-01T00:00:00Z,2026-03-01T00:00:00Z,353545917793,Usage,2026-02-02T06:00:00Z,2026-02-02T07:00:00Z,AmazonCognito,USW2-CognitoEssentialsMAU,CognitoEssentialsOperation,,arn:aws:cognito-idp:us-west-2:353545917793:userpool/us-west-2_jpn5P5sTa,4.0000000000,,,USD,0.0000000000,0.0000000000,0.0000000000,0.0000000000,Cognito Essentials us-west-2 free tier pricing,,"Amazon Web Services, Inc.",Amazon Cognito,,,,,,,,,,,,,,,,,,,,,,,,,,,,,,,,,,,,,,,,US West (Oregon),AWS Region,,,,,,,,,,,,,,CognitoEssentialsOperation,,,,,,Amazon Cognito - Essentials,,,,us-west-2,us-west-2,,,,,AmazonCognito,Amazon Cognito,TJFUTGYWGKNBSHG2,,,,,,,,,,,USW2-CognitoEssentialsMAU,,,,,,TJFUTGYWGKNBSHG2.A429C66SYZ.6YS6EN2CT7,301285416665,USD,0.0600000000,0.0150000000,,CognitoUserPoolsMAU,,,,,,,,,,21100991829,,,,,,,,,,,,,,,
tci4eezw4z5ixjavo33k2sf5jtj64c6jtetur4kmzr7ejy4fdrgq,2026-02-01T00:00:00Z/2026-03-01T00:00:00Z,,"Amazon Web Services, Inc.",AWS,Anniversary,595673262386,2026-02-01T00:00:00Z,2026-03-01T00:00:00Z,353545917793,Usage,2026-02-01T02:00:00Z,2026-02-02T11:00:00Z,AmazonCognito,USW2-CognitoEssentialsMAU,CognitoEssentialsOperation,,arn:aws:cognito-idp:us-west-2:353545917793:userpool/us-west-2_tN8Km1dyy,223.0000000000,,,USD,0.0000000000,0.0000000000,0.0000000000,0.0000000000,Cognito Essentials us-west-2 free tier pricing,,"Amazon Web Services, Inc.",Amazon Cognito,,,,,,,,,,,,,,,,,,,,,,,,,,,,,,,,,,,,,,,,US West (Oregon),AWS Region,,,,,,,,,,,,,,CognitoEssentialsOperation,,,,,,Amazon Cognito - Essentials,,,,us-west-2,us-west-2,,,,,AmazonCognito,Amazon Cognito,TJFUTGYWGKNBSHG2,,,,,,,,,,,USW2-CognitoEssentialsMAU,,,,,,TJFUTGYWGKNBSHG2.A429C66SYZ.6YS6EN2CT7,301285416665,USD,3.3450000000,0.0150000000,,CognitoUserPoolsMAU,,,,,,,,,,21100991829,,,,,,,,,,,,,,,
zf6tocltp42y36v5zj4oqldun2uxbqmw7yhecwh6qn4ndcjan5aa,2026-02-01T00:00:00Z/2026-03-01T00:00:00Z,,"Amazon Web Services, Inc.",AWS,Anniversary,595673262386,2026-02-01T00:00:00Z,2026-03-01T00:00:00Z,353545917793,Usage,2026-02-02T02:00:00Z,2026-02-02T03:00:00Z,AmazonCloudFront,AP-DataTransfer-Out-OBytes,OPTIONS,,arn:aws:cloudfront::353545917793:distribution/E3LQ4K487Q3OU4,0.0000002598,,,USD,0.0600000000,0.0000000156,0.0600000000,0.0000000156,$0.060 per GB - All data transfer out to Origin (Asia),,"Amazon Web Services, Inc.",Amazon CloudFront,,,,,,,,,,,,,,,,,,,,,,,,,,Asia Pacific,AWS Edge Location,,,,,,,,,,,,,,,,,,,,,,,,,,,,,,,,,,Data Transfer,,,,ap-southeast-1,,,,,,AmazonCloudFront,Amazon CloudFront,U8P37H38743VG7RS,,,,,,Data Origin,Other,,CloudFront to Origin,,AP-DataTransfer-Out-OBytes,,,,,,U8P37H38743VG7RS.JRTCKXETXF.6YS6EN2CT7,165467107666,USD,0.0000000156,0.0600000000,OnDemand,GB,,,,,,,,,,21100991767,,,,,,,,,,,,,,,
iikb5tdjvnrrs6yhuooivcrfool2fzsqaxztilohsn2sog3ty7ia,2026-02-01T00:00:00Z/2026-03-01T00:00:00Z,,"Amazon Web Services, Inc.",AWS,Anniversary,595673262386,2026-02-01T00:00:00Z,2026-03-01T00:00:00Z,353545917793,Usage,2026-02-01T12:00:00Z,2026-02-02T10:00:00Z,AmazonCloudFront,AP-DataTransfer-Out-OBytes,POST,,arn:aws:cloudfront::353545917793:distribution/E3IJX9IUF6SHIC,0.0010153352,,,USD,0.0600000000,0.0000609202,0.0600000000,0.0000609202,$0.060 per GB - All data transfer out to Origin (Asia),,"Amazon Web Services, Inc.",Amazon CloudFront,,,,,,,,,,,,,,,,,,,,,,,,,,Asia Pacific,AWS Edge Location,,,,,,,,,,,,,,,,,,,,,,,,,,,,,,,,,,Data Transfer,,,,ap-southeast-1,,,,,,AmazonCloudFront,Amazon CloudFront,U8P37H38743VG7RS,,,,,,Data Origin,Other,,CloudFront to Origin,,AP-DataTransfer-Out-OBytes,,,,,,U8P37H38743VG7RS.JRTCKXETXF.6YS6EN2CT7,165467107666,USD,0.0000609201,0.0600000000,OnDemand,GB,,,,,,,,,,21100991767,,,,,,,,,,,,,,,
2lj5tokb4nh53xsbwl5u6sjogtkwcryt2sjk7p6uy3qtzl2rqb6a,2026-02-01T00:00:00Z/2026-03-01T00:00:00Z,,"Amazon Web Services, Inc.",AWS,Anniversary,595673262386,2026-02-01T00:00:00Z,2026-03-01T00:00:00Z,353545917793,Usage,2026-02-02T02:00:00Z,2026-02-02T08:00:00Z,AmazonCloudFront,AP-DataTransfer-Out-OBytes,POST,,arn:aws:cloudfront::353545917793:distribution/E3LQ4K487Q3OU4,0.0000168523,,,USD,0.0600000000,0.0000010110,0.0600000000,0.0000010110,$0.060 per GB - All data transfer out to Origin (Asia),,"Amazon Web Services, Inc.",Amazon CloudFront,,,,,,,,,,,,,,,,,,,,,,,,,,Asia Pacific,AWS Edge Location,,,,,,,,,,,,,,,,,,,,,,,,,,,,,,,,,,Data Transfer,,,,ap-southeast-1,,,,,,AmazonCloudFront,Amazon CloudFront,U8P37H38743VG7RS,,,,,,Data Origin,Other,,CloudFront to Origin,,AP-DataTransfer-Out-OBytes,,,,,,U8P37H38743VG7RS.JRTCKXETXF.6YS6EN2CT7,165467107666,USD,0.0000010111,0.0600000000,OnDemand,GB,,,,,,,,,,21100991767,,,,,,,,,,,,,,,
to37to5nfwmwbj4dyiorekkovqyvcfvbfhmss5xojkogqqx4z4pq,2026-02-01T00:00:00Z/2026-03-01T00:00:00Z,,"Amazon Web Services, Inc.",AWS,Anniversary,595673262386,2026-02-01T00:00:00Z,2026-03-01T00:00:00Z,353545917793,Usage,2026-02-02T05:00:00Z,2026-02-02T08:00:00Z,AmazonCloudFront,AP-DataTransfer-Out-OBytes,PUT,,arn:aws:cloudfront::353545917793:distribution/E3IJX9IUF6SHIC,0.0000108592,,,USD,0.0600000000,0.0000006516,0.0600000000,0.0000006516,$0.060 per GB - All data transfer out to Origin (Asia),,"Amazon Web Services, Inc.",Amazon CloudFront,,,,,,,,,,,,,,,,,,,,,,,,,,Asia Pacific,AWS Edge Location,,,,,,,,,,,,,,,,,,,,,,,,,,,,,,,,,,Data Transfer,,,,ap-southeast-1,,,,,,AmazonCloudFront,Amazon CloudFront,U8P37H38743VG7RS,,,,,,Data Origin,Other,,CloudFront to Origin,,AP-DataTransfer-Out-OBytes,,,,,,U8P37H38743VG7RS.JRTCKXETXF.6YS6EN2CT7,165467107666,USD,0.0000006516,0.0600000000,OnDemand,GB,,,,,,,,,,21100991767,,,,,,,,,,,,,,,
lizoapc554vgfyjvmh7ofoqce7p5ytjunw55jsdfuushw2kakltq,2026-02-01T00:00:00Z/2026-03-01T00:00:00Z,,"Amazon Web Services, Inc.",AWS,Anniversary,595673262386,2026-02-01T00:00:00Z,2026-03-01T00:00:00Z,353545917793,Usage,2026-02-01T11:00:00Z,2026-02-01T12:00:00Z,AmazonEC2,USW2-EUN1-AWS-Out-Bytes,PublicIP-Out,,i-0b9d34c5972a322eb,0.0000000373,,,USD,0.0200000000,0.0000000007,0.0200000000,0.0000000007,USD 0.02 per GB for EUN1-AWS-Out-Bytes in EU (Stockholm),,"Amazon Web Services, Inc.",Amazon Elastic Compute Cloud,,,,,,,,,,,,,,,,,,,,,,,,,,US West (Oregon),AWS Region,us-west-2,,,,,,,,,,,,,,,,,,,,,,,,,,,,,,,,,Data Transfer,,,,us-west-2,,,,,,AWSDataTransfer,AWS Data Transfer,UDZFA74V5H6HAS2Z,,,,,,EU (Stockholm),AWS Region,eu-north-1,InterRegion Outbound,,USW2-EUN1-AWS-Out-Bytes,,,,,,UDZFA74V5H6HAS2Z.JRTCKXETXF.6YS6EN2CT7,200619062258,USD,0.0000000007,0.0200000000,OnDemand,GB,,,,,,,,,,21100991773,,,,,,,,,,,,,,,
xn55ugpbeyt5jfx2j4y2xz3ebnya6ptq55fzofye2linu3ztt5nq,2026-02-01T00:00:00Z/2026-03-01T00:00:00Z,,"Amazon Web Services, Inc.",AWS,Anniversary,595673262386,2026-02-01T00:00:00Z,2026-03-01T00:00:00Z,353545917793,Usage,2026-02-01T00:00:00Z,2026-02-02T08:00:00Z,AmazonVPC,USW2-PublicIPv4:InUseAddress,AssociateAddressVPC,,arn:aws:ec2:us-west-2:353545917793:network-interface/eni-0844b850c7018f53d,32.0000000000,,,USD,0.0000000000,0.0000000000,0.0000000000,0.0000000000,$0.00 per In-use public IPv4 address per hour for EC2 Free Tier,,"Amazon Web Services, Inc.",Amazon Virtual Private Cloud,,,,,,,,,,,,,,,,,,,,,,,,,,,,,,VPCPublicIPv4Address,Hourly charge for In-use Public IPv4 Addresses for EC2 Free Tier (AssociateAddressVPC),,,,,,,,,US West (Oregon),AWS Region,,,,,,,,,,,,,,AssociateAddressVPC,,,,,,,,,,us-west-2,us-west-2,,,,,AmazonVPC,Amazon Virtual Private Cloud,UHVSZ9GM6V73VY5H,,,,,,,,,,,USW2-PublicIPv4:InUseAddress,,,,,,UHVSZ9GM6V73VY5H.A429C66SYZ.6YS6EN2CT7,283124797637,USD,0.0000000000,,,Hrs,,,,,,,,,,21100991771,,,,,,,,,,,,,,,
vv6l424cqof2htf6sneuqcy7fahertej4zvqcnh53jz4bw3u3kea,2026-02-01T00:00:00Z/2026-03-01T00:00:00Z,,"Amazon Web Services, Inc.",AWS,Anniversary,595673262386,2026-02-01T00:00:00Z,2026-03-01T00:00:00Z,353545917793,Usage,2026-02-01T00:00:00Z,2026-02-02T08:00:00Z,AmazonVPC,USW2-PublicIPv4:InUseAddress,AssociateAddressVPC,,arn:aws:ec2:us-west-2:353545917793:network-interface/eni-0e370f3f5b2a02228,32.0000000000,,,USD,0.0000000000,0.0000000000,0.0000000000,0.0000000000,$0.00 per In-use public IPv4 address per hour for EC2 Free Tier,,"Amazon Web Services, Inc.",Amazon Virtual Private Cloud,,,,,,,,,,,,,,,,,,,,,,,,,,,,,,VPCPublicIPv4Address,Hourly charge for In-use Public IPv4 Addresses for EC2 Free Tier (AssociateAddressVPC),,,,,,,,,US West (Oregon),AWS Region,,,,,,,,,,,,,,AssociateAddressVPC,,,,,,,,,,us-west-2,us-west-2,,,,,AmazonVPC,Amazon Virtual Private Cloud,UHVSZ9GM6V73VY5H,,,,,,,,,,,USW2-PublicIPv4:InUseAddress,,,,,,UHVSZ9GM6V73VY5H.A429C66SYZ.6YS6EN2CT7,283124797637,USD,0.0000000000,,,Hrs,,,,,,,,,,21100991771,,,,,,,,,,,,,,,
7v5424u2n3rlmcm7cqe7m33jybqmhvzjqyfwhg2uv47ku5pn4qga,2026-02-01T00:00:00Z/2026-03-01T00:00:00Z,,"Amazon Web Services, Inc.",AWS,Anniversary,595673262386,2026-02-01T00:00:00Z,2026-03-01T00:00:00Z,353545917793,Usage,2026-02-01T00:00:00Z,2026-02-02T08:00:00Z,AmazonVPC,USW2-PublicIPv4:InUseAddress,AssociateAddressVPC,,arn:aws:ec2:us-west-2:353545917793:network-interface/eni-0f684f342662d2ab7,32.0000000000,,,USD,0.0000000000,0.0000000000,0.0000000000,0.0000000000,$0.00 per In-use public IPv4 address per hour for EC2 Free Tier,,"Amazon Web Services, Inc.",Amazon Virtual Private Cloud,,,,,,,,,,,,,,,,,,,,,,,,,,,,,,VPCPublicIPv4Address,Hourly charge for In-use Public IPv4 Addresses for EC2 Free Tier (AssociateAddressVPC),,,,,,,,,US West (Oregon),AWS Region,,,,,,,,,,,,,,AssociateAddressVPC,,,,,,,,,,us-west-2,us-west-2,,,,,AmazonVPC,Amazon Virtual Private Cloud,UHVSZ9GM6V73VY5H,,,,,,,,,,,USW2-PublicIPv4:InUseAddress,,,,,,UHVSZ9GM6V73VY5H.A429C66SYZ.6YS6EN2CT7,283124797637,USD,0.0000000000,,,Hrs,,,,,,,,,,21100991771,,,,,,,,,,,,,,,
o2bf6zp2jlj5iu22afdhkl2vvjapkitxlrmbbkqhrraow6f7tpna,2026-02-01T00:00:00Z/2026-03-01T00:00:00Z,,"Amazon Web Services, Inc.",AWS,Anniversary,595673262386,2026-02-01T00:00:00Z,2026-03-01T00:00:00Z,353545917793,Usage,2026-02-01T00:00:00Z,2026-02-02T10:00:00Z,AmazonDynamoDB,USW2-TimedStorage-ByteHrs,StandardStorage,us-west-2,arn:aws:dynamodb:us-west-2:353545917793:table/DailyLog,0.0000000748,,,USD,0.0000000000,0.0000000000,0.0000000000,0.0000000000,$0.00 per GB-Month of storage for first 25 free GB-Months,,"Amazon Web Services, Inc.",Amazon DynamoDB,,,,,,,,,,,,,,,,,,,,,,,,,,,,,,,,,,,,,,,,US West (Oregon),AWS Region,,,,,,,,,,,,,,,,,,,,Database Storage,,,,us-west-2,us-west-2,,,,,AmazonDynamoDB,Amazon DynamoDB,UNCJFSHZ2ZQGDPJV,,,,,,,,,,,USW2-TimedStorage-ByteHrs,,,,Amazon DynamoDB - Indexed DataStore,,UNCJFSHZ2ZQGDPJV.JRTCKXETXF.G2A93NZ7DT,211789503914,USD,0.0000000187,0.2500000000,OnDemand,GB-Mo,,,,,,,,,,21100991784,,,,,,,,,,,,,,,
4wadt42w7mspa24moe63s7ej3qiduecdk2jbq2tlqtkfj6ixdtda,2026-02-01T00:00:00Z/2026-03-01T00:00:00Z,,"Amazon Web Services, Inc.",AWS,Anniversary,595673262386,2026-02-01T00:00:00Z,2026-03-01T00:00:00Z,353545917793,Usage,2026-02-01T00:00:00Z,2026-02-02T10:00:00Z,AmazonDynamoDB,USW2-TimedStorage-ByteHrs,StandardStorage,us-west-2,arn:aws:dynamodb:us-west-2:353545917793:table/DailyUsage,0.0000000714,,,USD,0.0000000000,0.0000000000,0.0000000000,0.0000000000,$0.00 per GB-Month of storage for first 25 free GB-Months,,"Amazon Web Services, Inc.",Amazon DynamoDB,,,,,,,,,,,,,,,,,,,,,,,,,,,,,,,,,,,,,,,,US West (Oregon),AWS Region,,,,,,,,,,,,,,,,,,,,Database Storage,,,,us-west-2,us-west-2,,,,,AmazonDynamoDB,Amazon DynamoDB,UNCJFSHZ2ZQGDPJV,,,,,,,,,,,USW2-TimedStorage-ByteHrs,,,,Amazon DynamoDB - Indexed DataStore,,UNCJFSHZ2ZQGDPJV.JRTCKXETXF.G2A93NZ7DT,211789503914,USD,0.0000000179,0.2500000000,OnDemand,GB-Mo,,,,,,,,,,21100991784,,,,,,,,,,,,,,,
lycppefyajuk4moecrjducdxpo2ik6fmhqun6z7tnfy274h2scga,2026-02-01T00:00:00Z/2026-03-01T00:00:00Z,,"Amazon Web Services, Inc.",AWS,Anniversary,595673262386,2026-02-01T00:00:00Z,2026-03-01T00:00:00Z,353545917793,Usage,2026-02-01T00:00:00Z,2026-02-02T10:00:00Z,AmazonDynamoDB,USW2-TimedStorage-ByteHrs,StandardStorage,us-west-2,arn:aws:dynamodb:us-west-2:353545917793:table/MonthlyLog,0.0000000714,,,USD,0.0000000000,0.0000000000,0.0000000000,0.0000000000,$0.00 per GB-Month of storage for first 25 free GB-Months,,"Amazon Web Services, Inc.",Amazon DynamoDB,,,,,,,,,,,,,,,,,,,,,,,,,,,,,,,,,,,,,,,,US West (Oregon),AWS Region,,,,,,,,,,,,,,,,,,,,Database Storage,,,,us-west-2,us-west-2,,,,,AmazonDynamoDB,Amazon DynamoDB,UNCJFSHZ2ZQGDPJV,,,,,,,,,,,USW2-TimedStorage-ByteHrs,,,,Amazon DynamoDB - Indexed DataStore,,UNCJFSHZ2ZQGDPJV.JRTCKXETXF.G2A93NZ7DT,211789503914,USD,0.0000000179,0.2500000000,OnDemand,GB-Mo,,,,,,,,,,21100991784,,,,,,,,,,,,,,,
haid5tsct2eb326wnq476rruaoi7jh7ztejftcnqxhj4zkioseva,2026-02-01T00:00:00Z/2026-03-01T00:00:00Z,,"Amazon Web Services, Inc.",AWS,Anniversary,595673262386,2026-02-01T00:00:00Z,2026-03-01T00:00:00Z,353545917793,Usage,2026-02-01T00:00:00Z,2026-02-02T10:00:00Z,AmazonDynamoDB,USW2-TimedStorage-ByteHrs,StandardStorage,us-west-2,arn:aws:dynamodb:us-west-2:353545917793:table/MonthlyUsage,0.0000000612,,,USD,0.0000000000,0.0000000000,0.0000000000,0.0000000000,$0.00 per GB-Month of storage for first 25 free GB-Months,,"Amazon Web Services, Inc.",Amazon DynamoDB,,,,,,,,,,,,,,,,,,,,,,,,,,,,,,,,,,,,,,,,US West (Oregon),AWS Region,,,,,,,,,,,,,,,,,,,,Database Storage,,,,us-west-2,us-west-2,,,,,AmazonDynamoDB,Amazon DynamoDB,UNCJFSHZ2ZQGDPJV,,,,,,,,,,,USW2-TimedStorage-ByteHrs,,,,Amazon DynamoDB - Indexed DataStore,,UNCJFSHZ2ZQGDPJV.JRTCKXETXF.G2A93NZ7DT,211789503914,USD,0.0000000153,0.2500000000,OnDemand,GB-Mo,,,,,,,,,,21100991784,,,,,,,,,,,,,,,
g7jt4hujltn6dy277bv6jww3fdp5rv76ascdlnygdk6eqjqkw4xq,2026-02-01T00:00:00Z/2026-03-01T00:00:00Z,,"Amazon Web Services, Inc.",AWS,Anniversary,595673262386,2026-02-01T00:00:00Z,2026-03-01T00:00:00Z,353545917793,Usage,2026-02-01T00:00:00Z,2026-02-02T09:00:00Z,AmazonDynamoDB,USW2-TimedStorage-ByteHrs,StandardStorage,us-west-2,arn:aws:dynamodb:us-west-2:353545917793:table/ai_claude_usage_text_dev,0.0000000446,,,USD,0.0000000000,0.0000000000,0.0000000000,0.0000000000,$0.00 per GB-Month of storage for first 25 free GB-Months,,"Amazon Web Services, Inc.",Amazon DynamoDB,,,,,,,,,,,,,,,,,,,,,,,,,,,,,,,,,,,,,,,,US West (Oregon),AWS Region,,,,,,,,,,,,,,,,,,,,Database Storage,,,,us-west-2,us-west-2,,,,,AmazonDynamoDB,Amazon DynamoDB,UNCJFSHZ2ZQGDPJV,,,,,,,,,,,USW2-TimedStorage-ByteHrs,,,,Amazon DynamoDB - Indexed DataStore,,UNCJFSHZ2ZQGDPJV.JRTCKXETXF.G2A93NZ7DT,211789503914,USD,0.0000000112,0.2500000000,OnDemand,GB-Mo,,,,,,,,,,21100991784,,,,,,,,,,,,,,,
mnnxtnntwr34nspclb5oltemyagqrgrcgfxaaaubnpzlfj54nnzq,2026-02-01T00:00:00Z/2026-03-01T00:00:00Z,,"Amazon Web Services, Inc.",AWS,Anniversary,595673262386,2026-02-01T00:00:00Z,2026-03-01T00:00:00Z,353545917793,Usage,2026-02-01T00:00:00Z,2026-02-02T11:00:00Z,AmazonDynamoDB,USW2-TimedStorage-ByteHrs,StandardStorage,us-west-2,arn:aws:dynamodb:us-west-2:353545917793:table/ai_claude_usage_text_prod,0.0000000205,,,USD,0.0000000000,0.0000000000,0.0000000000,0.0000000000,$0.00 per GB-Month of storage for first 25 free GB-Months,,"Amazon Web Services, Inc.",Amazon DynamoDB,,,,,,,,,,,,,,,,,,,,,,,,,,,,,,,,,,,,,,,,US West (Oregon),AWS Region,,,,,,,,,,,,,,,,,,,,Database Storage,,,,us-west-2,us-west-2,,,,,AmazonDynamoDB,Amazon DynamoDB,UNCJFSHZ2ZQGDPJV,,,,,,,,,,,USW2-TimedStorage-ByteHrs,,,,Amazon DynamoDB - Indexed DataStore,,UNCJFSHZ2ZQGDPJV.JRTCKXETXF.G2A93NZ7DT,211789503914,USD,0.0000000051,0.2500000000,OnDemand,GB-Mo,,,,,,,,,,21100991784,,,,,,,,,,,,,,,
27dbmgecigjmbxbhqpc3tsaxqxtcd4cg26lp7esmw3orquexi5ua,2026-02-01T00:00:00Z/2026-03-01T00:00:00Z,,"Amazon Web Services, Inc.",AWS,Anniversary,595673262386,2026-02-01T00:00:00Z,2026-03-01T00:00:00Z,353545917793,Usage,2026-02-01T00:00:00Z,2026-02-02T11:00:00Z,AmazonDynamoDB,USW2-TimedStorage-ByteHrs,StandardStorage,us-west-2,arn:aws:dynamodb:us-west-2:353545917793:table/ai_claude_usage_text_uat,0.0000000205,,,USD,0.0000000000,0.0000000000,0.0000000000,0.0000000000,$0.00 per GB-Month of storage for first 25 free GB-Months,,"Amazon Web Services, Inc.",Amazon DynamoDB,,,,,,,,,,,,,,,,,,,,,,,,,,,,,,,,,,,,,,,,US West (Oregon),AWS Region,,,,,,,,,,,,,,,,,,,,Database Storage,,,,us-west-2,us-west-2,,,,,AmazonDynamoDB,Amazon DynamoDB,UNCJFSHZ2ZQGDPJV,,,,,,,,,,,USW2-TimedStorage-ByteHrs,,,,Amazon DynamoDB - Indexed DataStore,,UNCJFSHZ2ZQGDPJV.JRTCKXETXF.G2A93NZ7DT,211789503914,USD,0.0000000051,0.2500000000,OnDemand,GB-Mo,,,,,,,,,,21100991784,,,,,,,,,,,,,,,
aacoyxtkhtbec47mnfscxtonxrnrvcniucilu553yelm4s7hl6ma,2026-02-01T00:00:00Z/2026-03-01T00:00:00Z,,"Amazon Web Services, Inc.",AWS,Anniversary,595673262386,2026-02-01T00:00:00Z,2026-03-01T00:00:00Z,353545917793,Usage,2026-02-01T00:00:00Z,2026-02-02T10:00:00Z,AmazonDynamoDB,USW2-TimedStorage-ByteHrs,StandardStorage,us-west-2,arn:aws:dynamodb:us-west-2:353545917793:table/ai_usage_dev,0.0000001472,,,USD,0.0000000000,0.0000000000,0.0000000000,0.0000000000,$0.00 per GB-Month of storage for first 25 free GB-Months,,"Amazon Web Services, Inc.",Amazon DynamoDB,,,,,,,,,,,,,,,,,,,,,,,,,,,,,,,,,,,,,,,,US West (Oregon),AWS Region,,,,,,,,,,,,,,,,,,,,Database Storage,,,,us-west-2,us-west-2,,,,,AmazonDynamoDB,Amazon DynamoDB,UNCJFSHZ2ZQGDPJV,,,,,,,,,,,USW2-TimedStorage-ByteHrs,,,,Amazon DynamoDB - Indexed DataStore,,UNCJFSHZ2ZQGDPJV.JRTCKXETXF.G2A93NZ7DT,211789503914,USD,0.0000000368,0.2500000000,OnDemand,GB-Mo,,,,,,,,,,21100991784,,,,,,,,,,,,,,,
j2etyb4ql55wxcs5lrf2cqau5wgwtoxggsbdhftuhugipya6mmqa,2026-02-01T00:00:00Z/2026-03-01T00:00:00Z,,"Amazon Web Services, Inc.",AWS,Anniversary,595673262386,2026-02-01T00:00:00Z,2026-03-01T00:00:00Z,353545917793,Usage,2026-02-01T00:00:00Z,2026-02-02T10:00:00Z,AmazonDynamoDB,USW2-TimedStorage-ByteHrs,StandardStorage,us-west-2,arn:aws:dynamodb:us-west-2:353545917793:table/ai_usage_draft_generation_dev,0.0000000306,,,USD,0.0000000000,0.0000000000,0.0000000000,0.0000000000,$0.00 per GB-Month of storage for first 25 free GB-Months,,"Amazon Web Services, Inc.",Amazon DynamoDB,,,,,,,,,,,,,,,,,,,,,,,,,,,,,,,,,,,,,,,,US West (Oregon),AWS Region,,,,,,,,,,,,,,,,,,,,Database Storage,,,,us-west-2,us-west-2,,,,,AmazonDynamoDB,Amazon DynamoDB,UNCJFSHZ2ZQGDPJV,,,,,,,,,,,USW2-TimedStorage-ByteHrs,,,,Amazon DynamoDB - Indexed DataStore,,UNCJFSHZ2ZQGDPJV.JRTCKXETXF.G2A93NZ7DT,211789503914,USD,0.0000000077,0.2500000000,OnDemand,GB-Mo,,,,,,,,,,21100991784,,,,,,,,,,,,,,,
fb6s5czpga76p5c4fd4qxvsh22qcjmzceqdrcqtv4m6otjr5fqna,2026-02-01T00:00:00Z/2026-03-01T00:00:00Z,,"Amazon Web Services, Inc.",AWS,Anniversary,595673262386,2026-02-01T00:00:00Z,2026-03-01T00:00:00Z,353545917793,Usage,2026-02-01T00:00:00Z,2026-02-02T10:00:00Z,AmazonDynamoDB,USW2-TimedStorage-ByteHrs,StandardStorage,us-west-2,arn:aws:dynamodb:us-west-2:353545917793:table/ai_usage_draft_generation_prod,0.0000000204,,,USD,0.0000000000,0.0000000000,0.0000000000,0.0000000000,$0.00 per GB-Month of storage for first 25 free GB-Months,,"Amazon Web Services, Inc.",Amazon DynamoDB,,,,,,,,,,,,,,,,,,,,,,,,,,,,,,,,,,,,,,,,US West (Oregon),AWS Region,,,,,,,,,,,,,,,,,,,,Database Storage,,,,us-west-2,us-west-2,,,,,AmazonDynamoDB,Amazon DynamoDB,UNCJFSHZ2ZQGDPJV,,,,,,,,,,,USW2-TimedStorage-ByteHrs,,,,Amazon DynamoDB - Indexed DataStore,,UNCJFSHZ2ZQGDPJV.JRTCKXETXF.G2A93NZ7DT,211789503914,USD,0.0000000051,0.2500000000,OnDemand,GB-Mo,,,,,,,,,,21100991784,,,,,,,,,,,,,,,
bo2uvusbhftfcvbfyppyegmjyq7vbstqvutpqtklqgnew5pclvqa,2026-02-01T00:00:00Z/2026-03-01T00:00:00Z,,"Amazon Web Services, Inc.",AWS,Anniversary,595673262386,2026-02-01T00:00:00Z,2026-03-01T00:00:00Z,353545917793,Usage,2026-02-01T00:00:00Z,2026-02-02T10:00:00Z,AmazonDynamoDB,USW2-TimedStorage-ByteHrs,StandardStorage,us-west-2,arn:aws:dynamodb:us-west-2:353545917793:table/ai_usage_draft_generation_uat,0.0000000204,,,USD,0.0000000000,0.0000000000,0.0000000000,0.0000000000,$0.00 per GB-Month of storage for first 25 free GB-Months,,"Amazon Web Services, Inc.",Amazon DynamoDB,,,,,,,,,,,,,,,,,,,,,,,,,,,,,,,,,,,,,,,,US West (Oregon),AWS Region,,,,,,,,,,,,,,,,,,,,Database Storage,,,,us-west-2,us-west-2,,,,,AmazonDynamoDB,Amazon DynamoDB,UNCJFSHZ2ZQGDPJV,,,,,,,,,,,USW2-TimedStorage-ByteHrs,,,,Amazon DynamoDB - Indexed DataStore,,UNCJFSHZ2ZQGDPJV.JRTCKXETXF.G2A93NZ7DT,211789503914,USD,0.0000000051,0.2500000000,OnDemand,GB-Mo,,,,,,,,,,21100991784,,,,,,,,,,,,,,,
7cxntj5gedztu25sawswsqrhm4lqrvdtfej7uqvofn4va5q7ogaq,2026-02-01T00:00:00Z/2026-03-01T00:00:00Z,,"Amazon Web Services, Inc.",AWS,Anniversary,595673262386,2026-02-01T00:00:00Z,2026-03-01T00:00:00Z,353545917793,Usage,2026-02-01T00:00:00Z,2026-02-02T10:00:00Z,AmazonDynamoDB,USW2-TimedStorage-ByteHrs,StandardStorage,us-west-2,arn:aws:dynamodb:us-west-2:353545917793:table/ai_usage_prod,0.0000000204,,,USD,0.0000000000,0.0000000000,0.0000000000,0.0000000000,$0.00 per GB-Month of storage for first 25 free GB-Months,,"Amazon Web Services, Inc.",Amazon DynamoDB,,,,,,,,,,,,,,,,,,,,,,,,,,,,,,,,,,,,,,,,US West (Oregon),AWS Region,,,,,,,,,,,,,,,,,,,,Database Storage,,,,us-west-2,us-west-2,,,,,AmazonDynamoDB,Amazon DynamoDB,UNCJFSHZ2ZQGDPJV,,,,,,,,,,,USW2-TimedStorage-ByteHrs,,,,Amazon DynamoDB - Indexed DataStore,,UNCJFSHZ2ZQGDPJV.JRTCKXETXF.G2A93NZ7DT,211789503914,USD,0.0000000051,0.2500000000,OnDemand,GB-Mo,,,,,,,,,,21100991784,,,,,,,,,,,,,,,
5jbl34x7kumzjnv33vd7uhw5hrtzn5bjdy5fb2fnyqrvc27byh7a,2026-02-01T00:00:00Z/2026-03-01T00:00:00Z,,"Amazon Web Services, Inc.",AWS,Anniversary,595673262386,2026-02-01T00:00:00Z,2026-03-01T00:00:00Z,353545917793,Usage,2026-02-01T00:00:00Z,2026-02-02T08:00:00Z,AmazonDynamoDB,USW2-TimedStorage-ByteHrs,StandardStorage,us-west-2,arn:aws:dynamodb:us-west-2:353545917793:table/ai_usage_refine_text_dev,0.0000000855,,,USD,0.0000000000,0.0000000000,0.0000000000,0.0000000000,$0.00 per GB-Month of storage for first 25 free GB-Months,,"Amazon Web Services, Inc.",Amazon DynamoDB,,,,,,,,,,,,,,,,,,,,,,,,,,,,,,,,,,,,,,,,US West (Oregon),AWS Region,,,,,,,,,,,,,,,,,,,,Database Storage,,,,us-west-2,us-west-2,,,,,AmazonDynamoDB,Amazon DynamoDB,UNCJFSHZ2ZQGDPJV,,,,,,,,,,,USW2-TimedStorage-ByteHrs,,,,Amazon DynamoDB - Indexed DataStore,,UNCJFSHZ2ZQGDPJV.JRTCKXETXF.G2A93NZ7DT,211789503914,USD,0.0000000214,0.2500000000,OnDemand,GB-Mo,,,,,,,,,,21100991784,,,,,,,,,,,,,,,
j72hjuwzsmayqy32f3n2eb7c7gqio4t4aqp2slkikqtufggvr6ga,2026-02-01T00:00:00Z/2026-03-01T00:00:00Z,,"Amazon Web Services, Inc.",AWS,Anniversary,595673262386,2026-02-01T00:00:00Z,2026-03-01T00:00:00Z,353545917793,Usage,2026-02-01T00:00:00Z,2026-02-02T09:00:00Z,AmazonDynamoDB,USW2-TimedStorage-ByteHrs,StandardStorage,us-west-2,arn:aws:dynamodb:us-west-2:353545917793:table/ai_usage_refine_text_prod,0.0000000196,,,USD,0.0000000000,0.0000000000,0.0000000000,0.0000000000,$0.00 per GB-Month of storage for first 25 free GB-Months,,"Amazon Web Services, Inc.",Amazon DynamoDB,,,,,,,,,,,,,,,,,,,,,,,,,,,,,,,,,,,,,,,,US West (Oregon),AWS Region,,,,,,,,,,,,,,,,,,,,Database Storage,,,,us-west-2,us-west-2,,,,,AmazonDynamoDB,Amazon DynamoDB,UNCJFSHZ2ZQGDPJV,,,,,,,,,,,USW2-TimedStorage-ByteHrs,,,,Amazon DynamoDB - Indexed DataStore,,UNCJFSHZ2ZQGDPJV.JRTCKXETXF.G2A93NZ7DT,211789503914,USD,0.0000000049,0.2500000000,OnDemand,GB-Mo,,,,,,,,,,21100991784,,,,,,,,,,,,,,,
pykb4lhmgw3zeaxbecqlms2xq6msboxwmxioofyp3kj2wv7xrczq,2026-02-01T00:00:00Z/2026-03-01T00:00:00Z,,"Amazon Web Services, Inc.",AWS,Anniversary,595673262386,2026-02-01T00:00:00Z,2026-03-01T00:00:00Z,353545917793,Usage,2026-02-01T00:00:00Z,2026-02-02T09:00:00Z,AmazonDynamoDB,USW2-TimedStorage-ByteHrs,StandardStorage,us-west-2,arn:aws:dynamodb:us-west-2:353545917793:table/ai_usage_refine_text_uat,0.0000000196,,,USD,0.0000000000,0.0000000000,0.0000000000,0.0000000000,$0.00 per GB-Month of storage for first 25 free GB-Months,,"Amazon Web Services, Inc.",Amazon DynamoDB,,,,,,,,,,,,,,,,,,,,,,,,,,,,,,,,,,,,,,,,US West (Oregon),AWS Region,,,,,,,,,,,,,,,,,,,,Database Storage,,,,us-west-2,us-west-2,,,,,AmazonDynamoDB,Amazon DynamoDB,UNCJFSHZ2ZQGDPJV,,,,,,,,,,,USW2-TimedStorage-ByteHrs,,,,Amazon DynamoDB - Indexed DataStore,,UNCJFSHZ2ZQGDPJV.JRTCKXETXF.G2A93NZ7DT,211789503914,USD,0.0000000049,0.2500000000,OnDemand,GB-Mo,,,,,,,,,,21100991784,,,,,,,,,,,,,,,
vif5bmr6hpt5jgatxjcqdxh6h2xv4vvrfelzt3e7e3kfimmezlgq,2026-02-01T00:00:00Z/2026-03-01T00:00:00Z,,"Amazon Web Services, Inc.",AWS,Anniversary,595673262386,2026-02-01T00:00:00Z,2026-03-01T00:00:00Z,353545917793,Usage,2026-02-01T00:00:00Z,2026-02-02T10:00:00Z,AmazonDynamoDB,USW2-TimedStorage-ByteHrs,StandardStorage,us-west-2,arn:aws:dynamodb:us-west-2:353545917793:table/ai_usage_uat,0.0000000204,,,USD,0.0000000000,0.0000000000,0.0000000000,0.0000000000,$0.00 per GB-Month of storage for first 25 free GB-Months,,"Amazon Web Services, Inc.",Amazon DynamoDB,,,,,,,,,,,,,,,,,,,,,,,,,,,,,,,,,,,,,,,,US West (Oregon),AWS Region,,,,,,,,,,,,,,,,,,,,Database Storage,,,,us-west-2,us-west-2,,,,,AmazonDynamoDB,Amazon DynamoDB,UNCJFSHZ2ZQGDPJV,,,,,,,,,,,USW2-TimedStorage-ByteHrs,,,,Amazon DynamoDB - Indexed DataStore,,UNCJFSHZ2ZQGDPJV.JRTCKXETXF.G2A93NZ7DT,211789503914,USD,0.0000000051,0.2500000000,OnDemand,GB-Mo,,,,,,,,,,21100991784,,,,,,,,,,,,,,,
43u4vuqtbjn6ebuy5hwax23riic3fx5le3q454egzoc3xyse2rja,2026-02-01T00:00:00Z/2026-03-01T00:00:00Z,,"Amazon Web Services, Inc.",AWS,Anniversary,595673262386,2026-02-01T00:00:00Z,2026-03-01T00:00:00Z,353545917793,Usage,2026-02-01T00:00:00Z,2026-02-02T10:00:00Z,AmazonDynamoDB,USW2-TimedStorage-ByteHrs,StandardStorage,us-west-2,arn:aws:dynamodb:us-west-2:353545917793:table/api_usage,0.0000001224,,,USD,0.0000000000,0.0000000000,0.0000000000,0.0000000000,$0.00 per GB-Month of storage for first 25 free GB-Months,,"Amazon Web Services, Inc.",Amazon DynamoDB,,,,,,,,,,,,,,,,,,,,,,,,,,,,,,,,,,,,,,,,US West (Oregon),AWS Region,,,,,,,,,,,,,,,,,,,,Database Storage,,,,us-west-2,us-west-2,,,,,AmazonDynamoDB,Amazon DynamoDB,UNCJFSHZ2ZQGDPJV,,,,,,,,,,,USW2-TimedStorage-ByteHrs,,,,Amazon DynamoDB - Indexed DataStore,,UNCJFSHZ2ZQGDPJV.JRTCKXETXF.G2A93NZ7DT,211789503914,USD,0.0000000306,0.2500000000,OnDemand,GB-Mo,,,,,,,,,,21100991784,,,,,,,,,,,,,,,
3f3nbslqpysubzu7xvtnascg5awue4srddpuvjlycuo5wvkldd3q,2026-02-01T00:00:00Z/2026-03-01T00:00:00Z,,"Amazon Web Services, Inc.",AWS,Anniversary,595673262386,2026-02-01T00:00:00Z,2026-03-01T00:00:00Z,353545917793,Usage,2026-02-02T07:00:00Z,2026-02-02T08:00:00Z,AmazonEC2,USW2-APS3-AWS-In-Bytes,PublicIP-In,,i-03dcf6b74c7efc8a2,0.0000001118,,,USD,0.0000000000,0.0000000000,0.0000000000,0.0000000000,$0.00 per GB - US West (Oregon) data transfer from Asia Pacific (Mumbai),,"Amazon Web Services, Inc.",Amazon Elastic Compute Cloud,,,,,,,,,,,,,,,,,,,,,,,,,,US West (Oregon),AWS Region,us-west-2,,,,,,,,,,,,,,,,,,,,,,,,,,,,,,,,,Data Transfer,,,,us-west-2,,,,,,AWSDataTransfer,AWS Data Transfer,VBYCEU494XUAHCA7,,,,,,Asia Pacific (Mumbai),AWS Region,ap-south-1,InterRegion Inbound,,USW2-APS3-AWS-In-Bytes,,,,,,VBYCEU494XUAHCA7.JRTCKXETXF.6YS6EN2CT7,200619052789,USD,0.0000000000,0.0000000000,OnDemand,GB,,,,,,,,,,21100991773,,,,,,,,,,,,,,,
fvmtzdjry6po2jqksrk5kdzfxqln72jujwg6ui6baoyb3dwqe5aa,2026-02-01T00:00:00Z/2026-03-01T00:00:00Z,,"Amazon Web Services, Inc.",AWS,Anniversary,595673262386,2026-02-01T00:00:00Z,2026-03-01T00:00:00Z,353545917793,Usage,2026-02-01T07:00:00Z,2026-02-01T19:00:00Z,AmazonEC2,USW2-APS3-AWS-In-Bytes,PublicIP-In,,i-0737636d2e5d8a31c,0.0000001677,,,USD,0.0000000000,0.0000000000,0.0000000000,0.0000000000,$0.00 per GB - US West (Oregon) data transfer from Asia Pacific (Mumbai),,"Amazon Web Services, Inc.",Amazon Elastic Compute Cloud,,,,,,,,,,,,,,,,,,,,,,,,,,US West (Oregon),AWS Region,us-west-2,,,,,,,,,,,,,,,,,,,,,,,,,,,,,,,,,Data Transfer,,,,us-west-2,,,,,,AWSDataTransfer,AWS Data Transfer,VBYCEU494XUAHCA7,,,,,,Asia Pacific (Mumbai),AWS Region,ap-south-1,InterRegion Inbound,,USW2-APS3-AWS-In-Bytes,,,,,,VBYCEU494XUAHCA7.JRTCKXETXF.6YS6EN2CT7,200619052789,USD,0.0000000000,0.0000000000,OnDemand,GB,,,,,,,,,,21100991773,,,,,,,,,,,,,,,
mfwxsmzaxlu73tbcsljwreqxgtlp7fzp45utjnk7znyupi7moota,2026-02-01T00:00:00Z/2026-03-01T00:00:00Z,,"Amazon Web Services, Inc.",AWS,Anniversary,595673262386,2026-02-01T00:00:00Z,2026-03-01T00:00:00Z,353545917793,Usage,2026-02-01T20:00:00Z,2026-02-01T21:00:00Z,AmazonEC2,USW2-APS3-AWS-In-Bytes,PublicIP-In,,i-0ad0d864464631aea,0.0000001118,,,USD,0.0000000000,0.0000000000,0.0000000000,0.0000000000,$0.00 per GB - US West (Oregon) data transfer from Asia Pacific (Mumbai),,"Amazon Web Services, Inc.",Amazon Elastic Compute Cloud,,,,,,,,,,,,,,,,,,,,,,,,,,US West (Oregon),AWS Region,us-west-2,,,,,,,,,,,,,,,,,,,,,,,,,,,,,,,,,Data Transfer,,,,us-west-2,,,,,,AWSDataTransfer,AWS Data Transfer,VBYCEU494XUAHCA7,,,,,,Asia Pacific (Mumbai),AWS Region,ap-south-1,InterRegion Inbound,,USW2-APS3-AWS-In-Bytes,,,,,,VBYCEU494XUAHCA7.JRTCKXETXF.6YS6EN2CT7,200619052789,USD,0.0000000000,0.0000000000,OnDemand,GB,,,,,,,,,,21100991773,,,,,,,,,,,,,,,
lbwprycy2p2cen47grs57fjyp5wkwgmhifpc5fz6nza5alboqxbq,2026-02-01T00:00:00Z/2026-03-01T00:00:00Z,,"Amazon Web Services, Inc.",AWS,Anniversary,595673262386,2026-02-01T00:00:00Z,2026-03-01T00:00:00Z,353545917793,Usage,2026-02-01T00:00:00Z,2026-02-01T01:00:00Z,AmazonEC2,USW2-APS3-AWS-In-Bytes,PublicIP-In,,i-0b9d34c5972a322eb,0.0000001118,,,USD,0.0000000000,0.0000000000,0.0000000000,0.0000000000,$0.00 per GB - US West (Oregon) data transfer from Asia Pacific (Mumbai),,"Amazon Web Services, Inc.",Amazon Elastic Compute Cloud,,,,,,,,,,,,,,,,,,,,,,,,,,US West (Oregon),AWS Region,us-west-2,,,,,,,,,,,,,,,,,,,,,,,,,,,,,,,,,Data Transfer,,,,us-west-2,,,,,,AWSDataTransfer,AWS Data Transfer,VBYCEU494XUAHCA7,,,,,,Asia Pacific (Mumbai),AWS Region,ap-south-1,InterRegion Inbound,,USW2-APS3-AWS-In-Bytes,,,,,,VBYCEU494XUAHCA7.JRTCKXETXF.6YS6EN2CT7,200619052789,USD,0.0000000000,0.0000000000,OnDemand,GB,,,,,,,,,,21100991773,,,,,,,,,,,,,,,
v2gkdrsomnktxjeemyo5b3qwcyfishf2aglbiyvbkqsop2jq5ahq,2026-02-01T00:00:00Z/2026-03-01T00:00:00Z,,"Amazon Web Services, Inc.",AWS,Anniversary,595673262386,2026-02-01T00:00:00Z,2026-03-01T00:00:00Z,353545917793,Usage,2026-02-01T13:00:00Z,2026-02-01T19:00:00Z,AmazonEC2,USW2-APS3-AWS-In-Bytes,PublicIP-In,,i-0ee8635d596bf3d8b,0.0000001677,,,USD,0.0000000000,0.0000000000,0.0000000000,0.0000000000,$0.00 per GB - US West (Oregon) data transfer from Asia Pacific (Mumbai),,"Amazon Web Services, Inc.",Amazon Elastic Compute Cloud,,,,,,,,,,,,,,,,,,,,,,,,,,US West (Oregon),AWS Region,us-west-2,,,,,,,,,,,,,,,,,,,,,,,,,,,,,,,,,Data Transfer,,,,us-west-2,,,,,,AWSDataTransfer,AWS Data Transfer,VBYCEU494XUAHCA7,,,,,,Asia Pacific (Mumbai),AWS Region,ap-south-1,InterRegion Inbound,,USW2-APS3-AWS-In-Bytes,,,,,,VBYCEU494XUAHCA7.JRTCKXETXF.6YS6EN2CT7,200619052789,USD,0.0000000000,0.0000000000,OnDemand,GB,,,,,,,,,,21100991773,,,,,,,,,,,,,,,
67rz6d24zpexufhg7gtzt7alvzug4qqbsypx3jbt4wdccd74e7hq,2026-02-01T00:00:00Z/2026-03-01T00:00:00Z,,"Amazon Web Services, Inc.",AWS,Anniversary,595673262386,2026-02-01T00:00:00Z,2026-03-01T00:00:00Z,353545917793,Usage,2026-02-01T04:00:00Z,2026-02-02T06:00:00Z,AWSELB,USW2-APS3-AWS-In-Bytes,LoadBalancing-PublicIP-In,,arn:aws:elasticloadbalancing:us-west-2:353545917793:loadbalancer/app/ApplicatonLB-Dev/1e9a504c1888a0ba,0.0000082394,,,USD,0.0000000000,0.0000000000,0.0000000000,0.0000000000,$0.00 per GB - US West (Oregon) data transfer from Asia Pacific (Mumbai),,"Amazon Web Services, Inc.",Elastic Load Balancing,,,,,,,,,,,,,,,,,,,,,,,,,,US West (Oregon),AWS Region,us-west-2,,,,,,,,,,,,,,,,,,,,,,,,,,,,,,,,,Data Transfer,,,,us-west-2,,,,,,AWSDataTransfer,AWS Data Transfer,VBYCEU494XUAHCA7,,,,,,Asia Pacific (Mumbai),AWS Region,ap-south-1,InterRegion Inbound,,USW2-APS3-AWS-In-Bytes,,,,,,VBYCEU494XUAHCA7.JRTCKXETXF.6YS6EN2CT7,200619052789,USD,0.0000000000,0.0000000000,OnDemand,GB,,,,,,,,,,21100991773,,,,,,,,,,,,,,,
ynycc4ygdi5jwnaod3qtgtixdyyhlicfq2nqlwfy25l4tviokaia,2026-02-01T00:00:00Z/2026-03-01T00:00:00Z,,"Amazon Web Services, Inc.",AWS,Anniversary,595673262386,2026-02-01T00:00:00Z,2026-03-01T00:00:00Z,353545917793,Usage,2026-02-02T07:00:00Z,2026-02-02T09:00:00Z,AmazonCloudFront,IN-Requests-HTTPS-Proxy,POST,,arn:aws:cloudfront::353545917793:distribution/E3IJX9IUF6SHIC,248.0000000000,,,USD,0.0000000000,0.0000000000,0.0000000000,0.0000000000,$0.000 per request - HTTP or HTTPS under the global monthly free tier,,"Amazon Web Services, Inc.",Amazon CloudFront,,,,,,,,,,,,,,,,,,,,,,,,,,,,,,,,,,,,,,,,India,AWS Edge Location,,,,,,,,,,,,,,,,,,,,Request,,,,ap-south-1,,"HTTPS DELETE, OPTIONS, PATCH, POST, and PUT requests that CloudFront forwards to your origin",CloudFront-Request-HTTPS-Proxy,,,AmazonCloudFront,Amazon CloudFront,VDPZYE3674YDGVPU,,,,,,,,,,,IN-Requests-HTTPS-Proxy,,,,,,VDPZYE3674YDGVPU.A429C66SYZ.6YS6EN2CT7,165482683420,USD,0.0002976000,0.0000012000,,Requests,,,,,,,,,,21100991767,,,,,,,,,,,,,,,
6fou676cztckkg7fz7z574u3r3d6a6i64unkc535fducpkzxddpa,2026-02-01T00:00:00Z/2026-03-01T00:00:00Z,,"Amazon Web Services, Inc.",AWS,Anniversary,595673262386,2026-02-01T00:00:00Z,2026-03-01T00:00:00Z,353545917793,Usage,2026-02-01T00:00:00Z,2026-02-02T10:00:00Z,awswaf,Global-RuleV2,RuleV2,,arn:aws:wafv2:us-east-1:353545917793:global/webacl/CloudFront-WAF/8906bc48-1391-477b-ad75-3bcff25701d3,0.1011904770,,,USD,1.0000000000,0.1011904770,1.0000000000,0.1011904770,$1.00 per rule created (prorated hourly),,"Amazon Web Services, Inc.",AWS WAF,,,,,,,,,,,,,,,,,,,,,,,,,,,,,,Rule,Rule Activated,,,,,,,,,Any,AWS Edge Location,,,,,,,,,,,,,,,,,,,,Web Application Firewall,,,,global,,,,,,awswaf,AWS WAF,VRM2EPFJG75YBY5A,,,,,,,,,,,Global-RuleV2,,,,,,VRM2EPFJG75YBY5A.JRTCKXETXF.6YS6EN2CT7,330916516558,USD,0.1011904770,1.0000000000,OnDemand,Month,,,,,,,,,,21100991817,,,,,,,,,,,,,,,
4djfrf2ksggvx4bm5ohxq52mnirbxuymhogdlm2bepe5e5acb35q,2026-02-01T00:00:00Z/2026-03-01T00:00:00Z,,"Amazon Web Services, Inc.",AWS,Anniversary,595673262386,2026-02-01T00:00:00Z,2026-03-01T00:00:00Z,353545917793,Usage,2026-02-01T18:00:00Z,2026-02-01T19:00:00Z,AmazonEC2,USW2-EUC1-AWS-In-Bytes,PublicIP-In,,i-002ddab9222dfe0bc,0.0000000559,,,USD,0.0000000000,0.0000000000,0.0000000000,0.0000000000,$0.00 per GB - US West (Oregon) data transfer from EU (Germany),,"Amazon Web Services, Inc.",Amazon Elastic Compute Cloud,,,,,,,,,,,,,,,,,,,,,,,,,,US West (Oregon),AWS Region,us-west-2,,,,,,,,,,,,,,,,,,,,,,,,,,,,,,,,,Data Transfer,,,,us-west-2,,,,,,AWSDataTransfer,AWS Data Transfer,VTDJ9RVHJGJP999U,,,,,,EU (Frankfurt),AWS Region,eu-central-1,InterRegion Inbound,,USW2-EUC1-AWS-In-Bytes,,,,,,VTDJ9RVHJGJP999U.JRTCKXETXF.6YS6EN2CT7,200619064628,USD,0.0000000000,0.0000000000,OnDemand,GB,,,,,,,,,,21100991773,,,,,,,,,,,,,,,
e5cfiko5j5auzqaxteb6msr27ktiw6jbwaa5w2flysvz27l25ynq,2026-02-01T00:00:00Z/2026-03-01T00:00:00Z,,"Amazon Web Services, Inc.",AWS,Anniversary,595673262386,2026-02-01T00:00:00Z,2026-03-01T00:00:00Z,353545917793,Usage,2026-02-01T17:00:00Z,2026-02-01T18:00:00Z,AmazonEC2,USW2-EUC1-AWS-In-Bytes,PublicIP-In,,i-0ad0d864464631aea,0.0000001118,,,USD,0.0000000000,0.0000000000,0.0000000000,0.0000000000,$0.00 per GB - US West (Oregon) data transfer from EU (Germany),,"Amazon Web Services, Inc.",Amazon Elastic Compute Cloud,,,,,,,,,,,,,,,,,,,,,,,,,,US West (Oregon),AWS Region,us-west-2,,,,,,,,,,,,,,,,,,,,,,,,,,,,,,,,,Data Transfer,,,,us-west-2,,,,,,AWSDataTransfer,AWS Data Transfer,VTDJ9RVHJGJP999U,,,,,,EU (Frankfurt),AWS Region,eu-central-1,InterRegion Inbound,,USW2-EUC1-AWS-In-Bytes,,,,,,VTDJ9RVHJGJP999U.JRTCKXETXF.6YS6EN2CT7,200619064628,USD,0.0000000000,0.0000000000,OnDemand,GB,,,,,,,,,,21100991773,,,,,,,,,,,,,,,
34oovpg46ptaiyikyr67lq4ep76qxcv6u4z3gtmgbo7zktetfc6q,2026-02-01T00:00:00Z/2026-03-01T00:00:00Z,,"Amazon Web Services, Inc.",AWS,Anniversary,595673262386,2026-02-01T00:00:00Z,2026-03-01T00:00:00Z,353545917793,Usage,2026-02-01T03:00:00Z,2026-02-01T04:00:00Z,AmazonEC2,USW2-EUC1-AWS-In-Bytes,PublicIP-In,,i-0ee8635d596bf3d8b,0.0000000531,,,USD,0.0000000000,0.0000000000,0.0000000000,0.0000000000,$0.00 per GB - US West (Oregon) data transfer from EU (Germany),,"Amazon Web Services, Inc.",Amazon Elastic Compute Cloud,,,,,,,,,,,,,,,,,,,,,,,,,,US West (Oregon),AWS Region,us-west-2,,,,,,,,,,,,,,,,,,,,,,,,,,,,,,,,,Data Transfer,,,,us-west-2,,,,,,AWSDataTransfer,AWS Data Transfer,VTDJ9RVHJGJP999U,,,,,,EU (Frankfurt),AWS Region,eu-central-1,InterRegion Inbound,,USW2-EUC1-AWS-In-Bytes,,,,,,VTDJ9RVHJGJP999U.JRTCKXETXF.6YS6EN2CT7,200619064628,USD,0.0000000000,0.0000000000,OnDemand,GB,,,,,,,,,,21100991773,,,,,,,,,,,,,,,
jsqlqmkgtlc5prer4k5nqwfuu2crmdisw346wkh5cu7jzrjo3w2q,2026-02-01T00:00:00Z/2026-03-01T00:00:00Z,,"Amazon Web Services, Inc.",AWS,Anniversary,595673262386,2026-02-01T00:00:00Z,2026-03-01T00:00:00Z,353545917793,Usage,2026-02-01T11:00:00Z,2026-02-02T11:00:00Z,AmazonCloudFront,EU-DataTransfer-Out-Bytes,GET,,arn:aws:cloudfront::353545917793:distribution/E3IJX9IUF6SHIC,0.0341472868,,,USD,0.0000000000,0.0000000000,0.0000000000,0.0000000000,$0.000 per GB - data transfer out under the global monthly free tier,,"Amazon Web Services, Inc.",Amazon CloudFront,,,,,,,,,,,,,,,,,,,,,,,,,,Europe,AWS Edge Location,,,,,,,,,,,,,,,,,,,,,,,,,,,,,,,,,,Data Transfer,,,,eu-west-1,,,,,,AmazonCloudFront,Amazon CloudFront,VU3485RNDU6HBQF6,,,,,,External,Other,,CloudFront Outbound,,EU-DataTransfer-Out-Bytes,,,,,,VU3485RNDU6HBQF6.A429C66SYZ.6YS6EN2CT7,165482683415,USD,0.0029025194,0.0850000000,,GB,,,,,,,,,,21100991767,,,,,,,,,,,,,,,
ltajrz3zhoha5swhl6s4llqvdq6mifmllkk2pgax7qkiibzckywq,2026-02-01T00:00:00Z/2026-03-01T00:00:00Z,,"Amazon Web Services, Inc.",AWS,Anniversary,595673262386,2026-02-01T00:00:00Z,2026-03-01T00:00:00Z,353545917793,Usage,2026-02-01T04:00:00Z,2026-02-02T10:00:00Z,AmazonCloudFront,EU-DataTransfer-Out-Bytes,GET,,arn:aws:cloudfront::353545917793:distribution/E3LQ4K487Q3OU4,0.0254328968,,,USD,0.0000000000,0.0000000000,0.0000000000,0.0000000000,$0.000 per GB - data transfer out under the global monthly free tier,,"Amazon Web Services, Inc.",Amazon CloudFront,,,,,,,,,,,,,,,,,,,,,,,,,,Europe,AWS Edge Location,,,,,,,,,,,,,,,,,,,,,,,,,,,,,,,,,,Data Transfer,,,,eu-west-1,,,,,,AmazonCloudFront,Amazon CloudFront,VU3485RNDU6HBQF6,,,,,,External,Other,,CloudFront Outbound,,EU-DataTransfer-Out-Bytes,,,,,,VU3485RNDU6HBQF6.A429C66SYZ.6YS6EN2CT7,165482683415,USD,0.0021617962,0.0850000000,,GB,,,,,,,,,,21100991767,,,,,,,,,,,,,,,
dv77fd3osd7rqbbf437gtbkg2gzpf7jdwz2u64nvmsex4zkc6v5a,2026-02-01T00:00:00Z/2026-03-01T00:00:00Z,,"Amazon Web Services, Inc.",AWS,Anniversary,595673262386,2026-02-01T00:00:00Z,2026-03-01T00:00:00Z,353545917793,Usage,2026-02-01T11:00:00Z,2026-02-02T11:00:00Z,AmazonCloudFront,EU-DataTransfer-Out-Bytes,POST,,arn:aws:cloudfront::353545917793:distribution/E3IJX9IUF6SHIC,0.0003657127,,,USD,0.0000000000,0.0000000000,0.0000000000,0.0000000000,$0.000 per GB - data transfer out under the global monthly free tier,,"Amazon Web Services, Inc.",Amazon CloudFront,,,,,,,,,,,,,,,,,,,,,,,,,,Europe,AWS Edge Location,,,,,,,,,,,,,,,,,,,,,,,,,,,,,,,,,,Data Transfer,,,,eu-west-1,,,,,,AmazonCloudFront,Amazon CloudFront,VU3485RNDU6HBQF6,,,,,,External,Other,,CloudFront Outbound,,EU-DataTransfer-Out-Bytes,,,,,,VU3485RNDU6HBQF6.A429C66SYZ.6YS6EN2CT7,165482683415,USD,0.0000310856,0.0850000000,,GB,,,,,,,,,,21100991767,,,,,,,,,,,,,,,
xllorf3cbx3pxtqquhyfyedzl2r7b7h64ut24xpetl7pei4o4fia,2026-02-01T00:00:00Z/2026-03-01T00:00:00Z,,"Amazon Web Services, Inc.",AWS,Anniversary,595673262386,2026-02-01T00:00:00Z,2026-03-01T00:00:00Z,353545917793,Usage,2026-02-02T05:00:00Z,2026-02-02T11:00:00Z,AmazonCloudFront,EU-DataTransfer-Out-Bytes,PUT,,arn:aws:cloudfront::353545917793:distribution/E3IJX9IUF6SHIC,0.0000153324,,,USD,0.0000000000,0.0000000000,0.0000000000,0.0000000000,$0.000 per GB - data transfer out under the global monthly free tier,,"Amazon Web Services, Inc.",Amazon CloudFront,,,,,,,,,,,,,,,,,,,,,,,,,,Europe,AWS Edge Location,,,,,,,,,,,,,,,,,,,,,,,,,,,,,,,,,,Data Transfer,,,,eu-west-1,,,,,,AmazonCloudFront,Amazon CloudFront,VU3485RNDU6HBQF6,,,,,,External,Other,,CloudFront Outbound,,EU-DataTransfer-Out-Bytes,,,,,,VU3485RNDU6HBQF6.A429C66SYZ.6YS6EN2CT7,165482683415,USD,0.0000013033,0.0850000000,,GB,,,,,,,,,,21100991767,,,,,,,,,,,,,,,
edz2nd4tuxkn3vtzy4iosrzt3u3r67vggutwg4a6cuqdjn5demeq,2026-02-01T00:00:00Z/2026-03-01T00:00:00Z,,"Amazon Web Services, Inc.",AWS,Anniversary,595673262386,2026-02-01T00:00:00Z,2026-03-01T00:00:00Z,353545917793,Usage,2026-02-02T06:00:00Z,2026-02-02T11:00:00Z,AmazonBedrock,USW2-gpt-oss-120b-input-tokens,InvokeModelInference,,arn:aws:bedrock:us-west-2::foundation-model/openai.gpt-oss-120b-1:0,3.4050000000,,,USD,0.0001500000,0.0005107500,0.0001500000,0.0005107500,$0.00015 per 1K input tokens for gpt-oss-120b in US West (Oregon),,"Amazon Web Services, Inc.",Amazon Bedrock,,,,,,,,,,,,,,,,,,,,,,,On-demand Inference,,,,,,,,,Input tokens,,,,,,,,US West (Oregon),AWS Region,,,,,,,,,,gpt-oss-120b,,,,,,,,,,Amazon Bedrock,OpenAI,,,us-west-2,us-west-2,,,,,AmazonBedrock,Amazon Bedrock,VVPWA6JW5NRYT4E7,,,,,,,,,,,USW2-gpt-oss-120b-input-tokens,,,,,,VVPWA6JW5NRYT4E7.JRTCKXETXF.6YS6EN2CT7,356960196248,USD,0.0005107500,0.0001500000,OnDemand,1K tokens,,,,,,,,,,21100992007,,,,,,,,,,,,,,,
hbtlr3y6fiywniurjxxnhy44nqsa3kbr4c7zzpy4akch7c3xk4ya,2026-02-01T00:00:00Z/2026-03-01T00:00:00Z,,"Amazon Web Services, Inc.",AWS,Anniversary,595673262386,2026-02-01T00:00:00Z,2026-03-01T00:00:00Z,353545917793,Usage,2026-02-02T02:00:00Z,2026-02-02T03:00:00Z,AmazonEC2,USW2-EUW3-AWS-Out-Bytes,PublicIP-Out,,i-0ee8635d596bf3d8b,0.0000000512,,,USD,0.0200000000,0.0000000010,0.0200000000,0.0000000010,$0.02 per GB - US West (Oregon) data transfer to EU (Paris),,"Amazon Web Services, Inc.",Amazon Elastic Compute Cloud,,,,,,,,,,,,,,,,,,,,,,,,,,US West (Oregon),AWS Region,us-west-2,,,,,,,,,,,,,,,,,,,,,,,,,,,,,,,,,Data Transfer,,,,us-west-2,,,,,,AWSDataTransfer,AWS Data Transfer,W4HS32Q6N7MUF5FC,,,,,,EU (Paris),AWS Region,eu-west-3,InterRegion Outbound,,USW2-EUW3-AWS-Out-Bytes,,,,,,W4HS32Q6N7MUF5FC.JRTCKXETXF.6YS6EN2CT7,200619056266,USD,0.0000000010,0.0200000000,OnDemand,GB,,,,,,,,,,21100991773,,,,,,,,,,,,,,,
wcpr52nhestttgvd4abemwzlg3hjnbizrcdfdbdamn2sygsfrmuq,2026-02-01T00:00:00Z/2026-03-01T00:00:00Z,,"Amazon Web Services, Inc.",AWS,Anniversary,595673262386,2026-02-01T00:00:00Z,2026-03-01T00:00:00Z,353545917793,Usage,2026-02-01T13:00:00Z,2026-02-01T14:00:00Z,AmazonCloudFront,AP-Requests-Tier2-HTTPS,GET,,arn:aws:cloudfront::353545917793:distribution/E2EBT3OOYZBXXH,1.0000000000,,,USD,0.0000000000,0.0000000000,0.0000000000,0.0000000000,$0.000 per request - HTTP or HTTPS under the global monthly free tier,,"Amazon Web Services, Inc.",Amazon CloudFront,,,,,,,,,,,,,,,,,,,,,,,,,,,,,,,,,,,,,,,,Asia Pacific,AWS Edge Location,,,,,,,,,,,,,,,,,,,,Request,,,,ap-southeast-1,,HTTPS GET and HEAD requests,CloudFront-Request-Tier2,,,AmazonCloudFront,Amazon CloudFront,W6KHTEW6VCKTZFTR,,,,,,,,,,,AP-Requests-Tier2-HTTPS,,,,,,W6KHTEW6VCKTZFTR.A429C66SYZ.6YS6EN2CT7,165482683446,USD,0.0000012000,0.0000012000,,Requests,,,,,,,,,,21100991767,,,,,,,,,,,,,,,
nfocsroxkutlw2nt45o4dqlsriwxack6v25mkzjc2d6r7qqftsra,2026-02-01T00:00:00Z/2026-03-01T00:00:00Z,,"Amazon Web Services, Inc.",AWS,Anniversary,595673262386,2026-02-01T00:00:00Z,2026-03-01T00:00:00Z,353545917793,Usage,2026-02-01T12:00:00Z,2026-02-02T10:00:00Z,AmazonCloudFront,AP-Requests-Tier2-HTTPS,GET,,arn:aws:cloudfront::353545917793:distribution/E3IJX9IUF6SHIC,1046.0000000000,,,USD,0.0000000000,0.0000000000,0.0000000000,0.0000000000,$0.000 per request - HTTP or HTTPS under the global monthly free tier,,"Amazon Web Services, Inc.",Amazon CloudFront,,,,,,,,,,,,,,,,,,,,,,,,,,,,,,,,,,,,,,,,Asia Pacific,AWS Edge Location,,,,,,,,,,,,,,,,,,,,Request,,,,ap-southeast-1,,HTTPS GET and HEAD requests,CloudFront-Request-Tier2,,,AmazonCloudFront,Amazon CloudFront,W6KHTEW6VCKTZFTR,,,,,,,,,,,AP-Requests-Tier2-HTTPS,,,,,,W6KHTEW6VCKTZFTR.A429C66SYZ.6YS6EN2CT7,165482683446,USD,0.0012552000,0.0000012000,,Requests,,,,,,,,,,21100991767,,,,,,,,,,,,,,,
t5ma5d2ggyvfndhgh5ybliyem2pkjxcpfbsd3met7epiozbej3bq,2026-02-01T00:00:00Z/2026-03-01T00:00:00Z,,"Amazon Web Services, Inc.",AWS,Anniversary,595673262386,2026-02-01T00:00:00Z,2026-03-01T00:00:00Z,353545917793,Usage,2026-02-01T05:00:00Z,2026-02-02T11:00:00Z,AmazonCloudFront,AP-Requests-Tier2-HTTPS,GET,,arn:aws:cloudfront::353545917793:distribution/E3LQ4K487Q3OU4,917.0000000000,,,USD,0.0000000000,0.0000000000,0.0000000000,0.0000000000,$0.000 per request - HTTP or HTTPS under the global monthly free tier,,"Amazon Web Services, Inc.",Amazon CloudFront,,,,,,,,,,,,,,,,,,,,,,,,,,,,,,,,,,,,,,,,Asia Pacific,AWS Edge Location,,,,,,,,,,,,,,,,,,,,Request,,,,ap-southeast-1,,HTTPS GET and HEAD requests,CloudFront-Request-Tier2,,,AmazonCloudFront,Amazon CloudFront,W6KHTEW6VCKTZFTR,,,,,,,,,,,AP-Requests-Tier2-HTTPS,,,,,,W6KHTEW6VCKTZFTR.A429C66SYZ.6YS6EN2CT7,165482683446,USD,0.0011004000,0.0000012000,,Requests,,,,,,,,,,21100991767,,,,,,,,,,,,,,,
pi3qj6z43okv3cjrxvtfmfh3f7hs76balfknjqlycufbcm4yar3q,2026-02-01T00:00:00Z/2026-03-01T00:00:00Z,,"Amazon Web Services, Inc.",AWS,Anniversary,595673262386,2026-02-01T00:00:00Z,2026-03-01T00:00:00Z,353545917793,Usage,2026-02-01T08:00:00Z,2026-02-01T09:00:00Z,AmazonEC2,USW2-APE2-AWS-In-Bytes,PublicIP-In,,i-0b9d34c5972a322eb,0.0000000373,,,USD,0.0000000000,0.0000000000,0.0000000000,0.0000000000,$0.00 per GB - US West (Oregon) data transfer from Asia Pacific (Taipei),,"Amazon Web Services, Inc.",Amazon Elastic Compute Cloud,,,,,,,,,,,,,,,,,,,,,,,,,,US West (Oregon),AWS Region,us-west-2,,,,,,,,,,,,,,,,,,,,,,,,,,,,,,,,,Data Transfer,,,,us-west-2,,,,,,AWSDataTransfer,AWS Data Transfer,WBU6AB86VMWZRC7C,,,,,,Asia Pacific (Taipei),AWS Region,ap-east-2,InterRegion Inbound,,USW2-APE2-AWS-In-Bytes,,,,,,WBU6AB86VMWZRC7C.JRTCKXETXF.6YS6EN2CT7,200619072280,USD,0.0000000000,0.0000000000,OnDemand,GB,,,,,,,,,,21100991773,,,,,,,,,,,,,,,
ewjqpr6bcgixsdsr5rejfs4z6gmnze4tps6tjg4zpii2w6p4zk6a,2026-02-01T00:00:00Z/2026-03-01T00:00:00Z,,"Amazon Web Services, Inc.",AWS,Anniversary,595673262386,2026-02-01T00:00:00Z,2026-03-01T00:00:00Z,353545917793,Usage,2026-02-01T00:00:00Z,2026-02-01T01:00:00Z,AmazonS3,TimedStorage-ByteHrs,StandardStorage,,cdk-hnb659fds-assets-353545917793-us-east-1,0.0000046758,,,USD,0.0000000000,0.0000000000,0.0000000000,0.0000000000,$0.000 per GB - storage under the monthly global free tier,,"Amazon Web Services, Inc.",Amazon Simple Storage Service,,,99.99%,,,,,,,,,,,,,,,99.999999999%,,,,,,,,,,,,,,,,,,,,,,US East (N. Virginia),AWS Region,,,,,,,,,,,,,,,,,,,,Storage,,,,us-east-1,us-east-1,,,,,AmazonS3,Amazon Simple Storage Service,WP9ANXZGBYYSGJEA,,General Purpose,,,,,,,,,TimedStorage-ByteHrs,,,,Standard,,WP9ANXZGBYYSGJEA.A429C66SYZ.6YS6EN2CT7,327159826200,USD,0.0000001075,0.0230000000,,GB-Mo,,,,,,,,,,21100991763,,,,,,,,,,,,,,,
kgrwf6maums5l5okneu5z6cglme6gltqrmab6y2pxmueeobamnaq,2026-02-01T00:00:00Z/2026-03-01T00:00:00Z,,"Amazon Web Services, Inc.",AWS,Anniversary,595673262386,2026-02-01T00:00:00Z,2026-03-01T00:00:00Z,353545917793,Usage,2026-02-01T00:00:00Z,2026-02-01T01:00:00Z,AmazonS3,TimedStorage-ByteHrs,StandardStorage,,cf-templates-mriqnk830h6e-us-east-1,0.0000008132,,,USD,0.0000000000,0.0000000000,0.0000000000,0.0000000000,$0.000 per GB - storage under the monthly global free tier,,"Amazon Web Services, Inc.",Amazon Simple Storage Service,,,99.99%,,,,,,,,,,,,,,,99.999999999%,,,,,,,,,,,,,,,,,,,,,,US East (N. Virginia),AWS Region,,,,,,,,,,,,,,,,,,,,Storage,,,,us-east-1,us-east-1,,,,,AmazonS3,Amazon Simple Storage Service,WP9ANXZGBYYSGJEA,,General Purpose,,,,,,,,,TimedStorage-ByteHrs,,,,Standard,,WP9ANXZGBYYSGJEA.A429C66SYZ.6YS6EN2CT7,327159826200,USD,0.0000000187,0.0230000000,,GB-Mo,,,,,,,,,,21100991763,,,,,,,,,,,,,,,
oboqhafxoglrdvrj43srwqw7uerx4csjsctdy3ahkewskh2de5ia,2026-02-01T00:00:00Z/2026-03-01T00:00:00Z,,"Amazon Web Services, Inc.",AWS,Anniversary,595673262386,2026-02-01T00:00:00Z,2026-03-01T00:00:00Z,353545917793,Usage,2026-02-02T08:00:00Z,2026-02-02T09:00:00Z,AmazonSNS,USW2-DeliveryAttempts-SMTP,SubscriptionConfirmation,,arn:aws:sns:us-west-2:353545917793:FinanceMonthlyBilling,1.0000000000,,,USD,0.0000000000,0.0000000000,0.0000000000,0.0000000000,"First 1,000 Amazon SNS Email/Email-JSON Notifications per month are free",,"Amazon Web Services, Inc.",Amazon Simple Notification Service,,,,,,,,,,,,,,,,,Charged for each 64KB chunk of published data,,,SMTP,,,,,,,,,,,,,,,,,,,,US West (Oregon),AWS Region,,,,,,,,,,,,,,,,,,,,Message Delivery,,,,us-west-2,us-west-2,,,,,AmazonSNS,Amazon Simple Notification Service,WRF4N8KUHKFRG4Q5,,,,,,,,,,,USW2-DeliveryAttempts-SMTP,,,,,,WRF4N8KUHKFRG4Q5.JRTCKXETXF.JXGPBPHWFF,198282505863,USD,0.0000200000,0.0000200000,OnDemand,Notifications,,,,,,,,,,21100991774,,,,,,,,,,,,,,,
ysavvwn5apbpa3zjzqob2wjcbxwfamm3fqpm5csf6qbekcahhomq,2026-02-01T00:00:00Z/2026-03-01T00:00:00Z,,"Amazon Web Services, Inc.",AWS,Anniversary,595673262386,2026-02-01T00:00:00Z,2026-03-01T00:00:00Z,353545917793,Usage,2026-02-02T08:00:00Z,2026-02-02T09:00:00Z,AmazonSNS,USW2-DeliveryAttempts-SMTP,SubscriptionConfirmation,,arn:aws:sns:us-west-2:353545917793:MonthlyBillingReport,1.0000000000,,,USD,0.0000000000,0.0000000000,0.0000000000,0.0000000000,"First 1,000 Amazon SNS Email/Email-JSON Notifications per month are free",,"Amazon Web Services, Inc.",Amazon Simple Notification Service,,,,,,,,,,,,,,,,,Charged for each 64KB chunk of published data,,,SMTP,,,,,,,,,,,,,,,,,,,,US West (Oregon),AWS Region,,,,,,,,,,,,,,,,,,,,Message Delivery,,,,us-west-2,us-west-2,,,,,AmazonSNS,Amazon Simple Notification Service,WRF4N8KUHKFRG4Q5,,,,,,,,,,,USW2-DeliveryAttempts-SMTP,,,,,,WRF4N8KUHKFRG4Q5.JRTCKXETXF.JXGPBPHWFF,198282505863,USD,0.0000200000,0.0000200000,OnDemand,Notifications,,,,,,,,,,21100991774,,,,,,,,,,,,,,,
4gr4pa7sks6iffdfckk7qep4k43iuatc2an7w2gey5uguuh355ga,2026-02-01T00:00:00Z/2026-03-01T00:00:00Z,,"Amazon Web Services, Inc.",AWS,Anniversary,595673262386,2026-02-01T00:00:00Z,2026-03-01T00:00:00Z,353545917793,Usage,2026-02-02T06:00:00Z,2026-02-02T11:00:00Z,AWSLambda,USW2-Lambda-GB-Second,Invoke,,arn:aws:lambda:us-west-2:353545917793:function:AIFunction-dev,17.6665000000,,,USD,0.0000000000,0.0000000000,0.0000000000,0.0000000000,"AWS Lambda - Compute Free Tier - 400,000 GB-Seconds - US West (Oregon)",,"Amazon Web Services, Inc.",AWS Lambda,,,,,,,,,,,,,,,,,,,,,,,,,,,,,,AWS-Lambda-Duration,"Invocation duration weighted by memory assigned to function, measured in GB-s",,,,,,,,,US West (Oregon),AWS Region,,,,,,,,,,,,,,,,,,,,Serverless,,,,us-west-2,us-west-2,,,,,AWSLambda,AWS Lambda,XCU6U9G4FCKZQWG9,,,,,,,,,,,USW2-Lambda-GB-Second,,,,,,XCU6U9G4FCKZQWG9.A429C66SYZ.6YS6EN2CT7,301350818844,USD,0.0002944423,0.0000166667,,Lambda-GB-Second,,,,,,,,,,21100991802,,,,,,,,,,,,,,,
ph7nexlutglia54trnhsdkm3vtds2cnrrta45luwsxklnqnybpxa,2026-02-01T00:00:00Z/2026-03-01T00:00:00Z,,"Amazon Web Services, Inc.",AWS,Anniversary,595673262386,2026-02-01T00:00:00Z,2026-03-01T00:00:00Z,353545917793,Usage,2026-02-01T00:00:00Z,2026-02-02T11:00:00Z,AWSLambda,USW2-Lambda-GB-Second,Invoke,,arn:aws:lambda:us-west-2:353545917793:function:DEV-LambdaStack-EscalationSchedulerFunction46234BD-4sj8bAmmQuVj,563.5080000000,,,USD,0.0000000000,0.0000000000,0.0000000000,0.0000000000,"AWS Lambda - Compute Free Tier - 400,000 GB-Seconds - US West (Oregon)",,"Amazon Web Services, Inc.",AWS Lambda,,,,,,,,,,,,,,,,,,,,,,,,,,,,,,AWS-Lambda-Duration,"Invocation duration weighted by memory assigned to function, measured in GB-s",,,,,,,,,US West (Oregon),AWS Region,,,,,,,,,,,,,,,,,,,,Serverless,,,,us-west-2,us-west-2,,,,,AWSLambda,AWS Lambda,XCU6U9G4FCKZQWG9,,,,,,,,,,,USW2-Lambda-GB-Second,,,,,,XCU6U9G4FCKZQWG9.A429C66SYZ.6YS6EN2CT7,301350818844,USD,0.0093918188,0.0000166667,,Lambda-GB-Second,,,,,,,,,,21100991802,,,,,,,,,,,,,,,
ptr5ffui52jx5jvjmpwt7vv56kcrl6qvz3aanbwnqrd4nadauz7a,2026-02-01T00:00:00Z/2026-03-01T00:00:00Z,,"Amazon Web Services, Inc.",AWS,Anniversary,595673262386,2026-02-01T00:00:00Z,2026-03-01T00:00:00Z,353545917793,Usage,2026-02-02T05:00:00Z,2026-02-02T11:00:00Z,AWSLambda,USW2-Lambda-GB-Second,Invoke,,arn:aws:lambda:us-west-2:353545917793:function:DEV-LambdaStack-NotificationFunction0492F7EA-lk5mfUDcAvSa,40.3390000000,,,USD,0.0000000000,0.0000000000,0.0000000000,0.0000000000,"AWS Lambda - Compute Free Tier - 400,000 GB-Seconds - US West (Oregon)",,"Amazon Web Services, Inc.",AWS Lambda,,,,,,,,,,,,,,,,,,,,,,,,,,,,,,AWS-Lambda-Duration,"Invocation duration weighted by memory assigned to function, measured in GB-s",,,,,,,,,US West (Oregon),AWS Region,,,,,,,,,,,,,,,,,,,,Serverless,,,,us-west-2,us-west-2,,,,,AWSLambda,AWS Lambda,XCU6U9G4FCKZQWG9,,,,,,,,,,,USW2-Lambda-GB-Second,,,,,,XCU6U9G4FCKZQWG9.A429C66SYZ.6YS6EN2CT7,301350818844,USD,0.0006723180,0.0000166667,,Lambda-GB-Second,,,,,,,,,,21100991802,,,,,,,,,,,,,,,
vbjhm3pavr2wfcutbcfhaaj4fj27eipoukitt4z4hxitcgbhdzuq,2026-02-01T00:00:00Z/2026-03-01T00:00:00Z,,"Amazon Web Services, Inc.",AWS,Anniversary,595673262386,2026-02-01T00:00:00Z,2026-03-01T00:00:00Z,353545917793,Usage,2026-02-02T09:00:00Z,2026-02-02T10:00:00Z,AWSLambda,USW2-Lambda-GB-Second,Invoke,,arn:aws:lambda:us-west-2:353545917793:function:FilterMonthlyBillingReport,0.1120000000,,,USD,0.0000000000,0.0000000000,0.0000000000,0.0000000000,"AWS Lambda - Compute Free Tier - 400,000 GB-Seconds - US West (Oregon)",,"Amazon Web Services, Inc.",AWS Lambda,,,,,,,,,,,,,,,,,,,,,,,,,,,,,,AWS-Lambda-Duration,"Invocation duration weighted by memory assigned to function, measured in GB-s",,,,,,,,,US West (Oregon),AWS Region,,,,,,,,,,,,,,,,,,,,Serverless,,,,us-west-2,us-west-2,,,,,AWSLambda,AWS Lambda,XCU6U9G4FCKZQWG9,,,,,,,,,,,USW2-Lambda-GB-Second,,,,,,XCU6U9G4FCKZQWG9.A429C66SYZ.6YS6EN2CT7,301350818844,USD,0.0000018667,0.0000166667,,Lambda-GB-Second,,,,,,,,,,21100991802,,,,,,,,,,,,,,,
opiizweafrcc63wwnzyzdnvnkrr4odspnlwhigwf643ymz3rdeyq,2026-02-01T00:00:00Z/2026-03-01T00:00:00Z,,"Amazon Web Services, Inc.",AWS,Anniversary,595673262386,2026-02-01T00:00:00Z,2026-03-01T00:00:00Z,353545917793,Usage,2026-02-01T03:00:00Z,2026-02-02T06:00:00Z,AWSLambda,USW2-Lambda-GB-Second,Invoke,,arn:aws:lambda:us-west-2:353545917793:function:PROD-LambdaStack-EscalationSchedulerFunction46234B-eoY289IdBqOB,53.0020000000,,,USD,0.0000000000,0.0000000000,0.0000000000,0.0000000000,"AWS Lambda - Compute Free Tier - 400,000 GB-Seconds - US West (Oregon)",,"Amazon Web Services, Inc.",AWS Lambda,,,,,,,,,,,,,,,,,,,,,,,,,,,,,,AWS-Lambda-Duration,"Invocation duration weighted by memory assigned to function, measured in GB-s",,,,,,,,,US West (Oregon),AWS Region,,,,,,,,,,,,,,,,,,,,Serverless,,,,us-west-2,us-west-2,,,,,AWSLambda,AWS Lambda,XCU6U9G4FCKZQWG9,,,,,,,,,,,USW2-Lambda-GB-Second,,,,,,XCU6U9G4FCKZQWG9.A429C66SYZ.6YS6EN2CT7,301350818844,USD,0.0008833684,0.0000166667,,Lambda-GB-Second,,,,,,,,,,21100991802,,,,,,,,,,,,,,,
eyh2teeh223dtgf7uljpe7q6z64lm4hqmzsh7a45ard536hofuza,2026-02-01T00:00:00Z/2026-03-01T00:00:00Z,,"Amazon Web Services, Inc.",AWS,Anniversary,595673262386,2026-02-01T00:00:00Z,2026-03-01T00:00:00Z,353545917793,Usage,2026-02-01T03:00:00Z,2026-02-02T11:00:00Z,AWSLambda,USW2-Lambda-GB-Second,Invoke,,arn:aws:lambda:us-west-2:353545917793:function:PROD-LambdaStack-NotificationFunction0492F7EA-LPjctkICcF0l,1772.8360000000,,,USD,0.0000000000,0.0000000000,0.0000000000,0.0000000000,"AWS Lambda - Compute Free Tier - 400,000 GB-Seconds - US West (Oregon)",,"Amazon Web Services, Inc.",AWS Lambda,,,,,,,,,,,,,,,,,,,,,,,,,,,,,,AWS-Lambda-Duration,"Invocation duration weighted by memory assigned to function, measured in GB-s",,,,,,,,,US West (Oregon),AWS Region,,,,,,,,,,,,,,,,,,,,Serverless,,,,us-west-2,us-west-2,,,,,AWSLambda,AWS Lambda,XCU6U9G4FCKZQWG9,,,,,,,,,,,USW2-Lambda-GB-Second,,,,,,XCU6U9G4FCKZQWG9.A429C66SYZ.6YS6EN2CT7,301350818844,USD,0.0295473258,0.0000166667,,Lambda-GB-Second,,,,,,,,,,21100991802,,,,,,,,,,,,,,,
lzxff3uf5nkpt36tusyx2kkgsyyuyvgkqicoutdjw5ssroaahcsa,2026-02-01T00:00:00Z/2026-03-01T00:00:00Z,,"Amazon Web Services, Inc.",AWS,Anniversary,595673262386,2026-02-01T00:00:00Z,2026-03-01T00:00:00Z,353545917793,Usage,2026-02-01T03:00:00Z,2026-02-02T06:00:00Z,AWSLambda,USW2-Lambda-GB-Second,Invoke,,arn:aws:lambda:us-west-2:353545917793:function:UAT-LambdaStack-EscalationSchedulerFunction46234BD-c0AoIybJpNCt,16.4380000000,,,USD,0.0000000000,0.0000000000,0.0000000000,0.0000000000,"AWS Lambda - Compute Free Tier - 400,000 GB-Seconds - US West (Oregon)",,"Amazon Web Services, Inc.",AWS Lambda,,,,,,,,,,,,,,,,,,,,,,,,,,,,,,AWS-Lambda-Duration,"Invocation duration weighted by memory assigned to function, measured in GB-s",,,,,,,,,US West (Oregon),AWS Region,,,,,,,,,,,,,,,,,,,,Serverless,,,,us-west-2,us-west-2,,,,,AWSLambda,AWS Lambda,XCU6U9G4FCKZQWG9,,,,,,,,,,,USW2-Lambda-GB-Second,,,,,,XCU6U9G4FCKZQWG9.A429C66SYZ.6YS6EN2CT7,301350818844,USD,0.0002739672,0.0000166667,,Lambda-GB-Second,,,,,,,,,,21100991802,,,,,,,,,,,,,,,
cjgsecca52zpgrp6g7hslfzsae5qzv46zqllkovfg47hylrxonvq,2026-02-01T00:00:00Z/2026-03-01T00:00:00Z,,"Amazon Web Services, Inc.",AWS,Anniversary,595673262386,2026-02-01T00:00:00Z,2026-03-01T00:00:00Z,353545917793,Usage,2026-02-02T06:00:00Z,2026-02-02T08:00:00Z,AWSLambda,USW2-Lambda-GB-Second,Invoke,,arn:aws:lambda:us-west-2:353545917793:function:UAT-LambdaStack-NotificationFunction0492F7EA-TTqt039Wp38r,21.9110000000,,,USD,0.0000000000,0.0000000000,0.0000000000,0.0000000000,"AWS Lambda - Compute Free Tier - 400,000 GB-Seconds - US West (Oregon)",,"Amazon Web Services, Inc.",AWS Lambda,,,,,,,,,,,,,,,,,,,,,,,,,,,,,,AWS-Lambda-Duration,"Invocation duration weighted by memory assigned to function, measured in GB-s",,,,,,,,,US West (Oregon),AWS Region,,,,,,,,,,,,,,,,,,,,Serverless,,,,us-west-2,us-west-2,,,,,AWSLambda,AWS Lambda,XCU6U9G4FCKZQWG9,,,,,,,,,,,USW2-Lambda-GB-Second,,,,,,XCU6U9G4FCKZQWG9.A429C66SYZ.6YS6EN2CT7,301350818844,USD,0.0003651841,0.0000166667,,Lambda-GB-Second,,,,,,,,,,21100991802,,,,,,,,,,,,,,,
4lvqiruvbqqsrwm4xtl24cltwd2zyc3p3f6vxwhda4tddrre6apa,2026-02-01T00:00:00Z/2026-03-01T00:00:00Z,,"Amazon Web Services, Inc.",AWS,Anniversary,595673262386,2026-02-01T00:00:00Z,2026-03-01T00:00:00Z,353545917793,Usage,2026-02-01T18:00:00Z,2026-02-01T19:00:00Z,AmazonS3,USE1-USW2-AWS-Out-Bytes,ListBucketTags,,,0.0000064299,,,USD,0.0200000000,0.0000001286,0.0200000000,0.0000001286,$0.02 per GB - US East (Northern Virginia) data transfer to US West (Oregon),,"Amazon Web Services, Inc.",Amazon Simple Storage Service,,,,,,,,,,,,,,,,,,,,,,,,,,US East (N. Virginia),AWS Region,us-east-1,,,,,,,,,,,,,,,,,,,,,,,,,,,,,,,,,Data Transfer,,,,us-east-1,,,,,,AWSDataTransfer,AWS Data Transfer,XGXYRYWGNXSSEUVT,,,,,,US West (Oregon),AWS Region,us-west-2,InterRegion Outbound,,USE1-USW2-AWS-Out-Bytes,,,,,,XGXYRYWGNXSSEUVT.JRTCKXETXF.6YS6EN2CT7,200619072153,USD,0.0000001286,0.0200000000,OnDemand,GB,,,,,,,,,,21100991773,,,,,,,,,,,,,,,
wmgossaengjpao6ajpbu6jgni24s4yu2fu5t5cpeg2ygdanz6bwa,2026-02-01T00:00:00Z/2026-03-01T00:00:00Z,,"Amazon Web Services, Inc.",AWS,Anniversary,595673262386,2026-02-01T00:00:00Z,2026-03-01T00:00:00Z,353545917793,Usage,2026-02-01T02:00:00Z,2026-02-02T03:00:00Z,AWSGlue,USE1-Catalog-Request,Request,,,3.0000000000,,,USD,0.0000000000,0.0000000000,0.0000000000,0.0000000000,$0 for AWS Glue Data Catalog requests under the free tier,,"Amazon Web Services, Inc.",AWS Glue,,,,,,,,,,,,,,,,,,,,,,,,,,,,,,Data catalog requests,,,,,,,,,,US East (N. Virginia),AWS Region,,,,,,,,,,,,,,Request,,,,,,AWS Glue,,,,us-east-1,us-east-1,,,,,AWSGlue,AWS Glue,XUYP7NN729GFEEB7,,,,,,,,,,,USE1-Catalog-Request,,,,,,XUYP7NN729GFEEB7.A429C66SYZ.6YS6EN2CT7,338976513882,USD,0.0000030000,0.0000010000,,Request,,,,,,,,,,21100991854,,,,,,,,,,,,,,,
qvotxnudkh2vyytdkfas2rpofjrbdhvwnzv3yeqmu3dy2fxgxfeq,2026-02-01T00:00:00Z/2026-03-01T00:00:00Z,,"Amazon Web Services, Inc.",AWS,Anniversary,595673262386,2026-02-01T00:00:00Z,2026-03-01T00:00:00Z,353545917793,Usage,2026-02-02T07:00:00Z,2026-02-02T09:00:00Z,AmazonCloudFront,IN-DataTransfer-Out-Bytes,GET,,arn:aws:cloudfront::353545917793:distribution/E3IJX9IUF6SHIC,0.0091956006,,,USD,0.0000000000,0.0000000000,0.0000000000,0.0000000000,$0.000 per GB - data transfer out under the global monthly free tier,,"Amazon Web Services, Inc.",Amazon CloudFront,,,,,,,,,,,,,,,,,,,,,,,,,,India,AWS Edge Location,,,,,,,,,,,,,,,,,,,,,,,,,,,,,,,,,,Data Transfer,,,,ap-south-1,,,,,,AmazonCloudFront,Amazon CloudFront,XVZYVSAH88373VKR,,,,,,External,Other,,CloudFront Outbound,,IN-DataTransfer-Out-Bytes,,,,,,XVZYVSAH88373VKR.A429C66SYZ.6YS6EN2CT7,165482683416,USD,0.0010023205,0.1090000000,,GB,,,,,,,,,,21100991767,,,,,,,,,,,,,,,
4m3uuwizlapv5kndct5bj7lq46u4k7mleh7t4j4vii22crubgnha,2026-02-01T00:00:00Z/2026-03-01T00:00:00Z,,"Amazon Web Services, Inc.",AWS,Anniversary,595673262386,2026-02-01T00:00:00Z,2026-03-01T00:00:00Z,353545917793,Usage,2026-02-02T07:00:00Z,2026-02-02T09:00:00Z,AmazonCloudFront,IN-DataTransfer-Out-Bytes,POST,,arn:aws:cloudfront::353545917793:distribution/E3IJX9IUF6SHIC,0.0020503877,,,USD,0.0000000000,0.0000000000,0.0000000000,0.0000000000,$0.000 per GB - data transfer out under the global monthly free tier,,"Amazon Web Services, Inc.",Amazon CloudFront,,,,,,,,,,,,,,,,,,,,,,,,,,India,AWS Edge Location,,,,,,,,,,,,,,,,,,,,,,,,,,,,,,,,,,Data Transfer,,,,ap-south-1,,,,,,AmazonCloudFront,Amazon CloudFront,XVZYVSAH88373VKR,,,,,,External,Other,,CloudFront Outbound,,IN-DataTransfer-Out-Bytes,,,,,,XVZYVSAH88373VKR.A429C66SYZ.6YS6EN2CT7,165482683416,USD,0.0002234923,0.1090000000,,GB,,,,,,,,,,21100991767,,,,,,,,,,,,,,,
yqdry2nevgc7ln5b2tpkgxcn2ljaoedb54qq3qs7unje4526iyyq,2026-02-01T00:00:00Z/2026-03-01T00:00:00Z,,"Amazon Web Services, Inc.",AWS,Anniversary,595673262386,2026-02-01T00:00:00Z,2026-03-01T00:00:00Z,353545917793,Usage,2026-02-02T07:00:00Z,2026-02-02T08:00:00Z,AmazonCloudFront,AU-Requests-Tier2-HTTPS,GET,,arn:aws:cloudfront::353545917793:distribution/E3LQ4K487Q3OU4,1.0000000000,,,USD,0.0000000000,0.0000000000,0.0000000000,0.0000000000,$0.000 per request - HTTP or HTTPS under the global monthly free tier,,"Amazon Web Services, Inc.",Amazon CloudFront,,,,,,,,,,,,,,,,,,,,,,,,,,,,,,,,,,,,,,,,Australia,AWS Edge Location,,,,,,,,,,,,,,,,,,,,Request,,,,ap-southeast-2,,HTTPS GET and HEAD requests,CloudFront-Request-Tier2,,,AmazonCloudFront,Amazon CloudFront,XXEA4SCG9TSQCDF2,,,,,,,,,,,AU-Requests-Tier2-HTTPS,,,,,,XXEA4SCG9TSQCDF2.A429C66SYZ.6YS6EN2CT7,165482683450,USD,0.0000012500,0.0000012500,,Requests,,,,,,,,,,21100991767,,,,,,,,,,,,,,,
sj5dlm4bhrmiulzdak2r63s27miihxmajlaasmd3t4b6647juomq,2026-02-01T00:00:00Z/2026-03-01T00:00:00Z,,"Amazon Web Services, Inc.",AWS,Anniversary,595673262386,2026-02-01T00:00:00Z,2026-03-01T00:00:00Z,353545917793,Usage,2026-02-02T08:00:00Z,2026-02-02T09:00:00Z,AWSQueueService,APS3-Requests-Tier1,List,,,2.0000000000,,,USD,0.0000000000,0.0000000000,0.0000000000,0.0000000000,"First 1,000,000 Amazon SQS Requests per month are free",,"Amazon Web Services, Inc.",Amazon Simple Queue Service,,,,,,,,,,,,,,,,,,,,,,,,,,,,,,SQS-APIRequest-Tier1,Amazon SQS Requests,,,,,,,,,Asia Pacific (Mumbai),AWS Region,,,,,,,At Least Once,Not Guaranteed,,,,,,,,,,,,API Request,,Standard,,ap-south-1,ap-south-1,,,,,AWSQueueService,Amazon Simple Queue Service,Y6JJ7JBXQG364CH7,,,,,,,,,,,APS3-Requests-Tier1,,,,,,Y6JJ7JBXQG364CH7.A429C66SYZ.6YS6EN2CT7,231387327387,USD,0.0000008000,0.0000004000,,Requests,,,,,,,,,,21100991765,,,,,,,,,,,,,,,
jm2uqvpv5deuppwrkapgz3lktim67zvewqh5ut54f2ypa2nkluxa,2026-02-01T00:00:00Z/2026-03-01T00:00:00Z,,"Amazon Web Services, Inc.",AWS,Anniversary,595673262386,2026-02-01T00:00:00Z,2026-03-01T00:00:00Z,353545917793,Usage,2026-02-02T08:00:00Z,2026-02-02T09:00:00Z,AWSQueueService,EUN1-Requests-Tier1,List,,,2.0000000000,,,USD,0.0000000000,0.0000000000,0.0000000000,0.0000000000,USD 0.0 per Requests for Requests-Tier1 in EU (Stockholm),,"Amazon Web Services, Inc.",Amazon Simple Queue Service,,,,,,,,,,,,,,,,,,,,,,,,,,,,,,SQS-APIRequest-Tier1,Amazon SQS Requests,,,,,,,,,EU (Stockholm),AWS Region,,,,,,,At Least Once,Not Guaranteed,,,,,,,,,,,,API Request,,Standard,,eu-north-1,eu-north-1,,,,,AWSQueueService,Amazon Simple Queue Service,Y8W4TKQWYZFDM9BG,,,,,,,,,,,EUN1-Requests-Tier1,,,,,,Y8W4TKQWYZFDM9BG.A429C66SYZ.6YS6EN2CT7,231387327395,USD,0.0000008000,0.0000004000,,Requests,,,,,,,,,,21100991765,,,,,,,,,,,,,,,
6uhswbieyg5xutpbx7pcicg3clw36v4wop3kn2nzlthvkyoudmca,2026-02-01T00:00:00Z/2026-03-01T00:00:00Z,,"Amazon Web Services, Inc.",AWS,Anniversary,595673262386,2026-02-01T00:00:00Z,2026-03-01T00:00:00Z,353545917793,Usage,2026-02-01T11:00:00Z,2026-02-02T11:00:00Z,AmazonCloudFront,EU-Requests-Tier2-HTTPS,GET,,arn:aws:cloudfront::353545917793:distribution/E3IJX9IUF6SHIC,5831.0000000000,,,USD,0.0000000000,0.0000000000,0.0000000000,0.0000000000,$0.000 per request - HTTP or HTTPS under the global monthly free tier,,"Amazon Web Services, Inc.",Amazon CloudFront,,,,,,,,,,,,,,,,,,,,,,,,,,,,,,,,,,,,,,,,Europe,AWS Edge Location,,,,,,,,,,,,,,,,,,,,Request,,,,eu-west-1,,HTTPS GET and HEAD requests,CloudFront-Request-Tier2,,,AmazonCloudFront,Amazon CloudFront,YA5QZD7XG45UGHCH,,,,,,,,,,,EU-Requests-Tier2-HTTPS,,,,,,YA5QZD7XG45UGHCH.A429C66SYZ.6YS6EN2CT7,165482683441,USD,0.0069972000,0.0000012000,,Requests,,,,,,,,,,21100991767,,,,,,,,,,,,,,,
nucxmteooerh2uow2nhzjwewb72fb5kxttmn7ve2wh6hnmm2fh7q,2026-02-01T00:00:00Z/2026-03-01T00:00:00Z,,"Amazon Web Services, Inc.",AWS,Anniversary,595673262386,2026-02-01T00:00:00Z,2026-03-01T00:00:00Z,353545917793,Usage,2026-02-01T04:00:00Z,2026-02-02T10:00:00Z,AmazonCloudFront,EU-Requests-Tier2-HTTPS,GET,,arn:aws:cloudfront::353545917793:distribution/E3LQ4K487Q3OU4,1430.0000000000,,,USD,0.0000000000,0.0000000000,0.0000000000,0.0000000000,$0.000 per request - HTTP or HTTPS under the global monthly free tier,,"Amazon Web Services, Inc.",Amazon CloudFront,,,,,,,,,,,,,,,,,,,,,,,,,,,,,,,,,,,,,,,,Europe,AWS Edge Location,,,,,,,,,,,,,,,,,,,,Request,,,,eu-west-1,,HTTPS GET and HEAD requests,CloudFront-Request-Tier2,,,AmazonCloudFront,Amazon CloudFront,YA5QZD7XG45UGHCH,,,,,,,,,,,EU-Requests-Tier2-HTTPS,,,,,,YA5QZD7XG45UGHCH.A429C66SYZ.6YS6EN2CT7,165482683441,USD,0.0017160000,0.0000012000,,Requests,,,,,,,,,,21100991767,,,,,,,,,,,,,,,
4ozug4oezjo6ipticm3mtt2t2nmbuf5pxyaxhbqmbyrd4jaoxj5q,2026-02-01T00:00:00Z/2026-03-01T00:00:00Z,,"Amazon Web Services, Inc.",AWS,Anniversary,595673262386,2026-02-01T00:00:00Z,2026-03-01T00:00:00Z,353545917793,Usage,2026-02-02T07:00:00Z,2026-02-02T09:00:00Z,AmazonCloudFront,IN-DataTransfer-Out-OBytes,POST,,arn:aws:cloudfront::353545917793:distribution/E3IJX9IUF6SHIC,0.0001228033,,,USD,0.1600000000,0.0000196485,0.1600000000,0.0000196485,$0.16 per GB - All data transfer out to Origin (India),,"Amazon Web Services, Inc.",Amazon CloudFront,,,,,,,,,,,,,,,,,,,,,,,,,,India,AWS Edge Location,,,,,,,,,,,,,,,,,,,,,,,,,,,,,,,,,,Data Transfer,,,,ap-south-1,,,,,,AmazonCloudFront,Amazon CloudFront,YR9KNSXHQ8YZU3RU,,,,,,Data Origin,Other,,CloudFront to Origin,,IN-DataTransfer-Out-OBytes,,,,,,YR9KNSXHQ8YZU3RU.JRTCKXETXF.6YS6EN2CT7,165482683347,USD,0.0000196485,0.1600000000,OnDemand,GB,,,,,,,,,,21100991767,,,,,,,,,,,,,,,
cxtxfloem7jafnpvnkjcelryqlykuzjz5iskqksizpcpglhmpj3q,2026-02-01T00:00:00Z/2026-03-01T00:00:00Z,,"Amazon Web Services, Inc.",AWS,Anniversary,595673262386,2026-02-01T00:00:00Z,2026-03-01T00:00:00Z,353545917793,Usage,2026-02-01T00:00:00Z,2026-02-01T01:00:00Z,AmazonS3,USW2-TimedStorage-ByteHrs,StandardStorage,,athena-logs-xyz123,0.0001975660,,,USD,0.0000000000,0.0000000000,0.0000000000,0.0000000000,$0.000 per GB - storage under the monthly global free tier,,"Amazon Web Services, Inc.",Amazon Simple Storage Service,,,99.99%,,,,,,,,,,,,,,,99.999999999%,,,,,,,,,,,,,,,,,,,,,,US West (Oregon),AWS Region,,,,,,,,,,,,,,,,,,,,Storage,,,,us-west-2,us-west-2,,,,,AmazonS3,Amazon Simple Storage Service,Z3FQZG73HYSPVABR,,General Purpose,,,,,,,,,USW2-TimedStorage-ByteHrs,,,,Standard,,Z3FQZG73HYSPVABR.A429C66SYZ.6YS6EN2CT7,327159826204,USD,0.0000045440,0.0230000000,,GB-Mo,,,,,,,,,,21100991763,,,,,,,,,,,,,,,
fftuwma2pjfet7nk754kugg72ipppaie6t43fvskvsav4vnmf6cq,2026-02-01T00:00:00Z/2026-03-01T00:00:00Z,,"Amazon Web Services, Inc.",AWS,Anniversary,595673262386,2026-02-01T00:00:00Z,2026-03-01T00:00:00Z,353545917793,Usage,2026-02-01T00:00:00Z,2026-02-01T01:00:00Z,AmazonS3,USW2-TimedStorage-ByteHrs,StandardStorage,,attachment-bucket-11222,0.0000032528,,,USD,0.0000000000,0.0000000000,0.0000000000,0.0000000000,$0.000 per GB - storage under the monthly global free tier,,"Amazon Web Services, Inc.",Amazon Simple Storage Service,,,99.99%,,,,,,,,,,,,,,,99.999999999%,,,,,,,,,,,,,,,,,,,,,,US West (Oregon),AWS Region,,,,,,,,,,,,,,,,,,,,Storage,,,,us-west-2,us-west-2,,,,,AmazonS3,Amazon Simple Storage Service,Z3FQZG73HYSPVABR,,General Purpose,,,,,,,,,USW2-TimedStorage-ByteHrs,,,,Standard,,Z3FQZG73HYSPVABR.A429C66SYZ.6YS6EN2CT7,327159826204,USD,0.0000000748,0.0230000000,,GB-Mo,,,,,,,,,,21100991763,,,,,,,,,,,,,,,
trh77p3fnnoo2enhda277utdm7itcbhpz2e6vh5vrwyj2lbc3yuq,2026-02-01T00:00:00Z/2026-03-01T00:00:00Z,,"Amazon Web Services, Inc.",AWS,Anniversary,595673262386,2026-02-01T00:00:00Z,2026-03-01T00:00:00Z,353545917793,Usage,2026-02-01T00:00:00Z,2026-02-01T01:00:00Z,AmazonS3,USW2-TimedStorage-ByteHrs,StandardStorage,,aws-sam-cli-managed-default-samclisourcebucket-zloxm0n9qfx4,0.0200005318,,,USD,0.0000000000,0.0000000000,0.0000000000,0.0000000000,$0.000 per GB - storage under the monthly global free tier,,"Amazon Web Services, Inc.",Amazon Simple Storage Service,,,99.99%,,,,,,,,,,,,,,,99.999999999%,,,,,,,,,,,,,,,,,,,,,,US West (Oregon),AWS Region,,,,,,,,,,,,,,,,,,,,Storage,,,,us-west-2,us-west-2,,,,,AmazonS3,Amazon Simple Storage Service,Z3FQZG73HYSPVABR,,General Purpose,,,,,,,,,USW2-TimedStorage-ByteHrs,,,,Standard,,Z3FQZG73HYSPVABR.A429C66SYZ.6YS6EN2CT7,327159826204,USD,0.0004600122,0.0230000000,,GB-Mo,,,,,,,,,,21100991763,,,,,,,,,,,,,,,
td2rr2d4z3ka7ptpxiq672mqcctdatcnx6xq7xnguqlolatrooja,2026-02-01T00:00:00Z/2026-03-01T00:00:00Z,,"Amazon Web Services, Inc.",AWS,Anniversary,595673262386,2026-02-01T00:00:00Z,2026-03-01T00:00:00Z,353545917793,Usage,2026-02-01T00:00:00Z,2026-02-01T01:00:00Z,AmazonS3,USW2-TimedStorage-ByteHrs,StandardStorage,,backendstack-backendartifactbucket48723263-3spbxgacohfr,0.0555332355,,,USD,0.0000000000,0.0000000000,0.0000000000,0.0000000000,$0.000 per GB - storage under the monthly global free tier,,"Amazon Web Services, Inc.",Amazon Simple Storage Service,,,99.99%,,,,,,,,,,,,,,,99.999999999%,,,,,,,,,,,,,,,,,,,,,,US West (Oregon),AWS Region,,,,,,,,,,,,,,,,,,,,Storage,,,,us-west-2,us-west-2,,,,,AmazonS3,Amazon Simple Storage Service,Z3FQZG73HYSPVABR,,General Purpose,,,,,,,,,USW2-TimedStorage-ByteHrs,,,,Standard,,Z3FQZG73HYSPVABR.A429C66SYZ.6YS6EN2CT7,327159826204,USD,0.0012772644,0.0230000000,,GB-Mo,,,,,,,,,,21100991763,,,,,,,,,,,,,,,
xfv3nt3jzhhyjxwtveodkums3umr5cmlhn7i3yt334fch3k5mktq,2026-02-01T00:00:00Z/2026-03-01T00:00:00Z,,"Amazon Web Services, Inc.",AWS,Anniversary,595673262386,2026-02-01T00:00:00Z,2026-03-01T00:00:00Z,353545917793,Usage,2026-02-01T00:00:00Z,2026-02-01T01:00:00Z,AmazonS3,USW2-TimedStorage-ByteHrs,StandardStorage,,backendstackprod-backendartifactbucket48723263-les0gjtm1ws3,0.0096965977,,,USD,0.0000000000,0.0000000000,0.0000000000,0.0000000000,$0.000 per GB - storage under the monthly global free tier,,"Amazon Web Services, Inc.",Amazon Simple Storage Service,,,99.99%,,,,,,,,,,,,,,,99.999999999%,,,,,,,,,,,,,,,,,,,,,,US West (Oregon),AWS Region,,,,,,,,,,,,,,,,,,,,Storage,,,,us-west-2,us-west-2,,,,,AmazonS3,Amazon Simple Storage Service,Z3FQZG73HYSPVABR,,General Purpose,,,,,,,,,USW2-TimedStorage-ByteHrs,,,,Standard,,Z3FQZG73HYSPVABR.A429C66SYZ.6YS6EN2CT7,327159826204,USD,0.0002230217,0.0230000000,,GB-Mo,,,,,,,,,,21100991763,,,,,,,,,,,,,,,
jgqo64wg65xdfmhvt4lxajybygtxnhay6lxudkbqlejm3ud5ydvq,2026-02-01T00:00:00Z/2026-03-01T00:00:00Z,,"Amazon Web Services, Inc.",AWS,Anniversary,595673262386,2026-02-01T00:00:00Z,2026-03-01T00:00:00Z,353545917793,Usage,2026-02-01T00:00:00Z,2026-02-01T01:00:00Z,AmazonS3,USW2-TimedStorage-ByteHrs,StandardStorage,,backendstackuat-backendartifactbucket48723263-1obosmu2ngjp,0.0078616160,,,USD,0.0000000000,0.0000000000,0.0000000000,0.0000000000,$0.000 per GB - storage under the monthly global free tier,,"Amazon Web Services, Inc.",Amazon Simple Storage Service,,,99.99%,,,,,,,,,,,,,,,99.999999999%,,,,,,,,,,,,,,,,,,,,,,US West (Oregon),AWS Region,,,,,,,,,,,,,,,,,,,,Storage,,,,us-west-2,us-west-2,,,,,AmazonS3,Amazon Simple Storage Service,Z3FQZG73HYSPVABR,,General Purpose,,,,,,,,,USW2-TimedStorage-ByteHrs,,,,Standard,,Z3FQZG73HYSPVABR.A429C66SYZ.6YS6EN2CT7,327159826204,USD,0.0001808172,0.0230000000,,GB-Mo,,,,,,,,,,21100991763,,,,,,,,,,,,,,,
ppimpthfvgih2cw5nltmzbyq4tudn4ew2msfjfpnrxxbi7mgiycq,2026-02-01T00:00:00Z/2026-03-01T00:00:00Z,,"Amazon Web Services, Inc.",AWS,Anniversary,595673262386,2026-02-01T00:00:00Z,2026-03-01T00:00:00Z,353545917793,Usage,2026-02-01T00:00:00Z,2026-02-01T01:00:00Z,AmazonS3,USW2-TimedStorage-ByteHrs,StandardStorage,,cdk-hnb659fds-assets-353545917793-us-west-2,0.0020378884,,,USD,0.0000000000,0.0000000000,0.0000000000,0.0000000000,$0.000 per GB - storage under the monthly global free tier,,"Amazon Web Services, Inc.",Amazon Simple Storage Service,,,99.99%,,,,,,,,,,,,,,,99.999999999%,,,,,,,,,,,,,,,,,,,,,,US West (Oregon),AWS Region,,,,,,,,,,,,,,,,,,,,Storage,,,,us-west-2,us-west-2,,,,,AmazonS3,Amazon Simple Storage Service,Z3FQZG73HYSPVABR,,General Purpose,,,,,,,,,USW2-TimedStorage-ByteHrs,,,,Standard,,Z3FQZG73HYSPVABR.A429C66SYZ.6YS6EN2CT7,327159826204,USD,0.0000468714,0.0230000000,,GB-Mo,,,,,,,,,,21100991763,,,,,,,,,,,,,,,
la4io6rnemyhn62onny57eurss2nxb5m4lk6eo5wtzao5dx3a7za,2026-02-01T00:00:00Z/2026-03-01T00:00:00Z,,"Amazon Web Services, Inc.",AWS,Anniversary,595673262386,2026-02-01T00:00:00Z,2026-03-01T00:00:00Z,353545917793,Usage,2026-02-01T00:00:00Z,2026-02-01T01:00:00Z,AmazonS3,USW2-TimedStorage-ByteHrs,StandardStorage,,cf-templates-mriqnk830h6e-us-west-2,0.0000001651,,,USD,0.0000000000,0.0000000000,0.0000000000,0.0000000000,$0.000 per GB - storage under the monthly global free tier,,"Amazon Web Services, Inc.",Amazon Simple Storage Service,,,99.99%,,,,,,,,,,,,,,,99.999999999%,,,,,,,,,,,,,,,,,,,,,,US West (Oregon),AWS Region,,,,,,,,,,,,,,,,,,,,Storage,,,,us-west-2,us-west-2,,,,,AmazonS3,Amazon Simple Storage Service,Z3FQZG73HYSPVABR,,General Purpose,,,,,,,,,USW2-TimedStorage-ByteHrs,,,,Standard,,Z3FQZG73HYSPVABR.A429C66SYZ.6YS6EN2CT7,327159826204,USD,0.0000000038,0.0230000000,,GB-Mo,,,,,,,,,,21100991763,,,,,,,,,,,,,,,
k5agq3gt25jnxgee45hffc7zzogenlxxstod73ugk3o54oyyxjlq,2026-02-01T00:00:00Z/2026-03-01T00:00:00Z,,"Amazon Web Services, Inc.",AWS,Anniversary,595673262386,2026-02-01T00:00:00Z,2026-03-01T00:00:00Z,353545917793,Usage,2026-02-01T00:00:00Z,2026-02-01T01:00:00Z,AmazonS3,USW2-TimedStorage-ByteHrs,StandardStorage,,clamavec2stack-artifactbucket7410c9ef-idxp4hcoiwnd,0.0000159873,,,USD,0.0000000000,0.0000000000,0.0000000000,0.0000000000,$0.000 per GB - storage under the monthly global free tier,,"Amazon Web Services, Inc.",Amazon Simple Storage Service,,,99.99%,,,,,,,,,,,,,,,99.999999999%,,,,,,,,,,,,,,,,,,,,,,US West (Oregon),AWS Region,,,,,,,,,,,,,,,,,,,,Storage,,,,us-west-2,us-west-2,,,,,AmazonS3,Amazon Simple Storage Service,Z3FQZG73HYSPVABR,,General Purpose,,,,,,,,,USW2-TimedStorage-ByteHrs,,,,Standard,,Z3FQZG73HYSPVABR.A429C66SYZ.6YS6EN2CT7,327159826204,USD,0.0000003677,0.0230000000,,GB-Mo,,,,,,,,,,21100991763,,,,,,,,,,,,,,,
oqnraiwcxbpst65c33uwhmef5zkatfnugngkiivhk5m2xk55ksna,2026-02-01T00:00:00Z/2026-03-01T00:00:00Z,,"Amazon Web Services, Inc.",AWS,Anniversary,595673262386,2026-02-01T00:00:00Z,2026-03-01T00:00:00Z,353545917793,Usage,2026-02-01T00:00:00Z,2026-02-01T01:00:00Z,AmazonS3,USW2-TimedStorage-ByteHrs,StandardStorage,,cms-elb-logs-prod-xyz,0.0102837993,,,USD,0.0000000000,0.0000000000,0.0000000000,0.0000000000,$0.000 per GB - storage under the monthly global free tier,,"Amazon Web Services, Inc.",Amazon Simple Storage Service,,,99.99%,,,,,,,,,,,,,,,99.999999999%,,,,,,,,,,,,,,,,,,,,,,US West (Oregon),AWS Region,,,,,,,,,,,,,,,,,,,,Storage,,,,us-west-2,us-west-2,,,,,AmazonS3,Amazon Simple Storage Service,Z3FQZG73HYSPVABR,,General Purpose,,,,,,,,,USW2-TimedStorage-ByteHrs,,,,Standard,,Z3FQZG73HYSPVABR.A429C66SYZ.6YS6EN2CT7,327159826204,USD,0.0002365274,0.0230000000,,GB-Mo,,,,,,,,,,21100991763,,,,,,,,,,,,,,,
6x42e7plzgzxmvkdngtfahlda3wrpjmjpg3hiqukpfrxj7vykbaa,2026-02-01T00:00:00Z/2026-03-01T00:00:00Z,,"Amazon Web Services, Inc.",AWS,Anniversary,595673262386,2026-02-01T00:00:00Z,2026-03-01T00:00:00Z,353545917793,Usage,2026-02-01T00:00:00Z,2026-02-01T01:00:00Z,AmazonS3,USW2-TimedStorage-ByteHrs,StandardStorage,,cognito-import-20251105172527,0.0000000017,,,USD,0.0000000000,0.0000000000,0.0000000000,0.0000000000,$0.000 per GB - storage under the monthly global free tier,,"Amazon Web Services, Inc.",Amazon Simple Storage Service,,,99.99%,,,,,,,,,,,,,,,99.999999999%,,,,,,,,,,,,,,,,,,,,,,US West (Oregon),AWS Region,,,,,,,,,,,,,,,,,,,,Storage,,,,us-west-2,us-west-2,,,,,AmazonS3,Amazon Simple Storage Service,Z3FQZG73HYSPVABR,,General Purpose,,,,,,,,,USW2-TimedStorage-ByteHrs,,,,Standard,,Z3FQZG73HYSPVABR.A429C66SYZ.6YS6EN2CT7,327159826204,USD,0.0000000000,0.0230000000,,GB-Mo,,,,,,,,,,21100991763,,,,,,,,,,,,,,,
cimq7knbyfwaeacuzgot3x7keaoynhsivwfjuibhet63orzpbopa,2026-02-01T00:00:00Z/2026-03-01T00:00:00Z,,"Amazon Web Services, Inc.",AWS,Anniversary,595673262386,2026-02-01T00:00:00Z,2026-03-01T00:00:00Z,353545917793,Usage,2026-02-01T00:00:00Z,2026-02-01T01:00:00Z,AmazonS3,USW2-TimedStorage-ByteHrs,StandardStorage,,cognito-import-20251105172757,0.0000012068,,,USD,0.0000000000,0.0000000000,0.0000000000,0.0000000000,$0.000 per GB - storage under the monthly global free tier,,"Amazon Web Services, Inc.",Amazon Simple Storage Service,,,99.99%,,,,,,,,,,,,,,,99.999999999%,,,,,,,,,,,,,,,,,,,,,,US West (Oregon),AWS Region,,,,,,,,,,,,,,,,,,,,Storage,,,,us-west-2,us-west-2,,,,,AmazonS3,Amazon Simple Storage Service,Z3FQZG73HYSPVABR,,General Purpose,,,,,,,,,USW2-TimedStorage-ByteHrs,,,,Standard,,Z3FQZG73HYSPVABR.A429C66SYZ.6YS6EN2CT7,327159826204,USD,0.0000000278,0.0230000000,,GB-Mo,,,,,,,,,,21100991763,,,,,,,,,,,,,,,
5tw5ygtmyzvngzhhirdjh2g72ycannnxn6wusa37pggd2ovawm2q,2026-02-01T00:00:00Z/2026-03-01T00:00:00Z,,"Amazon Web Services, Inc.",AWS,Anniversary,595673262386,2026-02-01T00:00:00Z,2026-03-01T00:00:00Z,353545917793,Usage,2026-02-01T00:00:00Z,2026-02-01T01:00:00Z,AmazonS3,USW2-TimedStorage-ByteHrs,StandardStorage,,cognito-import-20251105172953,0.0000012068,,,USD,0.0000000000,0.0000000000,0.0000000000,0.0000000000,$0.000 per GB - storage under the monthly global free tier,,"Amazon Web Services, Inc.",Amazon Simple Storage Service,,,99.99%,,,,,,,,,,,,,,,99.999999999%,,,,,,,,,,,,,,,,,,,,,,US West (Oregon),AWS Region,,,,,,,,,,,,,,,,,,,,Storage,,,,us-west-2,us-west-2,,,,,AmazonS3,Amazon Simple Storage Service,Z3FQZG73HYSPVABR,,General Purpose,,,,,,,,,USW2-TimedStorage-ByteHrs,,,,Standard,,Z3FQZG73HYSPVABR.A429C66SYZ.6YS6EN2CT7,327159826204,USD,0.0000000278,0.0230000000,,GB-Mo,,,,,,,,,,21100991763,,,,,,,,,,,,,,,
4df2stpbvbhxmwtvgsya6vqf524ax2szumvbmvdr45tofgzbkkrq,2026-02-01T00:00:00Z/2026-03-01T00:00:00Z,,"Amazon Web Services, Inc.",AWS,Anniversary,595673262386,2026-02-01T00:00:00Z,2026-03-01T00:00:00Z,353545917793,Usage,2026-02-01T00:00:00Z,2026-02-01T01:00:00Z,AmazonS3,USW2-TimedStorage-ByteHrs,StandardStorage,,cognito-import-20251105173107,0.0000012068,,,USD,0.0000000000,0.0000000000,0.0000000000,0.0000000000,$0.000 per GB - storage under the monthly global free tier,,"Amazon Web Services, Inc.",Amazon Simple Storage Service,,,99.99%,,,,,,,,,,,,,,,99.999999999%,,,,,,,,,,,,,,,,,,,,,,US West (Oregon),AWS Region,,,,,,,,,,,,,,,,,,,,Storage,,,,us-west-2,us-west-2,,,,,AmazonS3,Amazon Simple Storage Service,Z3FQZG73HYSPVABR,,General Purpose,,,,,,,,,USW2-TimedStorage-ByteHrs,,,,Standard,,Z3FQZG73HYSPVABR.A429C66SYZ.6YS6EN2CT7,327159826204,USD,0.0000000278,0.0230000000,,GB-Mo,,,,,,,,,,21100991763,,,,,,,,,,,,,,,
qv3tqa3llcfcsqkad3uklbrkdr2wuwdhfzvn2odz25mb2hprer4a,2026-02-01T00:00:00Z/2026-03-01T00:00:00Z,,"Amazon Web Services, Inc.",AWS,Anniversary,595673262386,2026-02-01T00:00:00Z,2026-03-01T00:00:00Z,353545917793,Usage,2026-02-01T00:00:00Z,2026-02-01T01:00:00Z,AmazonS3,USW2-TimedStorage-ByteHrs,StandardStorage,,cognito-import-20251105174111,0.0000012068,,,USD,0.0000000000,0.0000000000,0.0000000000,0.0000000000,$0.000 per GB - storage under the monthly global free tier,,"Amazon Web Services, Inc.",Amazon Simple Storage Service,,,99.99%,,,,,,,,,,,,,,,99.999999999%,,,,,,,,,,,,,,,,,,,,,,US West (Oregon),AWS Region,,,,,,,,,,,,,,,,,,,,Storage,,,,us-west-2,us-west-2,,,,,AmazonS3,Amazon Simple Storage Service,Z3FQZG73HYSPVABR,,General Purpose,,,,,,,,,USW2-TimedStorage-ByteHrs,,,,Standard,,Z3FQZG73HYSPVABR.A429C66SYZ.6YS6EN2CT7,327159826204,USD,0.0000000278,0.0230000000,,GB-Mo,,,,,,,,,,21100991763,,,,,,,,,,,,,,,
wsshjqax5rptbs5uhkfsp3sdfacheifekj7m3eseuspvku37zxja,2026-02-01T00:00:00Z/2026-03-01T00:00:00Z,,"Amazon Web Services, Inc.",AWS,Anniversary,595673262386,2026-02-01T00:00:00Z,2026-03-01T00:00:00Z,353545917793,Usage,2026-02-01T00:00:00Z,2026-02-01T01:00:00Z,AmazonS3,USW2-TimedStorage-ByteHrs,StandardStorage,,cognito-import-20251105195903,0.0000011174,,,USD,0.0000000000,0.0000000000,0.0000000000,0.0000000000,$0.000 per GB - storage under the monthly global free tier,,"Amazon Web Services, Inc.",Amazon Simple Storage Service,,,99.99%,,,,,,,,,,,,,,,99.999999999%,,,,,,,,,,,,,,,,,,,,,,US West (Oregon),AWS Region,,,,,,,,,,,,,,,,,,,,Storage,,,,us-west-2,us-west-2,,,,,AmazonS3,Amazon Simple Storage Service,Z3FQZG73HYSPVABR,,General Purpose,,,,,,,,,USW2-TimedStorage-ByteHrs,,,,Standard,,Z3FQZG73HYSPVABR.A429C66SYZ.6YS6EN2CT7,327159826204,USD,0.0000000257,0.0230000000,,GB-Mo,,,,,,,,,,21100991763,,,,,,,,,,,,,,,
cdy5vyovbkrsycdf3wppebso3wixfnh43cufwzcgttcn63stycpa,2026-02-01T00:00:00Z/2026-03-01T00:00:00Z,,"Amazon Web Services, Inc.",AWS,Anniversary,595673262386,2026-02-01T00:00:00Z,2026-03-01T00:00:00Z,353545917793,Usage,2026-02-01T00:00:00Z,2026-02-01T01:00:00Z,AmazonS3,USW2-TimedStorage-ByteHrs,StandardStorage,,frontendstack-artifactbucket7410c9ef-xsga68jmzdcj,0.1230103406,,,USD,0.0000000000,0.0000000000,0.0000000000,0.0000000000,$0.000 per GB - storage under the monthly global free tier,,"Amazon Web Services, Inc.",Amazon Simple Storage Service,,,99.99%,,,,,,,,,,,,,,,99.999999999%,,,,,,,,,,,,,,,,,,,,,,US West (Oregon),AWS Region,,,,,,,,,,,,,,,,,,,,Storage,,,,us-west-2,us-west-2,,,,,AmazonS3,Amazon Simple Storage Service,Z3FQZG73HYSPVABR,,General Purpose,,,,,,,,,USW2-TimedStorage-ByteHrs,,,,Standard,,Z3FQZG73HYSPVABR.A429C66SYZ.6YS6EN2CT7,327159826204,USD,0.0028292378,0.0230000000,,GB-Mo,,,,,,,,,,21100991763,,,,,,,,,,,,,,,
rsdn26ai3k5ulgtlfedr7d3vj62pcxdvriuzzgmmrzekqfg3poxq,2026-02-01T00:00:00Z/2026-03-01T00:00:00Z,,"Amazon Web Services, Inc.",AWS,Anniversary,595673262386,2026-02-01T00:00:00Z,2026-03-01T00:00:00Z,353545917793,Usage,2026-02-01T00:00:00Z,2026-02-01T01:00:00Z,AmazonS3,USW2-TimedStorage-ByteHrs,StandardStorage,,frontendstack-artifactbucketadmind30278b4-yfqewhl6wdjr,0.6733396730,,,USD,0.0000000000,0.0000000000,0.0000000000,0.0000000000,$0.000 per GB - storage under the monthly global free tier,,"Amazon Web Services, Inc.",Amazon Simple Storage Service,,,99.99%,,,,,,,,,,,,,,,99.999999999%,,,,,,,,,,,,,,,,,,,,,,US West (Oregon),AWS Region,,,,,,,,,,,,,,,,,,,,Storage,,,,us-west-2,us-west-2,,,,,AmazonS3,Amazon Simple Storage Service,Z3FQZG73HYSPVABR,,General Purpose,,,,,,,,,USW2-TimedStorage-ByteHrs,,,,Standard,,Z3FQZG73HYSPVABR.A429C66SYZ.6YS6EN2CT7,327159826204,USD,0.0154868125,0.0230000000,,GB-Mo,,,,,,,,,,21100991763,,,,,,,,,,,,,,,
x6l4a644ng6bqhrs2hxpn3z25l4sasgqzwihdwefweb5u2pz7vwq,2026-02-01T00:00:00Z/2026-03-01T00:00:00Z,,"Amazon Web Services, Inc.",AWS,Anniversary,595673262386,2026-02-01T00:00:00Z,2026-03-01T00:00:00Z,353545917793,Usage,2026-02-01T00:00:00Z,2026-02-01T01:00:00Z,AmazonS3,USW2-TimedStorage-ByteHrs,StandardStorage,,frontendstackprod-artifactbucket7410c9ef-ebiapfpk0s8u,0.0313712165,,,USD,0.0000000000,0.0000000000,0.0000000000,0.0000000000,$0.000 per GB - storage under the monthly global free tier,,"Amazon Web Services, Inc.",Amazon Simple Storage Service,,,99.99%,,,,,,,,,,,,,,,99.999999999%,,,,,,,,,,,,,,,,,,,,,,US West (Oregon),AWS Region,,,,,,,,,,,,,,,,,,,,Storage,,,,us-west-2,us-west-2,,,,,AmazonS3,Amazon Simple Storage Service,Z3FQZG73HYSPVABR,,General Purpose,,,,,,,,,USW2-TimedStorage-ByteHrs,,,,Standard,,Z3FQZG73HYSPVABR.A429C66SYZ.6YS6EN2CT7,327159826204,USD,0.0007215380,0.0230000000,,GB-Mo,,,,,,,,,,21100991763,,,,,,,,,,,,,,,
cadr7kagkgmwhuzwd3lta7nwaby3dwxeasqh7ug7m3dlgzdh3l4q,2026-02-01T00:00:00Z/2026-03-01T00:00:00Z,,"Amazon Web Services, Inc.",AWS,Anniversary,595673262386,2026-02-01T00:00:00Z,2026-03-01T00:00:00Z,353545917793,Usage,2026-02-01T00:00:00Z,2026-02-01T01:00:00Z,AmazonS3,USW2-TimedStorage-ByteHrs,StandardStorage,,frontendstackprod-artifactbucketadmind30278b4-ktouj3dvxbzv,0.1482724866,,,USD,0.0000000000,0.0000000000,0.0000000000,0.0000000000,$0.000 per GB - storage under the monthly global free tier,,"Amazon Web Services, Inc.",Amazon Simple Storage Service,,,99.99%,,,,,,,,,,,,,,,99.999999999%,,,,,,,,,,,,,,,,,,,,,,US West (Oregon),AWS Region,,,,,,,,,,,,,,,,,,,,Storage,,,,us-west-2,us-west-2,,,,,AmazonS3,Amazon Simple Storage Service,Z3FQZG73HYSPVABR,,General Purpose,,,,,,,,,USW2-TimedStorage-ByteHrs,,,,Standard,,Z3FQZG73HYSPVABR.A429C66SYZ.6YS6EN2CT7,327159826204,USD,0.0034102672,0.0230000000,,GB-Mo,,,,,,,,,,21100991763,,,,,,,,,,,,,,,
2qmndnwomsuvvbkw7nb2idawaa47d6jm42qvxyfkuilinbdsz2sq,2026-02-01T00:00:00Z/2026-03-01T00:00:00Z,,"Amazon Web Services, Inc.",AWS,Anniversary,595673262386,2026-02-01T00:00:00Z,2026-03-01T00:00:00Z,353545917793,Usage,2026-02-01T00:00:00Z,2026-02-01T01:00:00Z,AmazonS3,USW2-TimedStorage-ByteHrs,StandardStorage,,frontendstackuat-artifactbucket7410c9ef-hkqgbyrdiclg,0.0523156388,,,USD,0.0000000000,0.0000000000,0.0000000000,0.0000000000,$0.000 per GB - storage under the monthly global free tier,,"Amazon Web Services, Inc.",Amazon Simple Storage Service,,,99.99%,,,,,,,,,,,,,,,99.999999999%,,,,,,,,,,,,,,,,,,,,,,US West (Oregon),AWS Region,,,,,,,,,,,,,,,,,,,,Storage,,,,us-west-2,us-west-2,,,,,AmazonS3,Amazon Simple Storage Service,Z3FQZG73HYSPVABR,,General Purpose,,,,,,,,,USW2-TimedStorage-ByteHrs,,,,Standard,,Z3FQZG73HYSPVABR.A429C66SYZ.6YS6EN2CT7,327159826204,USD,0.0012032597,0.0230000000,,GB-Mo,,,,,,,,,,21100991763,,,,,,,,,,,,,,,
4ck6d3dvikklwgaoh3llofizbzifxlbxk2uubbpzxmmocjnrpeca,2026-02-01T00:00:00Z/2026-03-01T00:00:00Z,,"Amazon Web Services, Inc.",AWS,Anniversary,595673262386,2026-02-01T00:00:00Z,2026-03-01T00:00:00Z,353545917793,Usage,2026-02-01T00:00:00Z,2026-02-01T01:00:00Z,AmazonS3,USW2-TimedStorage-ByteHrs,StandardStorage,,frontendstackuat-artifactbucketadmind30278b4-hcgt66uec200,0.1493819254,,,USD,0.0000000000,0.0000000000,0.0000000000,0.0000000000,$0.000 per GB - storage under the monthly global free tier,,"Amazon Web Services, Inc.",Amazon Simple Storage Service,,,99.99%,,,,,,,,,,,,,,,99.999999999%,,,,,,,,,,,,,,,,,,,,,,US West (Oregon),AWS Region,,,,,,,,,,,,,,,,,,,,Storage,,,,us-west-2,us-west-2,,,,,AmazonS3,Amazon Simple Storage Service,Z3FQZG73HYSPVABR,,General Purpose,,,,,,,,,USW2-TimedStorage-ByteHrs,,,,Standard,,Z3FQZG73HYSPVABR.A429C66SYZ.6YS6EN2CT7,327159826204,USD,0.0034357843,0.0230000000,,GB-Mo,,,,,,,,,,21100991763,,,,,,,,,,,,,,,
2wnzhpm6rqvyuusgxvdzweuistpztm3iroxfee3zluqchcdvmy7a,2026-02-01T00:00:00Z/2026-03-01T00:00:00Z,,"Amazon Web Services, Inc.",AWS,Anniversary,595673262386,2026-02-01T00:00:00Z,2026-03-01T00:00:00Z,353545917793,Usage,2026-02-01T00:00:00Z,2026-02-01T01:00:00Z,AmazonS3,USW2-TimedStorage-ByteHrs,StandardStorage,,notification-templates-socms-dev-uat,0.0000084856,,,USD,0.0000000000,0.0000000000,0.0000000000,0.0000000000,$0.000 per GB - storage under the monthly global free tier,,"Amazon Web Services, Inc.",Amazon Simple Storage Service,,,99.99%,,,,,,,,,,,,,,,99.999999999%,,,,,,,,,,,,,,,,,,,,,,US West (Oregon),AWS Region,,,,,,,,,,,,,,,,,,,,Storage,,,,us-west-2,us-west-2,,,,,AmazonS3,Amazon Simple Storage Service,Z3FQZG73HYSPVABR,,General Purpose,,,,,,,,,USW2-TimedStorage-ByteHrs,,,,Standard,,Z3FQZG73HYSPVABR.A429C66SYZ.6YS6EN2CT7,327159826204,USD,0.0000001952,0.0230000000,,GB-Mo,,,,,,,,,,21100991763,,,,,,,,,,,,,,,
r6jdwysioi4yif3kng5ybb2wcxwjsdroqetk72ehjkbb5j3xssya,2026-02-01T00:00:00Z/2026-03-01T00:00:00Z,,"Amazon Web Services, Inc.",AWS,Anniversary,595673262386,2026-02-01T00:00:00Z,2026-03-01T00:00:00Z,353545917793,Usage,2026-02-01T00:00:00Z,2026-02-01T01:00:00Z,AmazonS3,USW2-TimedStorage-ByteHrs,StandardStorage,,notification-templates-socms-prod,0.0000088437,,,USD,0.0000000000,0.0000000000,0.0000000000,0.0000000000,$0.000 per GB - storage under the monthly global free tier,,"Amazon Web Services, Inc.",Amazon Simple Storage Service,,,99.99%,,,,,,,,,,,,,,,99.999999999%,,,,,,,,,,,,,,,,,,,,,,US West (Oregon),AWS Region,,,,,,,,,,,,,,,,,,,,Storage,,,,us-west-2,us-west-2,,,,,AmazonS3,Amazon Simple Storage Service,Z3FQZG73HYSPVABR,,General Purpose,,,,,,,,,USW2-TimedStorage-ByteHrs,,,,Standard,,Z3FQZG73HYSPVABR.A429C66SYZ.6YS6EN2CT7,327159826204,USD,0.0000002034,0.0230000000,,GB-Mo,,,,,,,,,,21100991763,,,,,,,,,,,,,,,
57uwhuakpmtywrlyganyojmhcen6xh6kezhjbwknzym6iwf7qo2a,2026-02-01T00:00:00Z/2026-03-01T00:00:00Z,,"Amazon Web Services, Inc.",AWS,Anniversary,595673262386,2026-02-01T00:00:00Z,2026-03-01T00:00:00Z,353545917793,Usage,2026-02-01T00:00:00Z,2026-02-01T01:00:00Z,AmazonS3,USW2-TimedStorage-ByteHrs,StandardStorage,,s3stack-userfileuploadbucket259f036a-aoe8urrbevxw,0.0046801261,,,USD,0.0000000000,0.0000000000,0.0000000000,0.0000000000,$0.000 per GB - storage under the monthly global free tier,,"Amazon Web Services, Inc.",Amazon Simple Storage Service,,,99.99%,,,,,,,,,,,,,,,99.999999999%,,,,,,,,,,,,,,,,,,,,,,US West (Oregon),AWS Region,,,,,,,,,,,,,,,,,,,,Storage,,,,us-west-2,us-west-2,,,,,AmazonS3,Amazon Simple Storage Service,Z3FQZG73HYSPVABR,,General Purpose,,,,,,,,,USW2-TimedStorage-ByteHrs,,,,Standard,,Z3FQZG73HYSPVABR.A429C66SYZ.6YS6EN2CT7,327159826204,USD,0.0001076429,0.0230000000,,GB-Mo,,,,,,,,,,21100991763,,,,,,,,,,,,,,,
v4o7otik5arn76ygv5mcjvgtfax2zai4n6su2bpeikwmqkq2xdpq,2026-02-01T00:00:00Z/2026-03-01T00:00:00Z,,"Amazon Web Services, Inc.",AWS,Anniversary,595673262386,2026-02-01T00:00:00Z,2026-03-01T00:00:00Z,353545917793,Usage,2026-02-01T00:00:00Z,2026-02-01T01:00:00Z,AmazonS3,USW2-TimedStorage-ByteHrs,StandardStorage,,s3stack-userfileuploadbucketprod5670d977-cc1o6umd6ksg,0.2944158897,,,USD,0.0000000000,0.0000000000,0.0000000000,0.0000000000,$0.000 per GB - storage under the monthly global free tier,,"Amazon Web Services, Inc.",Amazon Simple Storage Service,,,99.99%,,,,,,,,,,,,,,,99.999999999%,,,,,,,,,,,,,,,,,,,,,,US West (Oregon),AWS Region,,,,,,,,,,,,,,,,,,,,Storage,,,,us-west-2,us-west-2,,,,,AmazonS3,Amazon Simple Storage Service,Z3FQZG73HYSPVABR,,General Purpose,,,,,,,,,USW2-TimedStorage-ByteHrs,,,,Standard,,Z3FQZG73HYSPVABR.A429C66SYZ.6YS6EN2CT7,327159826204,USD,0.0067715655,0.0230000000,,GB-Mo,,,,,,,,,,21100991763,,,,,,,,,,,,,,,
dvnv6s4tkxegznh4jenvphu6n725arfn4uzx2s6qzt6mcnaasmtq,2026-02-01T00:00:00Z/2026-03-01T00:00:00Z,,"Amazon Web Services, Inc.",AWS,Anniversary,595673262386,2026-02-01T00:00:00Z,2026-03-01T00:00:00Z,353545917793,Usage,2026-02-01T00:00:00Z,2026-02-01T01:00:00Z,AmazonS3,USW2-TimedStorage-ByteHrs,StandardStorage,,s3stack-userfileuploadbucketuat0d968125-iadazn2jspsp,0.0069975739,,,USD,0.0000000000,0.0000000000,0.0000000000,0.0000000000,$0.000 per GB - storage under the monthly global free tier,,"Amazon Web Services, Inc.",Amazon Simple Storage Service,,,99.99%,,,,,,,,,,,,,,,99.999999999%,,,,,,,,,,,,,,,,,,,,,,US West (Oregon),AWS Region,,,,,,,,,,,,,,,,,,,,Storage,,,,us-west-2,us-west-2,,,,,AmazonS3,Amazon Simple Storage Service,Z3FQZG73HYSPVABR,,General Purpose,,,,,,,,,USW2-TimedStorage-ByteHrs,,,,Standard,,Z3FQZG73HYSPVABR.A429C66SYZ.6YS6EN2CT7,327159826204,USD,0.0001609442,0.0230000000,,GB-Mo,,,,,,,,,,21100991763,,,,,,,,,,,,,,,
ksumm2xfwqu5z7xqng73yjl7ra7v2xmj76ddtven4oqnqelbgdkq,2026-02-01T00:00:00Z/2026-03-01T00:00:00Z,,"Amazon Web Services, Inc.",AWS,Anniversary,595673262386,2026-02-01T00:00:00Z,2026-03-01T00:00:00Z,353545917793,Usage,2026-02-01T00:00:00Z,2026-02-01T01:00:00Z,AmazonS3,USW2-TimedStorage-ByteHrs,StandardStorage,,so-sms-prod-scripts,0.0000407847,,,USD,0.0000000000,0.0000000000,0.0000000000,0.0000000000,$0.000 per GB - storage under the monthly global free tier,,"Amazon Web Services, Inc.",Amazon Simple Storage Service,,,99.99%,,,,,,,,,,,,,,,99.999999999%,,,,,,,,,,,,,,,,,,,,,,US West (Oregon),AWS Region,,,,,,,,,,,,,,,,,,,,Storage,,,,us-west-2,us-west-2,,,,,AmazonS3,Amazon Simple Storage Service,Z3FQZG73HYSPVABR,,General Purpose,,,,,,,,,USW2-TimedStorage-ByteHrs,,,,Standard,,Z3FQZG73HYSPVABR.A429C66SYZ.6YS6EN2CT7,327159826204,USD,0.0000009380,0.0230000000,,GB-Mo,,,,,,,,,,21100991763,,,,,,,,,,,,,,,
kts5wxhh7wx55dqwiuqbrn3n4mmkyp55khtnfxmmbgptlmgglnjq,2026-02-01T00:00:00Z/2026-03-01T00:00:00Z,,"Amazon Web Services, Inc.",AWS,Anniversary,595673262386,2026-02-01T00:00:00Z,2026-03-01T00:00:00Z,353545917793,Usage,2026-02-02T06:00:00Z,2026-02-02T10:00:00Z,AmazonEC2,USW2-CloudFront-In-Bytes,RunInstances,,i-03dcf6b74c7efc8a2,0.0002323435,,,USD,0.0000000000,0.0000000000,0.0000000000,0.0000000000,$0.00 per GB data transfer in to US West (Oregon) from CloudFront,,"Amazon Web Services, Inc.",Amazon Elastic Compute Cloud,,,,,,,,,,,,,,,,,,,,,,,,,,US West (Oregon),AWS Region,us-west-2,,,,,,,,,,,,,,,,,,,,,,,,,,,,,,,,,Data Transfer,,,,us-west-2,,,,,,AWSDataTransfer,AWS Data Transfer,ZHNEWRM5JMUK596C,,,,,,Amazon CloudFront,AWS Edge Location,,InterRegion Inbound,,USW2-CloudFront-In-Bytes,,,,,,ZHNEWRM5JMUK596C.JRTCKXETXF.6YS6EN2CT7,200619060064,USD,0.0000000000,0.0000000000,OnDemand,GB,,,,,,,,,,21100991773,,,,,,,,,,,,,,,
rhiaut4yumabgqddralth7uae66txdjs6jvopsufvgqew5w2eitq,2026-02-01T00:00:00Z/2026-03-01T00:00:00Z,,"Amazon Web Services, Inc.",AWS,Anniversary,595673262386,2026-02-01T00:00:00Z,2026-03-01T00:00:00Z,353545917793,Usage,2026-02-01T02:00:00Z,2026-02-02T11:00:00Z,AWSELB,USW2-CloudFront-In-Bytes,LoadBalancing,,arn:aws:elasticloadbalancing:us-west-2:353545917793:loadbalancer/app/ApplicatonLB-Dev/1e9a504c1888a0ba,0.5643071904,,,USD,0.0000000000,0.0000000000,0.0000000000,0.0000000000,$0.00 per GB data transfer in to US West (Oregon) from CloudFront,,"Amazon Web Services, Inc.",Elastic Load Balancing,,,,,,,,,,,,,,,,,,,,,,,,,,US West (Oregon),AWS Region,us-west-2,,,,,,,,,,,,,,,,,,,,,,,,,,,,,,,,,Data Transfer,,,,us-west-2,,,,,,AWSDataTransfer,AWS Data Transfer,ZHNEWRM5JMUK596C,,,,,,Amazon CloudFront,AWS Edge Location,,InterRegion Inbound,,USW2-CloudFront-In-Bytes,,,,,,ZHNEWRM5JMUK596C.JRTCKXETXF.6YS6EN2CT7,200619060064,USD,0.0000000000,0.0000000000,OnDemand,GB,,,,,,,,,,21100991773,,,,,,,,,,,,,,,
xaxeday2i7aji6lw7cukwta6kecbiv2pv2dnltyevdv2n4sprefa,2026-02-01T00:00:00Z/2026-03-01T00:00:00Z,,"Amazon Web Services, Inc.",AWS,Anniversary,595673262386,2026-02-01T00:00:00Z,2026-03-01T00:00:00Z,353545917793,Usage,2026-02-02T08:00:00Z,2026-02-02T09:00:00Z,AWSQueueService,EUC1-Requests-Tier1,List,,,2.0000000000,,,USD,0.0000000000,0.0000000000,0.0000000000,0.0000000000,"First 1,000,000 Amazon SQS Requests per month are free",,"Amazon Web Services, Inc.",Amazon Simple Queue Service,,,,,,,,,,,,,,,,,,,,,,,,,,,,,,SQS-APIRequest-Tier1,Amazon SQS Requests,,,,,,,,,EU (Frankfurt),AWS Region,,,,,,,At Least Once,Not Guaranteed,,,,,,,,,,,,API Request,,Standard,,eu-central-1,eu-central-1,,,,,AWSQueueService,Amazon Simple Queue Service,ZSV7PSV36PVSDE32,,,,,,,,,,,EUC1-Requests-Tier1,,,,,,ZSV7PSV36PVSDE32.A429C66SYZ.6YS6EN2CT7,231387327359,USD,0.0000008000,0.0000004000,,Requests,,,,,,,,,,21100991765,,,,,,,,,,,,,,,
5svuhvodunplks6xzirjozuxwua5jry3lf4zzasowq3vnd7k4oaq,2026-02-01T00:00:00Z/2026-03-01T00:00:00Z,,"Amazon Web Services, Inc.",AWS,Anniversary,595673262386,2026-02-01T00:00:00Z,2026-03-01T00:00:00Z,353545917793,Usage,2026-02-01T11:00:00Z,2026-02-02T00:00:00Z,AWSGlue,USE2-Catalog-Request,Request,,,2.0000000000,,,USD,0.0000000000,0.0000000000,0.0000000000,0.0000000000,$0 for AWS Glue Data Catalog requests under the free tier,,"Amazon Web Services, Inc.",AWS Glue,,,,,,,,,,,,,,,,,,,,,,,,,,,,,,Data catalog requests,,,,,,,,,,US East (Ohio),AWS Region,,,,,,,,,,,,,,Request,,,,,,AWS Glue,,,,us-east-2,us-east-2,,,,,AWSGlue,AWS Glue,ZV78NH9F34YRJ8B6,,,,,,,,,,,USE2-Catalog-Request,,,,,,ZV78NH9F34YRJ8B6.A429C66SYZ.6YS6EN2CT7,338976513893,USD,0.0000020000,0.0000010000,,Request,,,,,,,,,,21100991854,,,,,,,,,,,,,,,
z2mupdtqxzz3t3i3cucsukkz3si7kzlfphwjtarca34ewgowlora,2026-02-01T00:00:00Z/2026-03-01T00:00:00Z,,"Amazon Web Services, Inc.",AWS,Anniversary,595673262386,2026-02-01T00:00:00Z,2026-03-01T00:00:00Z,353545917793,Usage,2026-02-02T06:00:00Z,2026-02-02T11:00:00Z,AWSLambda,USW2-Request,Invoke,,arn:aws:lambda:us-west-2:353545917793:function:AIFunction-dev,2.0000000000,,,USD,0.0000000000,0.0000000000,0.0000000000,0.0000000000,"AWS Lambda - Requests Free Tier - 1,000,000 Requests - US West (Oregon)",,"Amazon Web Services, Inc.",AWS Lambda,,,,,,,,,,,,,,,,,,,,,,,,,,,,,,AWS-Lambda-Requests,Invocation call for a Lambda function,,,,,,,,,US West (Oregon),AWS Region,,,,,,,,,,,,,,,,,,,,Serverless,,,,us-west-2,us-west-2,,,,,AWSLambda,AWS Lambda,ZWHFK83WS2P4WZR6,,,,,,,,,,,USW2-Request,,,,,,ZWHFK83WS2P4WZR6.A429C66SYZ.6YS6EN2CT7,301350818731,USD,0.0000004000,0.0000002000,,Request,,,,,,,,,,21100991802,,,,,,,,,,,,,,,
cko5cqxnczhvhpwclw4r6gv44ttnqbe2lgpytzjpojhu5iuwbgzq,2026-02-01T00:00:00Z/2026-03-01T00:00:00Z,,"Amazon Web Services, Inc.",AWS,Anniversary,595673262386,2026-02-01T00:00:00Z,2026-03-01T00:00:00Z,353545917793,Usage,2026-02-01T00:00:00Z,2026-02-02T11:00:00Z,AWSLambda,USW2-Request,Invoke,,arn:aws:lambda:us-west-2:353545917793:function:DEV-LambdaStack-EscalationSchedulerFunction46234BD-4sj8bAmmQuVj,258.0000000000,,,USD,0.0000000000,0.0000000000,0.0000000000,0.0000000000,"AWS Lambda - Requests Free Tier - 1,000,000 Requests - US West (Oregon)",,"Amazon Web Services, Inc.",AWS Lambda,,,,,,,,,,,,,,,,,,,,,,,,,,,,,,AWS-Lambda-Requests,Invocation call for a Lambda function,,,,,,,,,US West (Oregon),AWS Region,,,,,,,,,,,,,,,,,,,,Serverless,,,,us-west-2,us-west-2,,,,,AWSLambda,AWS Lambda,ZWHFK83WS2P4WZR6,,,,,,,,,,,USW2-Request,,,,,,ZWHFK83WS2P4WZR6.A429C66SYZ.6YS6EN2CT7,301350818731,USD,0.0000516000,0.0000002000,,Request,,,,,,,,,,21100991802,,,,,,,,,,,,,,,
2xezkpje2uzyezs7dmb7ykdmj7xwzjfo7mf67nrjjclumb7ste2q,2026-02-01T00:00:00Z/2026-03-01T00:00:00Z,,"Amazon Web Services, Inc.",AWS,Anniversary,595673262386,2026-02-01T00:00:00Z,2026-03-01T00:00:00Z,353545917793,Usage,2026-02-02T05:00:00Z,2026-02-02T11:00:00Z,AWSLambda,USW2-Request,Invoke,,arn:aws:lambda:us-west-2:353545917793:function:DEV-LambdaStack-NotificationFunction0492F7EA-lk5mfUDcAvSa,14.0000000000,,,USD,0.0000000000,0.0000000000,0.0000000000,0.0000000000,"AWS Lambda - Requests Free Tier - 1,000,000 Requests - US West (Oregon)",,"Amazon Web Services, Inc.",AWS Lambda,,,,,,,,,,,,,,,,,,,,,,,,,,,,,,AWS-Lambda-Requests,Invocation call for a Lambda function,,,,,,,,,US West (Oregon),AWS Region,,,,,,,,,,,,,,,,,,,,Serverless,,,,us-west-2,us-west-2,,,,,AWSLambda,AWS Lambda,ZWHFK83WS2P4WZR6,,,,,,,,,,,USW2-Request,,,,,,ZWHFK83WS2P4WZR6.A429C66SYZ.6YS6EN2CT7,301350818731,USD,0.0000028000,0.0000002000,,Request,,,,,,,,,,21100991802,,,,,,,,,,,,,,,
geo42u5iiqe2olzm7wme3accpe4afj5ljfgnz4vy7xa4acgibujq,2026-02-01T00:00:00Z/2026-03-01T00:00:00Z,,"Amazon Web Services, Inc.",AWS,Anniversary,595673262386,2026-02-01T00:00:00Z,2026-03-01T00:00:00Z,353545917793,Usage,2026-02-02T09:00:00Z,2026-02-02T10:00:00Z,AWSLambda,USW2-Request,Invoke,,arn:aws:lambda:us-west-2:353545917793:function:FilterMonthlyBillingReport,1.0000000000,,,USD,0.0000000000,0.0000000000,0.0000000000,0.0000000000,"AWS Lambda - Requests Free Tier - 1,000,000 Requests - US West (Oregon)",,"Amazon Web Services, Inc.",AWS Lambda,,,,,,,,,,,,,,,,,,,,,,,,,,,,,,AWS-Lambda-Requests,Invocation call for a Lambda function,,,,,,,,,US West (Oregon),AWS Region,,,,,,,,,,,,,,,,,,,,Serverless,,,,us-west-2,us-west-2,,,,,AWSLambda,AWS Lambda,ZWHFK83WS2P4WZR6,,,,,,,,,,,USW2-Request,,,,,,ZWHFK83WS2P4WZR6.A429C66SYZ.6YS6EN2CT7,301350818731,USD,0.0000002000,0.0000002000,,Request,,,,,,,,,,21100991802,,,,,,,,,,,,,,,
aoyqa2csdnrmeaia3e7pzpxl5owon3hdzzevdvmzxy6bumkgyoxq,2026-02-01T00:00:00Z/2026-03-01T00:00:00Z,,"Amazon Web Services, Inc.",AWS,Anniversary,595673262386,2026-02-01T00:00:00Z,2026-03-01T00:00:00Z,353545917793,Usage,2026-02-01T03:00:00Z,2026-02-02T06:00:00Z,AWSLambda,USW2-Request,Invoke,,arn:aws:lambda:us-west-2:353545917793:function:PROD-LambdaStack-EscalationSchedulerFunction46234B-eoY289IdBqOB,50.0000000000,,,USD,0.0000000000,0.0000000000,0.0000000000,0.0000000000,"AWS Lambda - Requests Free Tier - 1,000,000 Requests - US West (Oregon)",,"Amazon Web Services, Inc.",AWS Lambda,,,,,,,,,,,,,,,,,,,,,,,,,,,,,,AWS-Lambda-Requests,Invocation call for a Lambda function,,,,,,,,,US West (Oregon),AWS Region,,,,,,,,,,,,,,,,,,,,Serverless,,,,us-west-2,us-west-2,,,,,AWSLambda,AWS Lambda,ZWHFK83WS2P4WZR6,,,,,,,,,,,USW2-Request,,,,,,ZWHFK83WS2P4WZR6.A429C66SYZ.6YS6EN2CT7,301350818731,USD,0.0000100000,0.0000002000,,Request,,,,,,,,,,21100991802,,,,,,,,,,,,,,,
jjlbggpm3zcucpddyborhiz6sy4wksfvxmdkugdgf5ujz4ygeseq,2026-02-01T00:00:00Z/2026-03-01T00:00:00Z,,"Amazon Web Services, Inc.",AWS,Anniversary,595673262386,2026-02-01T00:00:00Z,2026-03-01T00:00:00Z,353545917793,Usage,2026-02-01T03:00:00Z,2026-02-02T11:00:00Z,AWSLambda,USW2-Request,Invoke,,arn:aws:lambda:us-west-2:353545917793:function:PROD-LambdaStack-NotificationFunction0492F7EA-LPjctkICcF0l,1784.0000000000,,,USD,0.0000000000,0.0000000000,0.0000000000,0.0000000000,"AWS Lambda - Requests Free Tier - 1,000,000 Requests - US West (Oregon)",,"Amazon Web Services, Inc.",AWS Lambda,,,,,,,,,,,,,,,,,,,,,,,,,,,,,,AWS-Lambda-Requests,Invocation call for a Lambda function,,,,,,,,,US West (Oregon),AWS Region,,,,,,,,,,,,,,,,,,,,Serverless,,,,us-west-2,us-west-2,,,,,AWSLambda,AWS Lambda,ZWHFK83WS2P4WZR6,,,,,,,,,,,USW2-Request,,,,,,ZWHFK83WS2P4WZR6.A429C66SYZ.6YS6EN2CT7,301350818731,USD,0.0003568000,0.0000002000,,Request,,,,,,,,,,21100991802,,,,,,,,,,,,,,,
77hsvefonh6fg2kampkfy5ttnhlb745qjij4penesjfgqog7hyoa,2026-02-01T00:00:00Z/2026-03-01T00:00:00Z,,"Amazon Web Services, Inc.",AWS,Anniversary,595673262386,2026-02-01T00:00:00Z,2026-03-01T00:00:00Z,353545917793,Usage,2026-02-01T03:00:00Z,2026-02-02T06:00:00Z,AWSLambda,USW2-Request,Invoke,,arn:aws:lambda:us-west-2:353545917793:function:UAT-LambdaStack-EscalationSchedulerFunction46234BD-c0AoIybJpNCt,50.0000000000,,,USD,0.0000000000,0.0000000000,0.0000000000,0.0000000000,"AWS Lambda - Requests Free Tier - 1,000,000 Requests - US West (Oregon)",,"Amazon Web Services, Inc.",AWS Lambda,,,,,,,,,,,,,,,,,,,,,,,,,,,,,,AWS-Lambda-Requests,Invocation call for a Lambda function,,,,,,,,,US West (Oregon),AWS Region,,,,,,,,,,,,,,,,,,,,Serverless,,,,us-west-2,us-west-2,,,,,AWSLambda,AWS Lambda,ZWHFK83WS2P4WZR6,,,,,,,,,,,USW2-Request,,,,,,ZWHFK83WS2P4WZR6.A429C66SYZ.6YS6EN2CT7,301350818731,USD,0.0000100000,0.0000002000,,Request,,,,,,,,,,21100991802,,,,,,,,,,,,,,,
527mvbyogmxmu4qb5zb4x2ghnxph5yzfywr5egww5cuqvlwbkuha,2026-02-01T00:00:00Z/2026-03-01T00:00:00Z,,"Amazon Web Services, Inc.",AWS,Anniversary,595673262386,2026-02-01T00:00:00Z,2026-03-01T00:00:00Z,353545917793,Usage,2026-02-02T06:00:00Z,2026-02-02T08:00:00Z,AWSLambda,USW2-Request,Invoke,,arn:aws:lambda:us-west-2:353545917793:function:UAT-LambdaStack-NotificationFunction0492F7EA-TTqt039Wp38r,7.0000000000,,,USD,0.0000000000,0.0000000000,0.0000000000,0.0000000000,"AWS Lambda - Requests Free Tier - 1,000,000 Requests - US West (Oregon)",,"Amazon Web Services, Inc.",AWS Lambda,,,,,,,,,,,,,,,,,,,,,,,,,,,,,,AWS-Lambda-Requests,Invocation call for a Lambda function,,,,,,,,,US West (Oregon),AWS Region,,,,,,,,,,,,,,,,,,,,Serverless,,,,us-west-2,us-west-2,,,,,AWSLambda,AWS Lambda,ZWHFK83WS2P4WZR6,,,,,,,,,,,USW2-Request,,,,,,ZWHFK83WS2P4WZR6.A429C66SYZ.6YS6EN2CT7,301350818731,USD,0.0000014000,0.0000002000,,Request,,,,,,,,,,21100991802,,,,,,,,,,,,,,,
cviyiwnvp3fokldbtopfily2kzseqzuvo3irffsvjjotx5dplfjq,2026-02-01T00:00:00Z/2026-03-01T00:00:00Z,,"Amazon Web Services, Inc.",AWS,Anniversary,595673262386,2026-02-01T00:00:00Z,2026-03-01T00:00:00Z,353545917793,Usage,2026-02-01T18:00:00Z,2026-02-01T19:00:00Z,AmazonS3,Requests-Tier2,ListBucketTags,,,12.0000000000,,,USD,0.0000000000,0.0000000000,0.0000003585,0.0000043020,$0.00 per request - GET and all other requests under the monthly global free tier,,"Amazon Web Services, Inc.",Amazon Simple Storage Service,,,,,,,,,,,,,,,,,,,,,,,,,,,,,,S3-API-Tier2,GET and all other requests,,,,,,,,,US East (N. Virginia),AWS Region,,,,,,,,,,,,,,,,,,,,API Request,,,,us-east-1,us-east-1,,,,,AmazonS3,Amazon Simple Storage Service,ZWQ6Q48CRJXX4FXE,,,,,,,,,,,Requests-Tier2,,,,,,ZWQ6Q48CRJXX4FXE.A429C66SYZ.6YS6EN2CT7,327159826103,USD,0.0000048000,0.0000004000,,Requests,,,,,,,,,,21100991763,,,,,,,,,,,,,,,
e4aek7mvw2hel6i7luj7lur3u4th2q7rrhequk2xbcol2bu5siuq,2026-02-01T00:00:00Z/2026-03-01T00:00:00Z,,"Amazon Web Services, Inc.",AWS,Anniversary,595673262386,2026-02-01T00:00:00Z,2026-03-01T00:00:00Z,353545917793,Usage,2026-02-02T07:00:00Z,2026-02-02T10:00:00Z,AmazonS3,Requests-Tier2,HeadBucket,,aws-sam-cli-managed-default-samclisourcebucket-0gx7eupcvp46,4.0000000000,,,USD,0.0000004000,0.0000016000,0.0000003585,0.0000014340,"$0.004 per 10,000 GET and all other requests",,"Amazon Web Services, Inc.",Amazon Simple Storage Service,,,,,,,,,,,,,,,,,,,,,,,,,,,,,,S3-API-Tier2,GET and all other requests,,,,,,,,,US East (N. Virginia),AWS Region,,,,,,,,,,,,,,,,,,,,API Request,,,,us-east-1,us-east-1,,,,,AmazonS3,Amazon Simple Storage Service,ZWQ6Q48CRJXX4FXE,,,,,,,,,,,Requests-Tier2,,,,,,ZWQ6Q48CRJXX4FXE.JRTCKXETXF.6YS6EN2CT7,327192947436,USD,0.0000016000,0.0000004000,OnDemand,Requests,,,,,,,,,,21100991763,,,,,,,,,,,,,,,
65u4pryvvvfeo3leliykckasq7etif3qd32a6f4skvxfde6avcoq,2026-02-01T00:00:00Z/2026-03-01T00:00:00Z,,"Amazon Web Services, Inc.",AWS,Anniversary,595673262386,2026-02-01T00:00:00Z,2026-03-01T00:00:00Z,353545917793,Usage,2026-02-02T07:00:00Z,2026-02-02T10:00:00Z,AmazonS3,Requests-Tier2,HeadBucket,,cdk-hnb659fds-assets-353545917793-us-east-1,4.0000000000,,,USD,0.0000004000,0.0000016000,0.0000003585,0.0000014340,"$0.004 per 10,000 GET and all other requests",,"Amazon Web Services, Inc.",Amazon Simple Storage Service,,,,,,,,,,,,,,,,,,,,,,,,,,,,,,S3-API-Tier2,GET and all other requests,,,,,,,,,US East (N. Virginia),AWS Region,,,,,,,,,,,,,,,,,,,,API Request,,,,us-east-1,us-east-1,,,,,AmazonS3,Amazon Simple Storage Service,ZWQ6Q48CRJXX4FXE,,,,,,,,,,,Requests-Tier2,,,,,,ZWQ6Q48CRJXX4FXE.JRTCKXETXF.6YS6EN2CT7,327192947436,USD,0.0000016000,0.0000004000,OnDemand,Requests,,,,,,,,,,21100991763,,,,,,,,,,,,,,,
v4kot6nxg7vhsr56zmqg5td66iuxt64iikc2voeu3ykgco3mqpia,2026-02-01T00:00:00Z/2026-03-01T00:00:00Z,,"Amazon Web Services, Inc.",AWS,Anniversary,595673262386,2026-02-01T00:00:00Z,2026-03-01T00:00:00Z,353545917793,Usage,2026-02-02T07:00:00Z,2026-02-02T10:00:00Z,AmazonS3,Requests-Tier2,HeadBucket,,cf-templates-mriqnk830h6e-us-east-1,4.0000000000,,,USD,0.0000004000,0.0000016000,0.0000003585,0.0000014340,"$0.004 per 10,000 GET and all other requests",,"Amazon Web Services, Inc.",Amazon Simple Storage Service,,,,,,,,,,,,,,,,,,,,,,,,,,,,,,S3-API-Tier2,GET and all other requests,,,,,,,,,US East (N. Virginia),AWS Region,,,,,,,,,,,,,,,,,,,,API Request,,,,us-east-1,us-east-1,,,,,AmazonS3,Amazon Simple Storage Service,ZWQ6Q48CRJXX4FXE,,,,,,,,,,,Requests-Tier2,,,,,,ZWQ6Q48CRJXX4FXE.JRTCKXETXF.6YS6EN2CT7,327192947436,USD,0.0000016000,0.0000004000,OnDemand,Requests,,,,,,,,,,21100991763,,,,,,,,,,,,,,,
7wbhlyecfadqbnreqeso3h4xtgpcjk7f6ye7mmcxwlm4sulgie7a,2026-02-01T00:00:00Z/2026-03-01T00:00:00Z,,"Amazon Web Services, Inc.",AWS,Anniversary,595673262386,2026-02-01T00:00:00Z,2026-03-01T00:00:00Z,353545917793,Usage,2026-02-02T07:00:00Z,2026-02-02T10:00:00Z,AmazonS3,Requests-Tier2,HeadBucket,,clamvetesting,5.0000000000,,,USD,0.0000004000,0.0000020000,0.0000003585,0.0000017925,"$0.004 per 10,000 GET and all other requests",,"Amazon Web Services, Inc.",Amazon Simple Storage Service,,,,,,,,,,,,,,,,,,,,,,,,,,,,,,S3-API-Tier2,GET and all other requests,,,,,,,,,US East (N. Virginia),AWS Region,,,,,,,,,,,,,,,,,,,,API Request,,,,us-east-1,us-east-1,,,,,AmazonS3,Amazon Simple Storage Service,ZWQ6Q48CRJXX4FXE,,,,,,,,,,,Requests-Tier2,,,,,,ZWQ6Q48CRJXX4FXE.JRTCKXETXF.6YS6EN2CT7,327192947436,USD,0.0000020000,0.0000004000,OnDemand,Requests,,,,,,,,,,21100991763,,,,,,,,,,,,,,,
wrcz7x4b4bvhsnzfczuq5zilot7yd6ndjbzm4z2pmisfwx3qktlq,2026-02-01T00:00:00Z/2026-03-01T00:00:00Z,,"Amazon Web Services, Inc.",AWS,Anniversary,595673262386,2026-02-01T00:00:00Z,2026-03-01T00:00:00Z,353545917793,Usage,2026-02-02T07:00:00Z,2026-02-02T10:00:00Z,AmazonS3,Requests-Tier2,HeadBucket,,s3stack-userfileuploadbucket259f036a-chaih9c8simy,3.0000000000,,,USD,0.0000004000,0.0000012000,0.0000003585,0.0000010755,"$0.004 per 10,000 GET and all other requests",,"Amazon Web Services, Inc.",Amazon Simple Storage Service,,,,,,,,,,,,,,,,,,,,,,,,,,,,,,S3-API-Tier2,GET and all other requests,,,,,,,,,US East (N. Virginia),AWS Region,,,,,,,,,,,,,,,,,,,,API Request,,,,us-east-1,us-east-1,,,,,AmazonS3,Amazon Simple Storage Service,ZWQ6Q48CRJXX4FXE,,,,,,,,,,,Requests-Tier2,,,,,,ZWQ6Q48CRJXX4FXE.JRTCKXETXF.6YS6EN2CT7,327192947436,USD,0.0000012000,0.0000004000,OnDemand,Requests,,,,,,,,,,21100991763,,,,,,,,,,,,,,,
jye47qwytaw4hbkh7vgmh6yn2ae5nybflcibe6goblapb7vf6dva,2026-02-01T00:00:00Z/2026-03-01T00:00:00Z,,"Amazon Web Services, Inc.",AWS,Anniversary,595673262386,2026-02-01T00:00:00Z,2026-03-01T00:00:00Z,353545917793,Usage,2026-02-02T07:00:00Z,2026-02-02T10:00:00Z,AmazonS3,Requests-Tier2,HeadBucket,,s3stack-userfileuploadbucket259f036a-cvai8i4ebi48,3.0000000000,,,USD,0.0000004000,0.0000012000,0.0000003585,0.0000010755,"$0.004 per 10,000 GET and all other requests",,"Amazon Web Services, Inc.",Amazon Simple Storage Service,,,,,,,,,,,,,,,,,,,,,,,,,,,,,,S3-API-Tier2,GET and all other requests,,,,,,,,,US East (N. Virginia),AWS Region,,,,,,,,,,,,,,,,,,,,API Request,,,,us-east-1,us-east-1,,,,,AmazonS3,Amazon Simple Storage Service,ZWQ6Q48CRJXX4FXE,,,,,,,,,,,Requests-Tier2,,,,,,ZWQ6Q48CRJXX4FXE.JRTCKXETXF.6YS6EN2CT7,327192947436,USD,0.0000012000,0.0000004000,OnDemand,Requests,,,,,,,,,,21100991763,,,,,,,,,,,,,,,
eeb77icljaizkdd34lblmqyo6sfzwgm65bcgjraoitneniwynhha,2026-02-01T00:00:00Z/2026-03-01T00:00:00Z,,"Amazon Web Services, Inc.",AWS,Anniversary,595673262386,2026-02-01T00:00:00Z,2026-03-01T00:00:00Z,353545917793,Usage,2026-02-02T07:00:00Z,2026-02-02T10:00:00Z,AmazonS3,Requests-Tier2,HeadBucket,,s3stack-userfileuploadbucket259f036a-t2pshphenoat,3.0000000000,,,USD,0.0000004000,0.0000012000,0.0000003585,0.0000010755,"$0.004 per 10,000 GET and all other requests",,"Amazon Web Services, Inc.",Amazon Simple Storage Service,,,,,,,,,,,,,,,,,,,,,,,,,,,,,,S3-API-Tier2,GET and all other requests,,,,,,,,,US East (N. Virginia),AWS Region,,,,,,,,,,,,,,,,,,,,API Request,,,,us-east-1,us-east-1,,,,,AmazonS3,Amazon Simple Storage Service,ZWQ6Q48CRJXX4FXE,,,,,,,,,,,Requests-Tier2,,,,,,ZWQ6Q48CRJXX4FXE.JRTCKXETXF.6YS6EN2CT7,327192947436,USD,0.0000012000,0.0000004000,OnDemand,Requests,,,,,,,,,,21100991763,,,,,,,,,,,,,,,
7vg7mrcznrsmbzbbi5podel5ojsjo5xf2fusqik6ujq5w53pi73q,2026-02-01T00:00:00Z/2026-03-01T00:00:00Z,,"Amazon Web Services, Inc.",AWS,Anniversary,595673262386,2026-02-01T00:00:00Z,2026-03-01T00:00:00Z,353545917793,Usage,2026-02-02T07:00:00Z,2026-02-02T10:00:00Z,AmazonS3,Requests-Tier2,HeadBucket,,s3stack-userfileuploadbucketprod5670d977-0jbwxg2hpndi,3.0000000000,,,USD,0.0000004000,0.0000012000,0.0000003585,0.0000010755,"$0.004 per 10,000 GET and all other requests",,"Amazon Web Services, Inc.",Amazon Simple Storage Service,,,,,,,,,,,,,,,,,,,,,,,,,,,,,,S3-API-Tier2,GET and all other requests,,,,,,,,,US East (N. Virginia),AWS Region,,,,,,,,,,,,,,,,,,,,API Request,,,,us-east-1,us-east-1,,,,,AmazonS3,Amazon Simple Storage Service,ZWQ6Q48CRJXX4FXE,,,,,,,,,,,Requests-Tier2,,,,,,ZWQ6Q48CRJXX4FXE.JRTCKXETXF.6YS6EN2CT7,327192947436,USD,0.0000012000,0.0000004000,OnDemand,Requests,,,,,,,,,,21100991763,,,,,,,,,,,,,,,
omtk5pmaycn3gzcgqpv75hqn5qlskrpenkregyzneqp76nt6xh4a,2026-02-01T00:00:00Z/2026-03-01T00:00:00Z,,"Amazon Web Services, Inc.",AWS,Anniversary,595673262386,2026-02-01T00:00:00Z,2026-03-01T00:00:00Z,353545917793,Usage,2026-02-02T07:00:00Z,2026-02-02T10:00:00Z,AmazonS3,Requests-Tier2,HeadBucket,,s3stack-userfileuploadbucketprod5670d977-ecza5r7vv7rq,3.0000000000,,,USD,0.0000004000,0.0000012000,0.0000003585,0.0000010755,"$0.004 per 10,000 GET and all other requests",,"Amazon Web Services, Inc.",Amazon Simple Storage Service,,,,,,,,,,,,,,,,,,,,,,,,,,,,,,S3-API-Tier2,GET and all other requests,,,,,,,,,US East (N. Virginia),AWS Region,,,,,,,,,,,,,,,,,,,,API Request,,,,us-east-1,us-east-1,,,,,AmazonS3,Amazon Simple Storage Service,ZWQ6Q48CRJXX4FXE,,,,,,,,,,,Requests-Tier2,,,,,,ZWQ6Q48CRJXX4FXE.JRTCKXETXF.6YS6EN2CT7,327192947436,USD,0.0000012000,0.0000004000,OnDemand,Requests,,,,,,,,,,21100991763,,,,,,,,,,,,,,,
u5zeixlwx3hwjxaags5vhck6bpe4mri7mtxk6lypzckjlzctpvya,2026-02-01T00:00:00Z/2026-03-01T00:00:00Z,,"Amazon Web Services, Inc.",AWS,Anniversary,595673262386,2026-02-01T00:00:00Z,2026-03-01T00:00:00Z,353545917793,Usage,2026-02-02T07:00:00Z,2026-02-02T10:00:00Z,AmazonS3,Requests-Tier2,HeadBucket,,s3stack-userfileuploadbucketprod5670d977-iprqpeeueqvb,3.0000000000,,,USD,0.0000004000,0.0000012000,0.0000003585,0.0000010755,"$0.004 per 10,000 GET and all other requests",,"Amazon Web Services, Inc.",Amazon Simple Storage Service,,,,,,,,,,,,,,,,,,,,,,,,,,,,,,S3-API-Tier2,GET and all other requests,,,,,,,,,US East (N. Virginia),AWS Region,,,,,,,,,,,,,,,,,,,,API Request,,,,us-east-1,us-east-1,,,,,AmazonS3,Amazon Simple Storage Service,ZWQ6Q48CRJXX4FXE,,,,,,,,,,,Requests-Tier2,,,,,,ZWQ6Q48CRJXX4FXE.JRTCKXETXF.6YS6EN2CT7,327192947436,USD,0.0000012000,0.0000004000,OnDemand,Requests,,,,,,,,,,21100991763,,,,,,,,,,,,,,,
imwzp2nv56pjqjylilmpo3k3xlukcmcsepshdzcrpaffir6tyb3a,2026-02-01T00:00:00Z/2026-03-01T00:00:00Z,,"Amazon Web Services, Inc.",AWS,Anniversary,595673262386,2026-02-01T00:00:00Z,2026-03-01T00:00:00Z,353545917793,Usage,2026-02-02T07:00:00Z,2026-02-02T10:00:00Z,AmazonS3,Requests-Tier2,HeadBucket,,s3stack-userfileuploadbucketuat0d968125-kwupvued1h9p,3.0000000000,,,USD,0.0000004000,0.0000012000,0.0000003585,0.0000010755,"$0.004 per 10,000 GET and all other requests",,"Amazon Web Services, Inc.",Amazon Simple Storage Service,,,,,,,,,,,,,,,,,,,,,,,,,,,,,,S3-API-Tier2,GET and all other requests,,,,,,,,,US East (N. Virginia),AWS Region,,,,,,,,,,,,,,,,,,,,API Request,,,,us-east-1,us-east-1,,,,,AmazonS3,Amazon Simple Storage Service,ZWQ6Q48CRJXX4FXE,,,,,,,,,,,Requests-Tier2,,,,,,ZWQ6Q48CRJXX4FXE.JRTCKXETXF.6YS6EN2CT7,327192947436,USD,0.0000012000,0.0000004000,OnDemand,Requests,,,,,,,,,,21100991763,,,,,,,,,,,,,,,
iqrezyce62nsxleas4vtjlgwz7krcxp7ogaxmt7oibcq5tmm3ada,2026-02-01T00:00:00Z/2026-03-01T00:00:00Z,,"Amazon Web Services, Inc.",AWS,Anniversary,595673262386,2026-02-01T00:00:00Z,2026-03-01T00:00:00Z,353545917793,Usage,2026-02-02T07:00:00Z,2026-02-02T10:00:00Z,AmazonS3,Requests-Tier2,HeadBucket,,s3stack-userfileuploadbucketuat0d968125-m711acws3g6k,3.0000000000,,,USD,0.0000004000,0.0000012000,0.0000003585,0.0000010755,"$0.004 per 10,000 GET and all other requests",,"Amazon Web Services, Inc.",Amazon Simple Storage Service,,,,,,,,,,,,,,,,,,,,,,,,,,,,,,S3-API-Tier2,GET and all other requests,,,,,,,,,US East (N. Virginia),AWS Region,,,,,,,,,,,,,,,,,,,,API Request,,,,us-east-1,us-east-1,,,,,AmazonS3,Amazon Simple Storage Service,ZWQ6Q48CRJXX4FXE,,,,,,,,,,,Requests-Tier2,,,,,,ZWQ6Q48CRJXX4FXE.JRTCKXETXF.6YS6EN2CT7,327192947436,USD,0.0000012000,0.0000004000,OnDemand,Requests,,,,,,,,,,21100991763,,,,,,,,,,,,,,,
gmzryumukxgv7bbtqlcuesmrpu5fshnq2ky76abc4mfs45sr6i3q,2026-02-01T00:00:00Z/2026-03-01T00:00:00Z,,"Amazon Web Services, Inc.",AWS,Anniversary,595673262386,2026-02-01T00:00:00Z,2026-03-01T00:00:00Z,353545917793,Usage,2026-02-02T07:00:00Z,2026-02-02T10:00:00Z,AmazonS3,Requests-Tier2,HeadBucket,,s3stack-userfileuploadbucketuat0d968125-qm7hoipk0grv,3.0000000000,,,USD,0.0000004000,0.0000012000,0.0000003585,0.0000010755,"$0.004 per 10,000 GET and all other requests",,"Amazon Web Services, Inc.",Amazon Simple Storage Service,,,,,,,,,,,,,,,,,,,,,,,,,,,,,,S3-API-Tier2,GET and all other requests,,,,,,,,,US East (N. Virginia),AWS Region,,,,,,,,,,,,,,,,,,,,API Request,,,,us-east-1,us-east-1,,,,,AmazonS3,Amazon Simple Storage Service,ZWQ6Q48CRJXX4FXE,,,,,,,,,,,Requests-Tier2,,,,,,ZWQ6Q48CRJXX4FXE.JRTCKXETXF.6YS6EN2CT7,327192947436,USD,0.0000012000,0.0000004000,OnDemand,Requests,,,,,,,,,,21100991763,,,,,,,,,,,,,,,
f77hzwiqtxnoousv2ogy4xuoky2mkbqphrgr25b6fnwkt5nri4ma,2026-02-01T00:00:00Z/2026-03-01T00:00:00Z,,"Amazon Web Services, Inc.",AWS,Anniversary,595673262386,2026-02-01T00:00:00Z,2026-03-01T00:00:00Z,353545917793,Usage,2026-02-02T07:00:00Z,2026-02-02T11:00:00Z,AmazonS3,Requests-Tier2,ListBucketTags,,,13.0000000000,,,USD,0.0000004000,0.0000052000,0.0000003585,0.0000046605,"$0.004 per 10,000 GET and all other requests",,"Amazon Web Services, Inc.",Amazon Simple Storage Service,,,,,,,,,,,,,,,,,,,,,,,,,,,,,,S3-API-Tier2,GET and all other requests,,,,,,,,,US East (N. Virginia),AWS Region,,,,,,,,,,,,,,,,,,,,API Request,,,,us-east-1,us-east-1,,,,,AmazonS3,Amazon Simple Storage Service,ZWQ6Q48CRJXX4FXE,,,,,,,,,,,Requests-Tier2,,,,,,ZWQ6Q48CRJXX4FXE.JRTCKXETXF.6YS6EN2CT7,327192947436,USD,0.0000052000,0.0000004000,OnDemand,Requests,,,,,,,,,,21100991763,,,,,,,,,,,,,,,
f2klkyvxhq4k5tbcx7bhzvcztxcdhi6gei2dunb6ggw6ikbze6wa,2026-02-01T00:00:00Z/2026-03-01T00:00:00Z,,"Amazon Web Services, Inc.",AWS,Anniversary,595673262386,2026-02-01T00:00:00Z,2026-03-01T00:00:00Z,353545917793,Usage,2026-02-02T07:00:00Z,2026-02-02T11:00:00Z,AmazonS3,Requests-Tier2,ReadAccountPublicAccessBlock,,,19.0000000000,,,USD,0.0000004000,0.0000076000,0.0000003585,0.0000068115,"$0.004 per 10,000 GET and all other requests",,"Amazon Web Services, Inc.",Amazon Simple Storage Service,,,,,,,,,,,,,,,,,,,,,,,,,,,,,,S3-API-Tier2,GET and all other requests,,,,,,,,,US East (N. Virginia),AWS Region,,,,,,,,,,,,,,,,,,,,API Request,,,,us-east-1,us-east-1,,,,,AmazonS3,Amazon Simple Storage Service,ZWQ6Q48CRJXX4FXE,,,,,,,,,,,Requests-Tier2,,,,,,ZWQ6Q48CRJXX4FXE.JRTCKXETXF.6YS6EN2CT7,327192947436,USD,0.0000076000,0.0000004000,OnDemand,Requests,,,,,,,,,,21100991763,,,,,,,,,,,,,,,
rrrfdvmybuoe37727m37qrx65pgtsdpa7pglm2oqiwxcevbckl2q,2026-02-01T00:00:00Z/2026-03-01T00:00:00Z,,"Amazon Web Services, Inc.",AWS,Anniversary,595673262386,2026-02-01T00:00:00Z,2026-03-01T00:00:00Z,353545917793,Usage,2026-02-02T05:00:00Z,2026-02-02T11:00:00Z,AmazonS3,Requests-Tier2,ReadLocation,,aws-sam-cli-managed-default-samclisourcebucket-0gx7eupcvp46,13.0000000000,,,USD,0.0000004000,0.0000052000,0.0000003585,0.0000046605,"$0.004 per 10,000 GET and all other requests",,"Amazon Web Services, Inc.",Amazon Simple Storage Service,,,,,,,,,,,,,,,,,,,,,,,,,,,,,,S3-API-Tier2,GET and all other requests,,,,,,,,,US East (N. Virginia),AWS Region,,,,,,,,,,,,,,,,,,,,API Request,,,,us-east-1,us-east-1,,,,,AmazonS3,Amazon Simple Storage Service,ZWQ6Q48CRJXX4FXE,,,,,,,,,,,Requests-Tier2,,,,,,ZWQ6Q48CRJXX4FXE.JRTCKXETXF.6YS6EN2CT7,327192947436,USD,0.0000052000,0.0000004000,OnDemand,Requests,,,,,,,,,,21100991763,,,,,,,,,,,,,,,
2m7tlepnjk24jwfvn6pagxiqdm7ytcrmige5jeh6sitfu6gowjea,2026-02-01T00:00:00Z/2026-03-01T00:00:00Z,,"Amazon Web Services, Inc.",AWS,Anniversary,595673262386,2026-02-01T00:00:00Z,2026-03-01T00:00:00Z,353545917793,Usage,2026-02-02T05:00:00Z,2026-02-02T11:00:00Z,AmazonS3,Requests-Tier2,ReadLocation,,cdk-hnb659fds-assets-353545917793-us-east-1,13.0000000000,,,USD,0.0000004000,0.0000052000,0.0000003585,0.0000046605,"$0.004 per 10,000 GET and all other requests",,"Amazon Web Services, Inc.",Amazon Simple Storage Service,,,,,,,,,,,,,,,,,,,,,,,,,,,,,,S3-API-Tier2,GET and all other requests,,,,,,,,,US East (N. Virginia),AWS Region,,,,,,,,,,,,,,,,,,,,API Request,,,,us-east-1,us-east-1,,,,,AmazonS3,Amazon Simple Storage Service,ZWQ6Q48CRJXX4FXE,,,,,,,,,,,Requests-Tier2,,,,,,ZWQ6Q48CRJXX4FXE.JRTCKXETXF.6YS6EN2CT7,327192947436,USD,0.0000052000,0.0000004000,OnDemand,Requests,,,,,,,,,,21100991763,,,,,,,,,,,,,,,
pma5r72uak5nrws26ink3etvczxfcwgqgmnmeimpykssyyud3wnq,2026-02-01T00:00:00Z/2026-03-01T00:00:00Z,,"Amazon Web Services, Inc.",AWS,Anniversary,595673262386,2026-02-01T00:00:00Z,2026-03-01T00:00:00Z,353545917793,Usage,2026-02-02T05:00:00Z,2026-02-02T11:00:00Z,AmazonS3,Requests-Tier2,ReadLocation,,cf-templates-mriqnk830h6e-us-east-1,13.0000000000,,,USD,0.0000004000,0.0000052000,0.0000003585,0.0000046605,"$0.004 per 10,000 GET and all other requests",,"Amazon Web Services, Inc.",Amazon Simple Storage Service,,,,,,,,,,,,,,,,,,,,,,,,,,,,,,S3-API-Tier2,GET and all other requests,,,,,,,,,US East (N. Virginia),AWS Region,,,,,,,,,,,,,,,,,,,,API Request,,,,us-east-1,us-east-1,,,,,AmazonS3,Amazon Simple Storage Service,ZWQ6Q48CRJXX4FXE,,,,,,,,,,,Requests-Tier2,,,,,,ZWQ6Q48CRJXX4FXE.JRTCKXETXF.6YS6EN2CT7,327192947436,USD,0.0000052000,0.0000004000,OnDemand,Requests,,,,,,,,,,21100991763,,,,,,,,,,,,,,,
6kgvtjochrorup2jnpndkuvlmhtxrybzbtb3gfdlsywd7pnde5zq,2026-02-01T00:00:00Z/2026-03-01T00:00:00Z,,"Amazon Web Services, Inc.",AWS,Anniversary,595673262386,2026-02-01T00:00:00Z,2026-03-01T00:00:00Z,353545917793,Usage,2026-02-02T05:00:00Z,2026-02-02T11:00:00Z,AmazonS3,Requests-Tier2,ReadLocation,,clamvetesting,13.0000000000,,,USD,0.0000004000,0.0000052000,0.0000003585,0.0000046605,"$0.004 per 10,000 GET and all other requests",,"Amazon Web Services, Inc.",Amazon Simple Storage Service,,,,,,,,,,,,,,,,,,,,,,,,,,,,,,S3-API-Tier2,GET and all other requests,,,,,,,,,US East (N. Virginia),AWS Region,,,,,,,,,,,,,,,,,,,,API Request,,,,us-east-1,us-east-1,,,,,AmazonS3,Amazon Simple Storage Service,ZWQ6Q48CRJXX4FXE,,,,,,,,,,,Requests-Tier2,,,,,,ZWQ6Q48CRJXX4FXE.JRTCKXETXF.6YS6EN2CT7,327192947436,USD,0.0000052000,0.0000004000,OnDemand,Requests,,,,,,,,,,21100991763,,,,,,,,,,,,,,,
32wxn5fxiiaeslf7dn5kk5whpihdqoqaktbotx2qsku6kvcosa3q,2026-02-01T00:00:00Z/2026-03-01T00:00:00Z,,"Amazon Web Services, Inc.",AWS,Anniversary,595673262386,2026-02-01T00:00:00Z,2026-03-01T00:00:00Z,353545917793,Usage,2026-02-02T05:00:00Z,2026-02-02T11:00:00Z,AmazonS3,Requests-Tier2,ReadLocation,,s3stack-userfileuploadbucket259f036a-chaih9c8simy,12.0000000000,,,USD,0.0000004000,0.0000048000,0.0000003585,0.0000043020,"$0.004 per 10,000 GET and all other requests",,"Amazon Web Services, Inc.",Amazon Simple Storage Service,,,,,,,,,,,,,,,,,,,,,,,,,,,,,,S3-API-Tier2,GET and all other requests,,,,,,,,,US East (N. Virginia),AWS Region,,,,,,,,,,,,,,,,,,,,API Request,,,,us-east-1,us-east-1,,,,,AmazonS3,Amazon Simple Storage Service,ZWQ6Q48CRJXX4FXE,,,,,,,,,,,Requests-Tier2,,,,,,ZWQ6Q48CRJXX4FXE.JRTCKXETXF.6YS6EN2CT7,327192947436,USD,0.0000048000,0.0000004000,OnDemand,Requests,,,,,,,,,,21100991763,,,,,,,,,,,,,,,
lvmr3x6lb6wfb6ugyznzwgygeknulnrdiqdvc3scu5dzlofwc2pa,2026-02-01T00:00:00Z/2026-03-01T00:00:00Z,,"Amazon Web Services, Inc.",AWS,Anniversary,595673262386,2026-02-01T00:00:00Z,2026-03-01T00:00:00Z,353545917793,Usage,2026-02-02T05:00:00Z,2026-02-02T11:00:00Z,AmazonS3,Requests-Tier2,ReadLocation,,s3stack-userfileuploadbucket259f036a-cvai8i4ebi48,12.0000000000,,,USD,0.0000004000,0.0000048000,0.0000003585,0.0000043020,"$0.004 per 10,000 GET and all other requests",,"Amazon Web Services, Inc.",Amazon Simple Storage Service,,,,,,,,,,,,,,,,,,,,,,,,,,,,,,S3-API-Tier2,GET and all other requests,,,,,,,,,US East (N. Virginia),AWS Region,,,,,,,,,,,,,,,,,,,,API Request,,,,us-east-1,us-east-1,,,,,AmazonS3,Amazon Simple Storage Service,ZWQ6Q48CRJXX4FXE,,,,,,,,,,,Requests-Tier2,,,,,,ZWQ6Q48CRJXX4FXE.JRTCKXETXF.6YS6EN2CT7,327192947436,USD,0.0000048000,0.0000004000,OnDemand,Requests,,,,,,,,,,21100991763,,,,,,,,,,,,,,,
zd5focbit64lo5ttyiuw6xprwyqdw25wvy7xuc2fd7jx6dip5y3a,2026-02-01T00:00:00Z/2026-03-01T00:00:00Z,,"Amazon Web Services, Inc.",AWS,Anniversary,595673262386,2026-02-01T00:00:00Z,2026-03-01T00:00:00Z,353545917793,Usage,2026-02-02T05:00:00Z,2026-02-02T11:00:00Z,AmazonS3,Requests-Tier2,ReadLocation,,s3stack-userfileuploadbucket259f036a-t2pshphenoat,11.0000000000,,,USD,0.0000004000,0.0000044000,0.0000003585,0.0000039435,"$0.004 per 10,000 GET and all other requests",,"Amazon Web Services, Inc.",Amazon Simple Storage Service,,,,,,,,,,,,,,,,,,,,,,,,,,,,,,S3-API-Tier2,GET and all other requests,,,,,,,,,US East (N. Virginia),AWS Region,,,,,,,,,,,,,,,,,,,,API Request,,,,us-east-1,us-east-1,,,,,AmazonS3,Amazon Simple Storage Service,ZWQ6Q48CRJXX4FXE,,,,,,,,,,,Requests-Tier2,,,,,,ZWQ6Q48CRJXX4FXE.JRTCKXETXF.6YS6EN2CT7,327192947436,USD,0.0000044000,0.0000004000,OnDemand,Requests,,,,,,,,,,21100991763,,,,,,,,,,,,,,,
q3bkhzfy65wu6mc6grnozlhvgjznlmuu7uhpcxllsjuocqoi37zq,2026-02-01T00:00:00Z/2026-03-01T00:00:00Z,,"Amazon Web Services, Inc.",AWS,Anniversary,595673262386,2026-02-01T00:00:00Z,2026-03-01T00:00:00Z,353545917793,Usage,2026-02-02T05:00:00Z,2026-02-02T11:00:00Z,AmazonS3,Requests-Tier2,ReadLocation,,s3stack-userfileuploadbucketprod5670d977-0jbwxg2hpndi,11.0000000000,,,USD,0.0000004000,0.0000044000,0.0000003585,0.0000039435,"$0.004 per 10,000 GET and all other requests",,"Amazon Web Services, Inc.",Amazon Simple Storage Service,,,,,,,,,,,,,,,,,,,,,,,,,,,,,,S3-API-Tier2,GET and all other requests,,,,,,,,,US East (N. Virginia),AWS Region,,,,,,,,,,,,,,,,,,,,API Request,,,,us-east-1,us-east-1,,,,,AmazonS3,Amazon Simple Storage Service,ZWQ6Q48CRJXX4FXE,,,,,,,,,,,Requests-Tier2,,,,,,ZWQ6Q48CRJXX4FXE.JRTCKXETXF.6YS6EN2CT7,327192947436,USD,0.0000044000,0.0000004000,OnDemand,Requests,,,,,,,,,,21100991763,,,,,,,,,,,,,,,
rwrasr6yz57l77hpozn7t5cpsjmoymwpyrjp7b6d2em7opjepqca,2026-02-01T00:00:00Z/2026-03-01T00:00:00Z,,"Amazon Web Services, Inc.",AWS,Anniversary,595673262386,2026-02-01T00:00:00Z,2026-03-01T00:00:00Z,353545917793,Usage,2026-02-02T05:00:00Z,2026-02-02T11:00:00Z,AmazonS3,Requests-Tier2,ReadLocation,,s3stack-userfileuploadbucketprod5670d977-ecza5r7vv7rq,11.0000000000,,,USD,0.0000004000,0.0000044000,0.0000003585,0.0000039435,"$0.004 per 10,000 GET and all other requests",,"Amazon Web Services, Inc.",Amazon Simple Storage Service,,,,,,,,,,,,,,,,,,,,,,,,,,,,,,S3-API-Tier2,GET and all other requests,,,,,,,,,US East (N. Virginia),AWS Region,,,,,,,,,,,,,,,,,,,,API Request,,,,us-east-1,us-east-1,,,,,AmazonS3,Amazon Simple Storage Service,ZWQ6Q48CRJXX4FXE,,,,,,,,,,,Requests-Tier2,,,,,,ZWQ6Q48CRJXX4FXE.JRTCKXETXF.6YS6EN2CT7,327192947436,USD,0.0000044000,0.0000004000,OnDemand,Requests,,,,,,,,,,21100991763,,,,,,,,,,,,,,,
6bqxw3ck24cuynncre4lfdbcz3qjk2loyiw66nevz37cv4nv7tla,2026-02-01T00:00:00Z/2026-03-01T00:00:00Z,,"Amazon Web Services, Inc.",AWS,Anniversary,595673262386,2026-02-01T00:00:00Z,2026-03-01T00:00:00Z,353545917793,Usage,2026-02-02T05:00:00Z,2026-02-02T11:00:00Z,AmazonS3,Requests-Tier2,ReadLocation,,s3stack-userfileuploadbucketprod5670d977-iprqpeeueqvb,11.0000000000,,,USD,0.0000004000,0.0000044000,0.0000003585,0.0000039435,"$0.004 per 10,000 GET and all other requests",,"Amazon Web Services, Inc.",Amazon Simple Storage Service,,,,,,,,,,,,,,,,,,,,,,,,,,,,,,S3-API-Tier2,GET and all other requests,,,,,,,,,US East (N. Virginia),AWS Region,,,,,,,,,,,,,,,,,,,,API Request,,,,us-east-1,us-east-1,,,,,AmazonS3,Amazon Simple Storage Service,ZWQ6Q48CRJXX4FXE,,,,,,,,,,,Requests-Tier2,,,,,,ZWQ6Q48CRJXX4FXE.JRTCKXETXF.6YS6EN2CT7,327192947436,USD,0.0000044000,0.0000004000,OnDemand,Requests,,,,,,,,,,21100991763,,,,,,,,,,,,,,,
r4emjrpwezwosmvy2b7cehthbb4lipumps3lnzfn2tu3pa2joaja,2026-02-01T00:00:00Z/2026-03-01T00:00:00Z,,"Amazon Web Services, Inc.",AWS,Anniversary,595673262386,2026-02-01T00:00:00Z,2026-03-01T00:00:00Z,353545917793,Usage,2026-02-02T05:00:00Z,2026-02-02T11:00:00Z,AmazonS3,Requests-Tier2,ReadLocation,,s3stack-userfileuploadbucketuat0d968125-kwupvued1h9p,11.0000000000,,,USD,0.0000004000,0.0000044000,0.0000003585,0.0000039435,"$0.004 per 10,000 GET and all other requests",,"Amazon Web Services, Inc.",Amazon Simple Storage Service,,,,,,,,,,,,,,,,,,,,,,,,,,,,,,S3-API-Tier2,GET and all other requests,,,,,,,,,US East (N. Virginia),AWS Region,,,,,,,,,,,,,,,,,,,,API Request,,,,us-east-1,us-east-1,,,,,AmazonS3,Amazon Simple Storage Service,ZWQ6Q48CRJXX4FXE,,,,,,,,,,,Requests-Tier2,,,,,,ZWQ6Q48CRJXX4FXE.JRTCKXETXF.6YS6EN2CT7,327192947436,USD,0.0000044000,0.0000004000,OnDemand,Requests,,,,,,,,,,21100991763,,,,,,,,,,,,,,,
rynowljlebipbba64werxp2ciflqw7twtksg32jpefdpomob3rqq,2026-02-01T00:00:00Z/2026-03-01T00:00:00Z,,"Amazon Web Services, Inc.",AWS,Anniversary,595673262386,2026-02-01T00:00:00Z,2026-03-01T00:00:00Z,353545917793,Usage,2026-02-02T05:00:00Z,2026-02-02T11:00:00Z,AmazonS3,Requests-Tier2,ReadLocation,,s3stack-userfileuploadbucketuat0d968125-m711acws3g6k,11.0000000000,,,USD,0.0000004000,0.0000044000,0.0000003585,0.0000039435,"$0.004 per 10,000 GET and all other requests",,"Amazon Web Services, Inc.",Amazon Simple Storage Service,,,,,,,,,,,,,,,,,,,,,,,,,,,,,,S3-API-Tier2,GET and all other requests,,,,,,,,,US East (N. Virginia),AWS Region,,,,,,,,,,,,,,,,,,,,API Request,,,,us-east-1,us-east-1,,,,,AmazonS3,Amazon Simple Storage Service,ZWQ6Q48CRJXX4FXE,,,,,,,,,,,Requests-Tier2,,,,,,ZWQ6Q48CRJXX4FXE.JRTCKXETXF.6YS6EN2CT7,327192947436,USD,0.0000044000,0.0000004000,OnDemand,Requests,,,,,,,,,,21100991763,,,,,,,,,,,,,,,
xqwq3i5mqefldiljdj4s7aqodyiwl6obvwfgvfghdu4emudaftxa,2026-02-01T00:00:00Z/2026-03-01T00:00:00Z,,"Amazon Web Services, Inc.",AWS,Anniversary,595673262386,2026-02-01T00:00:00Z,2026-03-01T00:00:00Z,353545917793,Usage,2026-02-02T05:00:00Z,2026-02-02T11:00:00Z,AmazonS3,Requests-Tier2,ReadLocation,,s3stack-userfileuploadbucketuat0d968125-qm7hoipk0grv,11.0000000000,,,USD,0.0000004000,0.0000044000,0.0000003585,0.0000039435,"$0.004 per 10,000 GET and all other requests",,"Amazon Web Services, Inc.",Amazon Simple Storage Service,,,,,,,,,,,,,,,,,,,,,,,,,,,,,,S3-API-Tier2,GET and all other requests,,,,,,,,,US East (N. Virginia),AWS Region,,,,,,,,,,,,,,,,,,,,API Request,,,,us-east-1,us-east-1,,,,,AmazonS3,Amazon Simple Storage Service,ZWQ6Q48CRJXX4FXE,,,,,,,,,,,Requests-Tier2,,,,,,ZWQ6Q48CRJXX4FXE.JRTCKXETXF.6YS6EN2CT7,327192947436,USD,0.0000044000,0.0000004000,OnDemand,Requests,,,,,,,,,,21100991763,,,,,,,,,,,,,,,
jouxixr4ch65dtbuw2xkh3dpnt6vxv6jx75n5q2pbhngc2yaaf4q,2026-02-01T00:00:00Z/2026-03-01T00:00:00Z,,"Amazon Web Services, Inc.",AWS,Anniversary,595673262386,2026-02-01T00:00:00Z,2026-03-01T00:00:00Z,353545917793,Usage,2026-02-02T07:00:00Z,2026-02-02T08:00:00Z,AmazonS3,Requests-Tier2,ReadLogProps,,aws-sam-cli-managed-default-samclisourcebucket-0gx7eupcvp46,1.0000000000,,,USD,0.0000004000,0.0000004000,0.0000003585,0.0000003585,"$0.004 per 10,000 GET and all other requests",,"Amazon Web Services, Inc.",Amazon Simple Storage Service,,,,,,,,,,,,,,,,,,,,,,,,,,,,,,S3-API-Tier2,GET and all other requests,,,,,,,,,US East (N. Virginia),AWS Region,,,,,,,,,,,,,,,,,,,,API Request,,,,us-east-1,us-east-1,,,,,AmazonS3,Amazon Simple Storage Service,ZWQ6Q48CRJXX4FXE,,,,,,,,,,,Requests-Tier2,,,,,,ZWQ6Q48CRJXX4FXE.JRTCKXETXF.6YS6EN2CT7,327192947436,USD,0.0000004000,0.0000004000,OnDemand,Requests,,,,,,,,,,21100991763,,,,,,,,,,,,,,,
huokoxkfzdlsl3ix3cqir2danarpfzzbnurnnfn2quykt2yl4k2q,2026-02-01T00:00:00Z/2026-03-01T00:00:00Z,,"Amazon Web Services, Inc.",AWS,Anniversary,595673262386,2026-02-01T00:00:00Z,2026-03-01T00:00:00Z,353545917793,Usage,2026-02-02T07:00:00Z,2026-02-02T08:00:00Z,AmazonS3,Requests-Tier2,ReadLogProps,,cdk-hnb659fds-assets-353545917793-us-east-1,1.0000000000,,,USD,0.0000004000,0.0000004000,0.0000003585,0.0000003585,"$0.004 per 10,000 GET and all other requests",,"Amazon Web Services, Inc.",Amazon Simple Storage Service,,,,,,,,,,,,,,,,,,,,,,,,,,,,,,S3-API-Tier2,GET and all other requests,,,,,,,,,US East (N. Virginia),AWS Region,,,,,,,,,,,,,,,,,,,,API Request,,,,us-east-1,us-east-1,,,,,AmazonS3,Amazon Simple Storage Service,ZWQ6Q48CRJXX4FXE,,,,,,,,,,,Requests-Tier2,,,,,,ZWQ6Q48CRJXX4FXE.JRTCKXETXF.6YS6EN2CT7,327192947436,USD,0.0000004000,0.0000004000,OnDemand,Requests,,,,,,,,,,21100991763,,,,,,,,,,,,,,,
amnd5zsmfwtbidxn5lcktn5tcmj6lsphqkzakzxmdx36fs7lqniq,2026-02-01T00:00:00Z/2026-03-01T00:00:00Z,,"Amazon Web Services, Inc.",AWS,Anniversary,595673262386,2026-02-01T00:00:00Z,2026-03-01T00:00:00Z,353545917793,Usage,2026-02-02T07:00:00Z,2026-02-02T08:00:00Z,AmazonS3,Requests-Tier2,ReadLogProps,,cf-templates-mriqnk830h6e-us-east-1,1.0000000000,,,USD,0.0000004000,0.0000004000,0.0000003585,0.0000003585,"$0.004 per 10,000 GET and all other requests",,"Amazon Web Services, Inc.",Amazon Simple Storage Service,,,,,,,,,,,,,,,,,,,,,,,,,,,,,,S3-API-Tier2,GET and all other requests,,,,,,,,,US East (N. Virginia),AWS Region,,,,,,,,,,,,,,,,,,,,API Request,,,,us-east-1,us-east-1,,,,,AmazonS3,Amazon Simple Storage Service,ZWQ6Q48CRJXX4FXE,,,,,,,,,,,Requests-Tier2,,,,,,ZWQ6Q48CRJXX4FXE.JRTCKXETXF.6YS6EN2CT7,327192947436,USD,0.0000004000,0.0000004000,OnDemand,Requests,,,,,,,,,,21100991763,,,,,,,,,,,,,,,
ztbkg5hld6lblwabyzfvdfxt7avab3nel6tneyujazwvhtd3co6a,2026-02-01T00:00:00Z/2026-03-01T00:00:00Z,,"Amazon Web Services, Inc.",AWS,Anniversary,595673262386,2026-02-01T00:00:00Z,2026-03-01T00:00:00Z,353545917793,Usage,2026-02-02T07:00:00Z,2026-02-02T08:00:00Z,AmazonS3,Requests-Tier2,ReadLogProps,,clamvetesting,1.0000000000,,,USD,0.0000004000,0.0000004000,0.0000003585,0.0000003585,"$0.004 per 10,000 GET and all other requests",,"Amazon Web Services, Inc.",Amazon Simple Storage Service,,,,,,,,,,,,,,,,,,,,,,,,,,,,,,S3-API-Tier2,GET and all other requests,,,,,,,,,US East (N. Virginia),AWS Region,,,,,,,,,,,,,,,,,,,,API Request,,,,us-east-1,us-east-1,,,,,AmazonS3,Amazon Simple Storage Service,ZWQ6Q48CRJXX4FXE,,,,,,,,,,,Requests-Tier2,,,,,,ZWQ6Q48CRJXX4FXE.JRTCKXETXF.6YS6EN2CT7,327192947436,USD,0.0000004000,0.0000004000,OnDemand,Requests,,,,,,,,,,21100991763,,,,,,,,,,,,,,,
kodu6tx4ye6hb5d27d3v4cwi4etsqf35dcdq36tqnp5i6r6awtda,2026-02-01T00:00:00Z/2026-03-01T00:00:00Z,,"Amazon Web Services, Inc.",AWS,Anniversary,595673262386,2026-02-01T00:00:00Z,2026-03-01T00:00:00Z,353545917793,Usage,2026-02-02T07:00:00Z,2026-02-02T08:00:00Z,AmazonS3,Requests-Tier2,ReadLogProps,,s3stack-userfileuploadbucket259f036a-chaih9c8simy,1.0000000000,,,USD,0.0000004000,0.0000004000,0.0000003585,0.0000003585,"$0.004 per 10,000 GET and all other requests",,"Amazon Web Services, Inc.",Amazon Simple Storage Service,,,,,,,,,,,,,,,,,,,,,,,,,,,,,,S3-API-Tier2,GET and all other requests,,,,,,,,,US East (N. Virginia),AWS Region,,,,,,,,,,,,,,,,,,,,API Request,,,,us-east-1,us-east-1,,,,,AmazonS3,Amazon Simple Storage Service,ZWQ6Q48CRJXX4FXE,,,,,,,,,,,Requests-Tier2,,,,,,ZWQ6Q48CRJXX4FXE.JRTCKXETXF.6YS6EN2CT7,327192947436,USD,0.0000004000,0.0000004000,OnDemand,Requests,,,,,,,,,,21100991763,,,,,,,,,,,,,,,
aenmwwape5olkwcrp66eztls7iciklsbr5c4u4uj7svbxggss63q,2026-02-01T00:00:00Z/2026-03-01T00:00:00Z,,"Amazon Web Services, Inc.",AWS,Anniversary,595673262386,2026-02-01T00:00:00Z,2026-03-01T00:00:00Z,353545917793,Usage,2026-02-02T07:00:00Z,2026-02-02T08:00:00Z,AmazonS3,Requests-Tier2,ReadLogProps,,s3stack-userfileuploadbucket259f036a-cvai8i4ebi48,1.0000000000,,,USD,0.0000004000,0.0000004000,0.0000003585,0.0000003585,"$0.004 per 10,000 GET and all other requests",,"Amazon Web Services, Inc.",Amazon Simple Storage Service,,,,,,,,,,,,,,,,,,,,,,,,,,,,,,S3-API-Tier2,GET and all other requests,,,,,,,,,US East (N. Virginia),AWS Region,,,,,,,,,,,,,,,,,,,,API Request,,,,us-east-1,us-east-1,,,,,AmazonS3,Amazon Simple Storage Service,ZWQ6Q48CRJXX4FXE,,,,,,,,,,,Requests-Tier2,,,,,,ZWQ6Q48CRJXX4FXE.JRTCKXETXF.6YS6EN2CT7,327192947436,USD,0.0000004000,0.0000004000,OnDemand,Requests,,,,,,,,,,21100991763,,,,,,,,,,,,,,,
l7ge4quv3notwj274czrto35jykj52fpvhzn3gmgtqxhzlbkcg2q,2026-02-01T00:00:00Z/2026-03-01T00:00:00Z,,"Amazon Web Services, Inc.",AWS,Anniversary,595673262386,2026-02-01T00:00:00Z,2026-03-01T00:00:00Z,353545917793,Usage,2026-02-02T07:00:00Z,2026-02-02T08:00:00Z,AmazonS3,Requests-Tier2,ReadLogProps,,s3stack-userfileuploadbucket259f036a-t2pshphenoat,1.0000000000,,,USD,0.0000004000,0.0000004000,0.0000003585,0.0000003585,"$0.004 per 10,000 GET and all other requests",,"Amazon Web Services, Inc.",Amazon Simple Storage Service,,,,,,,,,,,,,,,,,,,,,,,,,,,,,,S3-API-Tier2,GET and all other requests,,,,,,,,,US East (N. Virginia),AWS Region,,,,,,,,,,,,,,,,,,,,API Request,,,,us-east-1,us-east-1,,,,,AmazonS3,Amazon Simple Storage Service,ZWQ6Q48CRJXX4FXE,,,,,,,,,,,Requests-Tier2,,,,,,ZWQ6Q48CRJXX4FXE.JRTCKXETXF.6YS6EN2CT7,327192947436,USD,0.0000004000,0.0000004000,OnDemand,Requests,,,,,,,,,,21100991763,,,,,,,,,,,,,,,
ulxhxfqjkrn4xwtyqe6h5y27m2acrabbz7vyilf2ffqtffia252q,2026-02-01T00:00:00Z/2026-03-01T00:00:00Z,,"Amazon Web Services, Inc.",AWS,Anniversary,595673262386,2026-02-01T00:00:00Z,2026-03-01T00:00:00Z,353545917793,Usage,2026-02-02T07:00:00Z,2026-02-02T08:00:00Z,AmazonS3,Requests-Tier2,ReadLogProps,,s3stack-userfileuploadbucketprod5670d977-0jbwxg2hpndi,1.0000000000,,,USD,0.0000004000,0.0000004000,0.0000003585,0.0000003585,"$0.004 per 10,000 GET and all other requests",,"Amazon Web Services, Inc.",Amazon Simple Storage Service,,,,,,,,,,,,,,,,,,,,,,,,,,,,,,S3-API-Tier2,GET and all other requests,,,,,,,,,US East (N. Virginia),AWS Region,,,,,,,,,,,,,,,,,,,,API Request,,,,us-east-1,us-east-1,,,,,AmazonS3,Amazon Simple Storage Service,ZWQ6Q48CRJXX4FXE,,,,,,,,,,,Requests-Tier2,,,,,,ZWQ6Q48CRJXX4FXE.JRTCKXETXF.6YS6EN2CT7,327192947436,USD,0.0000004000,0.0000004000,OnDemand,Requests,,,,,,,,,,21100991763,,,,,,,,,,,,,,,
y6dmvsrt26iqe7raxvk26nzccdgxk5jn3tfxebzz77rvy5nszjjq,2026-02-01T00:00:00Z/2026-03-01T00:00:00Z,,"Amazon Web Services, Inc.",AWS,Anniversary,595673262386,2026-02-01T00:00:00Z,2026-03-01T00:00:00Z,353545917793,Usage,2026-02-02T07:00:00Z,2026-02-02T08:00:00Z,AmazonS3,Requests-Tier2,ReadLogProps,,s3stack-userfileuploadbucketprod5670d977-ecza5r7vv7rq,1.0000000000,,,USD,0.0000004000,0.0000004000,0.0000003585,0.0000003585,"$0.004 per 10,000 GET and all other requests",,"Amazon Web Services, Inc.",Amazon Simple Storage Service,,,,,,,,,,,,,,,,,,,,,,,,,,,,,,S3-API-Tier2,GET and all other requests,,,,,,,,,US East (N. Virginia),AWS Region,,,,,,,,,,,,,,,,,,,,API Request,,,,us-east-1,us-east-1,,,,,AmazonS3,Amazon Simple Storage Service,ZWQ6Q48CRJXX4FXE,,,,,,,,,,,Requests-Tier2,,,,,,ZWQ6Q48CRJXX4FXE.JRTCKXETXF.6YS6EN2CT7,327192947436,USD,0.0000004000,0.0000004000,OnDemand,Requests,,,,,,,,,,21100991763,,,,,,,,,,,,,,,
otgzvhnqslv2clvlmwxbeo6pf7d7qurrmhzfhxdofsvgr35rqn3a,2026-02-01T00:00:00Z/2026-03-01T00:00:00Z,,"Amazon Web Services, Inc.",AWS,Anniversary,595673262386,2026-02-01T00:00:00Z,2026-03-01T00:00:00Z,353545917793,Usage,2026-02-02T07:00:00Z,2026-02-02T08:00:00Z,AmazonS3,Requests-Tier2,ReadLogProps,,s3stack-userfileuploadbucketprod5670d977-iprqpeeueqvb,1.0000000000,,,USD,0.0000004000,0.0000004000,0.0000003585,0.0000003585,"$0.004 per 10,000 GET and all other requests",,"Amazon Web Services, Inc.",Amazon Simple Storage Service,,,,,,,,,,,,,,,,,,,,,,,,,,,,,,S3-API-Tier2,GET and all other requests,,,,,,,,,US East (N. Virginia),AWS Region,,,,,,,,,,,,,,,,,,,,API Request,,,,us-east-1,us-east-1,,,,,AmazonS3,Amazon Simple Storage Service,ZWQ6Q48CRJXX4FXE,,,,,,,,,,,Requests-Tier2,,,,,,ZWQ6Q48CRJXX4FXE.JRTCKXETXF.6YS6EN2CT7,327192947436,USD,0.0000004000,0.0000004000,OnDemand,Requests,,,,,,,,,,21100991763,,,,,,,,,,,,,,,
6gshmzkfyta6j7lcyptcvput67hc5c2qtgsiv3vnyijovqckathq,2026-02-01T00:00:00Z/2026-03-01T00:00:00Z,,"Amazon Web Services, Inc.",AWS,Anniversary,595673262386,2026-02-01T00:00:00Z,2026-03-01T00:00:00Z,353545917793,Usage,2026-02-02T07:00:00Z,2026-02-02T08:00:00Z,AmazonS3,Requests-Tier2,ReadLogProps,,s3stack-userfileuploadbucketuat0d968125-kwupvued1h9p,1.0000000000,,,USD,0.0000004000,0.0000004000,0.0000003585,0.0000003585,"$0.004 per 10,000 GET and all other requests",,"Amazon Web Services, Inc.",Amazon Simple Storage Service,,,,,,,,,,,,,,,,,,,,,,,,,,,,,,S3-API-Tier2,GET and all other requests,,,,,,,,,US East (N. Virginia),AWS Region,,,,,,,,,,,,,,,,,,,,API Request,,,,us-east-1,us-east-1,,,,,AmazonS3,Amazon Simple Storage Service,ZWQ6Q48CRJXX4FXE,,,,,,,,,,,Requests-Tier2,,,,,,ZWQ6Q48CRJXX4FXE.JRTCKXETXF.6YS6EN2CT7,327192947436,USD,0.0000004000,0.0000004000,OnDemand,Requests,,,,,,,,,,21100991763,,,,,,,,,,,,,,,
qz3h3exd6rjlddvd6s4yuuhu6rifejherh3yrtxw7oigiobpg3aa,2026-02-01T00:00:00Z/2026-03-01T00:00:00Z,,"Amazon Web Services, Inc.",AWS,Anniversary,595673262386,2026-02-01T00:00:00Z,2026-03-01T00:00:00Z,353545917793,Usage,2026-02-02T07:00:00Z,2026-02-02T08:00:00Z,AmazonS3,Requests-Tier2,ReadLogProps,,s3stack-userfileuploadbucketuat0d968125-m711acws3g6k,1.0000000000,,,USD,0.0000004000,0.0000004000,0.0000003585,0.0000003585,"$0.004 per 10,000 GET and all other requests",,"Amazon Web Services, Inc.",Amazon Simple Storage Service,,,,,,,,,,,,,,,,,,,,,,,,,,,,,,S3-API-Tier2,GET and all other requests,,,,,,,,,US East (N. Virginia),AWS Region,,,,,,,,,,,,,,,,,,,,API Request,,,,us-east-1,us-east-1,,,,,AmazonS3,Amazon Simple Storage Service,ZWQ6Q48CRJXX4FXE,,,,,,,,,,,Requests-Tier2,,,,,,ZWQ6Q48CRJXX4FXE.JRTCKXETXF.6YS6EN2CT7,327192947436,USD,0.0000004000,0.0000004000,OnDemand,Requests,,,,,,,,,,21100991763,,,,,,,,,,,,,,,
pnvslk7gsbqpviuurgobwgodg35cxeflau72owevldmumxocatgq,2026-02-01T00:00:00Z/2026-03-01T00:00:00Z,,"Amazon Web Services, Inc.",AWS,Anniversary,595673262386,2026-02-01T00:00:00Z,2026-03-01T00:00:00Z,353545917793,Usage,2026-02-02T07:00:00Z,2026-02-02T08:00:00Z,AmazonS3,Requests-Tier2,ReadLogProps,,s3stack-userfileuploadbucketuat0d968125-qm7hoipk0grv,1.0000000000,,,USD,0.0000004000,0.0000004000,0.0000003585,0.0000003585,"$0.004 per 10,000 GET and all other requests",,"Amazon Web Services, Inc.",Amazon Simple Storage Service,,,,,,,,,,,,,,,,,,,,,,,,,,,,,,S3-API-Tier2,GET and all other requests,,,,,,,,,US East (N. Virginia),AWS Region,,,,,,,,,,,,,,,,,,,,API Request,,,,us-east-1,us-east-1,,,,,AmazonS3,Amazon Simple Storage Service,ZWQ6Q48CRJXX4FXE,,,,,,,,,,,Requests-Tier2,,,,,,ZWQ6Q48CRJXX4FXE.JRTCKXETXF.6YS6EN2CT7,327192947436,USD,0.0000004000,0.0000004000,OnDemand,Requests,,,,,,,,,,21100991763,,,,,,,,,,,,,,,
cxyqmxmps6ye2mb67ropwrzx5hnhlcdif6dqbn6p7ozyxnv42h5a,2026-02-01T00:00:00Z/2026-03-01T00:00:00Z,,"Amazon Web Services, Inc.",AWS,Anniversary,595673262386,2026-02-01T00:00:00Z,2026-03-01T00:00:00Z,353545917793,Usage,2026-02-01T07:00:00Z,2026-02-02T08:00:00Z,AmazonCloudWatch,USE1-TimedStorage-ByteHrs,HourlyStorageMetering,,arn:aws:logs:us-east-1:353545917793:log-group:/aws/lambda/EC2PipelineStack-CustomS3AutoDeleteObjectsCustomRe-lJYCt0acMcow,0.0000001618,,,USD,0.0000000000,0.0000000000,0.0000000000,0.0000000000,First 5GB-mo per month of logs storage is free.,,"Amazon Web Services, Inc.",AmazonCloudWatch,,,,,,,,,,,,,,,,,,,,,,,,,,,,,,,,,,,,,,,,US East (N. Virginia),AWS Region,,,,,,,,,,,,,,,,,,,,Storage Snapshot,,,,us-east-1,us-east-1,,,,,AmazonCloudWatch,AmazonCloudWatch,6K9ADYQAHV5KX9KZ,,,Amazon S3,,,,,,,,USE1-TimedStorage-ByteHrs,,Current,,,,6K9ADYQAHV5KX9KZ.A429C66SYZ.6YS6EN2CT7,313536233452,USD,0.0000000049,0.0300000000,,GB-Mo,,,,,,,,,,21100991796,,,,,,,,,,,,,,,
kyhldlefjtd7rk7qv7t5jt6vbfivl5d6l6va6iavmwh7nli42fra,2026-02-01T00:00:00Z/2026-03-01T00:00:00Z,,"Amazon Web Services, Inc.",AWS,Anniversary,595673262386,2026-02-01T00:00:00Z,2026-03-01T00:00:00Z,353545917793,Usage,2026-02-01T07:00:00Z,2026-02-02T08:00:00Z,AmazonCloudWatch,USE1-TimedStorage-ByteHrs,HourlyStorageMetering,,arn:aws:logs:us-east-1:353545917793:log-group:/aws/lambda/EC2PipelineStack-CustomS3AutoDeleteObjectsCustomRe-wwEDLAqe0JVH,0.0000001346,,,USD,0.0000000000,0.0000000000,0.0000000000,0.0000000000,First 5GB-mo per month of logs storage is free.,,"Amazon Web Services, Inc.",AmazonCloudWatch,,,,,,,,,,,,,,,,,,,,,,,,,,,,,,,,,,,,,,,,US East (N. Virginia),AWS Region,,,,,,,,,,,,,,,,,,,,Storage Snapshot,,,,us-east-1,us-east-1,,,,,AmazonCloudWatch,AmazonCloudWatch,6K9ADYQAHV5KX9KZ,,,Amazon S3,,,,,,,,USE1-TimedStorage-ByteHrs,,Current,,,,6K9ADYQAHV5KX9KZ.A429C66SYZ.6YS6EN2CT7,313536233452,USD,0.0000000040,0.0300000000,,GB-Mo,,,,,,,,,,21100991796,,,,,,,,,,,,,,,
yorz24h4f6zucvfrqq6zgso2d72hgkoqjzgangnwslnb6a6hlzja,2026-02-01T00:00:00Z/2026-03-01T00:00:00Z,,"Amazon Web Services, Inc.",AWS,Anniversary,595673262386,2026-02-01T00:00:00Z,2026-03-01T00:00:00Z,353545917793,Usage,2026-02-01T07:00:00Z,2026-02-02T08:00:00Z,AmazonCloudWatch,USE1-TimedStorage-ByteHrs,HourlyStorageMetering,,arn:aws:logs:us-east-1:353545917793:log-group:/aws/lambda/cms-complaint-analyzer,0.0000047570,,,USD,0.0000000000,0.0000000000,0.0000000000,0.0000000000,First 5GB-mo per month of logs storage is free.,,"Amazon Web Services, Inc.",AmazonCloudWatch,,,,,,,,,,,,,,,,,,,,,,,,,,,,,,,,,,,,,,,,US East (N. Virginia),AWS Region,,,,,,,,,,,,,,,,,,,,Storage Snapshot,,,,us-east-1,us-east-1,,,,,AmazonCloudWatch,AmazonCloudWatch,6K9ADYQAHV5KX9KZ,,,Amazon S3,,,,,,,,USE1-TimedStorage-ByteHrs,,Current,,,,6K9ADYQAHV5KX9KZ.A429C66SYZ.6YS6EN2CT7,313536233452,USD,0.0000001427,0.0300000000,,GB-Mo,,,,,,,,,,21100991796,,,,,,,,,,,,,,,
2b44nhj2yvqy2gbgykv2bjttm377axhuy6gs3gsqrsud7xn5yunq,2026-02-01T00:00:00Z/2026-03-01T00:00:00Z,,"Amazon Web Services, Inc.",AWS,Anniversary,595673262386,2026-02-01T00:00:00Z,2026-03-01T00:00:00Z,353545917793,Usage,2026-02-01T07:00:00Z,2026-02-02T08:00:00Z,AmazonCloudWatch,USE1-TimedStorage-ByteHrs,HourlyStorageMetering,,arn:aws:logs:us-east-1:353545917793:log-group:/aws/lambda/complaint-ai-lambda,0.0000006140,,,USD,0.0000000000,0.0000000000,0.0000000000,0.0000000000,First 5GB-mo per month of logs storage is free.,,"Amazon Web Services, Inc.",AmazonCloudWatch,,,,,,,,,,,,,,,,,,,,,,,,,,,,,,,,,,,,,,,,US East (N. Virginia),AWS Region,,,,,,,,,,,,,,,,,,,,Storage Snapshot,,,,us-east-1,us-east-1,,,,,AmazonCloudWatch,AmazonCloudWatch,6K9ADYQAHV5KX9KZ,,,Amazon S3,,,,,,,,USE1-TimedStorage-ByteHrs,,Current,,,,6K9ADYQAHV5KX9KZ.A429C66SYZ.6YS6EN2CT7,313536233452,USD,0.0000000184,0.0300000000,,GB-Mo,,,,,,,,,,21100991796,,,,,,,,,,,,,,,
uauhztsnvbsbxd4zlh757cgzhg3mbqtw7kaihnu5wuwqbj7lkrxq,2026-02-01T00:00:00Z/2026-03-01T00:00:00Z,,"Amazon Web Services, Inc.",AWS,Anniversary,595673262386,2026-02-01T00:00:00Z,2026-03-01T00:00:00Z,353545917793,Usage,2026-02-01T07:00:00Z,2026-02-02T08:00:00Z,AmazonCloudWatch,USE1-TimedStorage-ByteHrs,HourlyStorageMetering,,arn:aws:logs:us-east-1:353545917793:log-group:/aws/lambda/sindh-complaint,0.0000035110,,,USD,0.0000000000,0.0000000000,0.0000000000,0.0000000000,First 5GB-mo per month of logs storage is free.,,"Amazon Web Services, Inc.",AmazonCloudWatch,,,,,,,,,,,,,,,,,,,,,,,,,,,,,,,,,,,,,,,,US East (N. Virginia),AWS Region,,,,,,,,,,,,,,,,,,,,Storage Snapshot,,,,us-east-1,us-east-1,,,,,AmazonCloudWatch,AmazonCloudWatch,6K9ADYQAHV5KX9KZ,,,Amazon S3,,,,,,,,USE1-TimedStorage-ByteHrs,,Current,,,,6K9ADYQAHV5KX9KZ.A429C66SYZ.6YS6EN2CT7,313536233452,USD,0.0000001053,0.0300000000,,GB-Mo,,,,,,,,,,21100991796,,,,,,,,,,,,,,,
7dq5wufhbiszmiym4aktxsjqk7ktk5rqao3txriqjuj3nrc4yoza,2026-02-01T00:00:00Z/2026-03-01T00:00:00Z,,"Amazon Web Services, Inc.",AWS,Anniversary,595673262386,2026-02-01T00:00:00Z,2026-03-01T00:00:00Z,353545917793,Usage,2026-02-01T07:00:00Z,2026-02-02T08:00:00Z,AmazonCloudWatch,USE1-TimedStorage-ByteHrs,HourlyStorageMetering,,arn:aws:logs:us-east-1:353545917793:log-group:/aws/lambda/tes,0.0000000296,,,USD,0.0000000000,0.0000000000,0.0000000000,0.0000000000,First 5GB-mo per month of logs storage is free.,,"Amazon Web Services, Inc.",AmazonCloudWatch,,,,,,,,,,,,,,,,,,,,,,,,,,,,,,,,,,,,,,,,US East (N. Virginia),AWS Region,,,,,,,,,,,,,,,,,,,,Storage Snapshot,,,,us-east-1,us-east-1,,,,,AmazonCloudWatch,AmazonCloudWatch,6K9ADYQAHV5KX9KZ,,,Amazon S3,,,,,,,,USE1-TimedStorage-ByteHrs,,Current,,,,6K9ADYQAHV5KX9KZ.A429C66SYZ.6YS6EN2CT7,313536233452,USD,0.0000000009,0.0300000000,,GB-Mo,,,,,,,,,,21100991796,,,,,,,,,,,,,,,
yjla5wdta3vhuq7gkkst2t6absxspymkdq72nj7gt4d5q3pzyb4a,2026-02-01T00:00:00Z/2026-03-01T00:00:00Z,,"Amazon Web Services, Inc.",AWS,Anniversary,595673262386,2026-02-01T00:00:00Z,2026-03-01T00:00:00Z,353545917793,Usage,2026-02-01T23:00:00Z,2026-02-02T00:00:00Z,AmazonEC2,EBS:SnapshotUsage,CreateSnapshot,,arn:aws:ec2:us-east-1:353545917793:snapshot/snap-0167d15050308de78,0.0569893973,,,USD,0.0500000000,0.0028494699,0.0228335639,0.0013012710,$0.05 per GB-Month of snapshot data stored - US East (Northern Virginia),,"Amazon Web Services, Inc.",Amazon Elastic Compute Cloud,,,,,,,,,,,,,,,,,,,,,,,,,,,,,,,,,,,,,,,,US East (N. Virginia),AWS Region,,,,,,,,,,,,,,,,,,,,Storage Snapshot,,,,us-east-1,us-east-1,,,,,AmazonEC2,Amazon Elastic Compute Cloud,7U7TWP44UP36AT3R,,,Amazon S3,,,,,,,,EBS:SnapshotUsage,,,,,,7U7TWP44UP36AT3R.JRTCKXETXF.6YS6EN2CT7,360948451763,USD,0.0028494699,0.0500000000,OnDemand,GB-Mo,,,,,,,,,,21100991764,,,,,,,,,,,,,,,
wyfwq6pwjtgeww3bvn74nw3hweaddovniblut5obomeq357jxfha,2026-02-01T00:00:00Z/2026-03-01T00:00:00Z,,"Amazon Web Services, Inc.",AWS,Anniversary,595673262386,2026-02-01T00:00:00Z,2026-03-01T00:00:00Z,353545917793,Usage,2026-02-01T23:00:00Z,2026-02-02T00:00:00Z,AmazonEC2,EBS:SnapshotUsage,CreateSnapshot,,arn:aws:ec2:us-east-1:353545917793:snapshot/snap-02fc00ce44b1cdab5,0.6425083705,,,USD,0.0500000000,0.0321254185,0.0228335639,0.0146707559,$0.05 per GB-Month of snapshot data stored - US East (Northern Virginia),,"Amazon Web Services, Inc.",Amazon Elastic Compute Cloud,,,,,,,,,,,,,,,,,,,,,,,,,,,,,,,,,,,,,,,,US East (N. Virginia),AWS Region,,,,,,,,,,,,,,,,,,,,Storage Snapshot,,,,us-east-1,us-east-1,,,,,AmazonEC2,Amazon Elastic Compute Cloud,7U7TWP44UP36AT3R,,,Amazon S3,,,,,,,,EBS:SnapshotUsage,,,,,,7U7TWP44UP36AT3R.JRTCKXETXF.6YS6EN2CT7,360948451763,USD,0.0321254185,0.0500000000,OnDemand,GB-Mo,,,,,,,,,,21100991764,,,,,,,,,,,,,,,
u2qiubfltir5jde4rctwoftgn4ok7yr53zu5vudifxrpzkmmz4ia,2026-02-01T00:00:00Z/2026-03-01T00:00:00Z,,"Amazon Web Services, Inc.",AWS,Anniversary,595673262386,2026-02-01T00:00:00Z,2026-03-01T00:00:00Z,353545917793,Usage,2026-02-01T23:00:00Z,2026-02-02T00:00:00Z,AmazonEC2,EBS:SnapshotUsage,CreateSnapshot,,arn:aws:ec2:us-east-1:353545917793:snapshot/snap-0dd9a077055f57db0,0.0554373605,,,USD,0.0500000000,0.0027718680,0.0228335639,0.0012658325,$0.05 per GB-Month of snapshot data stored - US East (Northern Virginia),,"Amazon Web Services, Inc.",Amazon Elastic Compute Cloud,,,,,,,,,,,,,,,,,,,,,,,,,,,,,,,,,,,,,,,,US East (N. Virginia),AWS Region,,,,,,,,,,,,,,,,,,,,Storage Snapshot,,,,us-east-1,us-east-1,,,,,AmazonEC2,Amazon Elastic Compute Cloud,7U7TWP44UP36AT3R,,,Amazon S3,,,,,,,,EBS:SnapshotUsage,,,,,,7U7TWP44UP36AT3R.JRTCKXETXF.6YS6EN2CT7,360948451763,USD,0.0027718680,0.0500000000,OnDemand,GB-Mo,,,,,,,,,,21100991764,,,,,,,,,,,,,,,
vfy2u6cn5c2lmd5zvzkp75mmju4hdpyssglqjmifu4n74lxoolwq,2026-02-01T00:00:00Z/2026-03-01T00:00:00Z,,"Amazon Web Services, Inc.",AWS,Anniversary,595673262386,2026-02-01T00:00:00Z,2026-03-01T00:00:00Z,353545917793,Usage,2026-02-01T23:00:00Z,2026-02-02T00:00:00Z,AmazonEC2,USW2-EBS:SnapshotUsage,CreateSnapshot,,arn:aws:ec2:us-west-2:353545917793:snapshot/snap-02bc8f04b2738dd9c,0.2857142857,,,USD,0.0500000000,0.0142857143,0.0500000000,0.0142857143,$0.05 per GB-Month of snapshot data stored - US West (Oregon),,"Amazon Web Services, Inc.",Amazon Elastic Compute Cloud,,,,,,,,,,,,,,,,,,,,,,,,,,,,,,,,,,,,,,,,US West (Oregon),AWS Region,,,,,,,,,,,,,,,,,,,,Storage Snapshot,,,,us-west-2,us-west-2,,,,,AmazonEC2,Amazon Elastic Compute Cloud,CNYETXBBP73CTYPG,,,Amazon S3,,,,,,,,USW2-EBS:SnapshotUsage,,,,,,CNYETXBBP73CTYPG.JRTCKXETXF.6YS6EN2CT7,360949057286,USD,0.0142857143,0.0500000000,OnDemand,GB-Mo,,,,,,,,,,21100991764,,,,,,,,,,,,,,,
6k4zuwszme35ldxs6trzrtzbg7vokktwkt5ipszwh665oiksmq2q,2026-02-01T00:00:00Z/2026-03-01T00:00:00Z,,"Amazon Web Services, Inc.",AWS,Anniversary,595673262386,2026-02-01T00:00:00Z,2026-03-01T00:00:00Z,353545917793,Usage,2026-02-01T23:00:00Z,2026-02-02T00:00:00Z,AmazonEC2,USW2-EBS:SnapshotUsage,CreateSnapshot,,arn:aws:ec2:us-west-2:353545917793:snapshot/snap-02c1a272af96e7dfe,0.0554373605,,,USD,0.0500000000,0.0027718680,0.0500000000,0.0027718680,$0.05 per GB-Month of snapshot data stored - US West (Oregon),,"Amazon Web Services, Inc.",Amazon Elastic Compute Cloud,,,,,,,,,,,,,,,,,,,,,,,,,,,,,,,,,,,,,,,,US West (Oregon),AWS Region,,,,,,,,,,,,,,,,,,,,Storage Snapshot,,,,us-west-2,us-west-2,,,,,AmazonEC2,Amazon Elastic Compute Cloud,CNYETXBBP73CTYPG,,,Amazon S3,,,,,,,,USW2-EBS:SnapshotUsage,,,,,,CNYETXBBP73CTYPG.JRTCKXETXF.6YS6EN2CT7,360949057286,USD,0.0027718680,0.0500000000,OnDemand,GB-Mo,,,,,,,,,,21100991764,,,,,,,,,,,,,,,
fodx2e6io3jyhz2iu7b42e3jrgpuxzij32hademm7pekqgvtczna,2026-02-01T00:00:00Z/2026-03-01T00:00:00Z,,"Amazon Web Services, Inc.",AWS,Anniversary,595673262386,2026-02-01T00:00:00Z,2026-03-01T00:00:00Z,353545917793,Usage,2026-02-01T23:00:00Z,2026-02-02T00:00:00Z,AmazonEC2,USW2-EBS:SnapshotUsage,CreateSnapshot,,arn:aws:ec2:us-west-2:353545917793:snapshot/snap-05d6160e1a55f88b2,0.0596923828,,,USD,0.0500000000,0.0029846191,0.0500000000,0.0029846191,$0.05 per GB-Month of snapshot data stored - US West (Oregon),,"Amazon Web Services, Inc.",Amazon Elastic Compute Cloud,,,,,,,,,,,,,,,,,,,,,,,,,,,,,,,,,,,,,,,,US West (Oregon),AWS Region,,,,,,,,,,,,,,,,,,,,Storage Snapshot,,,,us-west-2,us-west-2,,,,,AmazonEC2,Amazon Elastic Compute Cloud,CNYETXBBP73CTYPG,,,Amazon S3,,,,,,,,USW2-EBS:SnapshotUsage,,,,,,CNYETXBBP73CTYPG.JRTCKXETXF.6YS6EN2CT7,360949057286,USD,0.0029846191,0.0500000000,OnDemand,GB-Mo,,,,,,,,,,21100991764,,,,,,,,,,,,,,,
kd3xa5tlwjw6ef5flbnegdw7u2vbahe5cwh46icz4gdfypzdlebq,2026-02-01T00:00:00Z/2026-03-01T00:00:00Z,,"Amazon Web Services, Inc.",AWS,Anniversary,595673262386,2026-02-01T00:00:00Z,2026-03-01T00:00:00Z,353545917793,Usage,2026-02-01T23:00:00Z,2026-02-02T00:00:00Z,AmazonEC2,USW2-EBS:SnapshotUsage,CreateSnapshot,,arn:aws:ec2:us-west-2:353545917793:snapshot/snap-074fdb352d0d6b1a1,0.0755266462,,,USD,0.0500000000,0.0037763323,0.0500000000,0.0037763323,$0.05 per GB-Month of snapshot data stored - US West (Oregon),,"Amazon Web Services, Inc.",Amazon Elastic Compute Cloud,,,,,,,,,,,,,,,,,,,,,,,,,,,,,,,,,,,,,,,,US West (Oregon),AWS Region,,,,,,,,,,,,,,,,,,,,Storage Snapshot,,,,us-west-2,us-west-2,,,,,AmazonEC2,Amazon Elastic Compute Cloud,CNYETXBBP73CTYPG,,,Amazon S3,,,,,,,,USW2-EBS:SnapshotUsage,,,,,,CNYETXBBP73CTYPG.JRTCKXETXF.6YS6EN2CT7,360949057286,USD,0.0037763323,0.0500000000,OnDemand,GB-Mo,,,,,,,,,,21100991764,,,,,,,,,,,,,,,
4dgv55shr75myuvgbg2u6mqnqiv3pvhhad5i5sokdou2vzhug3kq,2026-02-01T00:00:00Z/2026-03-01T00:00:00Z,,"Amazon Web Services, Inc.",AWS,Anniversary,595673262386,2026-02-01T00:00:00Z,2026-03-01T00:00:00Z,353545917793,Usage,2026-02-01T23:00:00Z,2026-02-02T00:00:00Z,AmazonEC2,USW2-EBS:SnapshotUsage,CreateSnapshot,,arn:aws:ec2:us-west-2:353545917793:snapshot/snap-0768f840254535506,0.0246582031,,,USD,0.0500000000,0.0012329102,0.0500000000,0.0012329102,$0.05 per GB-Month of snapshot data stored - US West (Oregon),,"Amazon Web Services, Inc.",Amazon Elastic Compute Cloud,,,,,,,,,,,,,,,,,,,,,,,,,,,,,,,,,,,,,,,,US West (Oregon),AWS Region,,,,,,,,,,,,,,,,,,,,Storage Snapshot,,,,us-west-2,us-west-2,,,,,AmazonEC2,Amazon Elastic Compute Cloud,CNYETXBBP73CTYPG,,,Amazon S3,,,,,,,,USW2-EBS:SnapshotUsage,,,,,,CNYETXBBP73CTYPG.JRTCKXETXF.6YS6EN2CT7,360949057286,USD,0.0012329102,0.0500000000,OnDemand,GB-Mo,,,,,,,,,,21100991764,,,,,,,,,,,,,,,
hcxskojxafnjcjmusxwfrki7qqktl7feueczh4rq6qsrrggqm2qq,2026-02-01T00:00:00Z/2026-03-01T00:00:00Z,,"Amazon Web Services, Inc.",AWS,Anniversary,595673262386,2026-02-01T00:00:00Z,2026-03-01T00:00:00Z,353545917793,Usage,2026-02-01T23:00:00Z,2026-02-02T00:00:00Z,AmazonEC2,USW2-EBS:SnapshotUsage,CreateSnapshot,,arn:aws:ec2:us-west-2:353545917793:snapshot/snap-083439d0f2ca5f2d0,0.6425083705,,,USD,0.0500000000,0.0321254185,0.0500000000,0.0321254185,$0.05 per GB-Month of snapshot data stored - US West (Oregon),,"Amazon Web Services, Inc.",Amazon Elastic Compute Cloud,,,,,,,,,,,,,,,,,,,,,,,,,,,,,,,,,,,,,,,,US West (Oregon),AWS Region,,,,,,,,,,,,,,,,,,,,Storage Snapshot,,,,us-west-2,us-west-2,,,,,AmazonEC2,Amazon Elastic Compute Cloud,CNYETXBBP73CTYPG,,,Amazon S3,,,,,,,,USW2-EBS:SnapshotUsage,,,,,,CNYETXBBP73CTYPG.JRTCKXETXF.6YS6EN2CT7,360949057286,USD,0.0321254185,0.0500000000,OnDemand,GB-Mo,,,,,,,,,,21100991764,,,,,,,,,,,,,,,
ybuxsayxwqpfha5giwurj7wv4rzt5x2ojgtidj4vg2xqmvp5muia,2026-02-01T00:00:00Z/2026-03-01T00:00:00Z,,"Amazon Web Services, Inc.",AWS,Anniversary,595673262386,2026-02-01T00:00:00Z,2026-03-01T00:00:00Z,353545917793,Usage,2026-02-01T23:00:00Z,2026-02-02T00:00:00Z,AmazonEC2,USW2-EBS:SnapshotUsage,CreateSnapshot,,arn:aws:ec2:us-west-2:353545917793:snapshot/snap-092cf86c99c553603,0.0106724330,,,USD,0.0500000000,0.0005336217,0.0500000000,0.0005336217,$0.05 per GB-Month of snapshot data stored - US West (Oregon),,"Amazon Web Services, Inc.",Amazon Elastic Compute Cloud,,,,,,,,,,,,,,,,,,,,,,,,,,,,,,,,,,,,,,,,US West (Oregon),AWS Region,,,,,,,,,,,,,,,,,,,,Storage Snapshot,,,,us-west-2,us-west-2,,,,,AmazonEC2,Amazon Elastic Compute Cloud,CNYETXBBP73CTYPG,,,Amazon S3,,,,,,,,USW2-EBS:SnapshotUsage,,,,,,CNYETXBBP73CTYPG.JRTCKXETXF.6YS6EN2CT7,360949057286,USD,0.0005336217,0.0500000000,OnDemand,GB-Mo,,,,,,,,,,21100991764,,,,,,,,,,,,,,,
mnq33zvx445k2rkst5auzloi4u4irprrtxmzpl7kq7ot27yt2pga,2026-02-01T00:00:00Z/2026-03-01T00:00:00Z,,"Amazon Web Services, Inc.",AWS,Anniversary,595673262386,2026-02-01T00:00:00Z,2026-03-01T00:00:00Z,353545917793,Usage,2026-02-01T23:00:00Z,2026-02-02T00:00:00Z,AmazonEC2,USW2-EBS:SnapshotUsage,CreateSnapshot,,arn:aws:ec2:us-west-2:353545917793:snapshot/snap-0971b5ce937fb69c9,0.1041782924,,,USD,0.0500000000,0.0052089146,0.0500000000,0.0052089146,$0.05 per GB-Month of snapshot data stored - US West (Oregon),,"Amazon Web Services, Inc.",Amazon Elastic Compute Cloud,,,,,,,,,,,,,,,,,,,,,,,,,,,,,,,,,,,,,,,,US West (Oregon),AWS Region,,,,,,,,,,,,,,,,,,,,Storage Snapshot,,,,us-west-2,us-west-2,,,,,AmazonEC2,Amazon Elastic Compute Cloud,CNYETXBBP73CTYPG,,,Amazon S3,,,,,,,,USW2-EBS:SnapshotUsage,,,,,,CNYETXBBP73CTYPG.JRTCKXETXF.6YS6EN2CT7,360949057286,USD,0.0052089146,0.0500000000,OnDemand,GB-Mo,,,,,,,,,,21100991764,,,,,,,,,,,,,,,
dbm5up2orgxebdkbrfkq6f34x7m2vnhtp6k3ybwccm2yvr5qf3nq,2026-02-01T00:00:00Z/2026-03-01T00:00:00Z,,"Amazon Web Services, Inc.",AWS,Anniversary,595673262386,2026-02-01T00:00:00Z,2026-03-01T00:00:00Z,353545917793,Usage,2026-02-01T23:00:00Z,2026-02-02T00:00:00Z,AmazonEC2,USW2-EBS:SnapshotUsage,CreateSnapshot,,arn:aws:ec2:us-west-2:353545917793:snapshot/snap-0d3ca89afc4f80fde,0.1168910435,,,USD,0.0500000000,0.0058445522,0.0500000000,0.0058445522,$0.05 per GB-Month of snapshot data stored - US West (Oregon),,"Amazon Web Services, Inc.",Amazon Elastic Compute Cloud,,,,,,,,,,,,,,,,,,,,,,,,,,,,,,,,,,,,,,,,US West (Oregon),AWS Region,,,,,,,,,,,,,,,,,,,,Storage Snapshot,,,,us-west-2,us-west-2,,,,,AmazonEC2,Amazon Elastic Compute Cloud,CNYETXBBP73CTYPG,,,Amazon S3,,,,,,,,USW2-EBS:SnapshotUsage,,,,,,CNYETXBBP73CTYPG.JRTCKXETXF.6YS6EN2CT7,360949057286,USD,0.0058445522,0.0500000000,OnDemand,GB-Mo,,,,,,,,,,21100991764,,,,,,,,,,,,,,,
x7zdg77rktsxrr3tegohywyb6dxmnevvevvqzpswowtm6v6q3x2a,2026-02-01T00:00:00Z/2026-03-01T00:00:00Z,,"Amazon Web Services, Inc.",AWS,Anniversary,595673262386,2026-02-01T00:00:00Z,2026-03-01T00:00:00Z,353545917793,Usage,2026-02-01T23:00:00Z,2026-02-02T00:00:00Z,AmazonEC2,USW2-EBS:SnapshotUsage,CreateSnapshot,,arn:aws:ec2:us-west-2:353545917793:snapshot/snap-0e4bb0980a61b0add,0.1284702846,,,USD,0.0500000000,0.0064235142,0.0500000000,0.0064235142,$0.05 per GB-Month of snapshot data stored - US West (Oregon),,"Amazon Web Services, Inc.",Amazon Elastic Compute Cloud,,,,,,,,,,,,,,,,,,,,,,,,,,,,,,,,,,,,,,,,US West (Oregon),AWS Region,,,,,,,,,,,,,,,,,,,,Storage Snapshot,,,,us-west-2,us-west-2,,,,,AmazonEC2,Amazon Elastic Compute Cloud,CNYETXBBP73CTYPG,,,Amazon S3,,,,,,,,USW2-EBS:SnapshotUsage,,,,,,CNYETXBBP73CTYPG.JRTCKXETXF.6YS6EN2CT7,360949057286,USD,0.0064235142,0.0500000000,OnDemand,GB-Mo,,,,,,,,,,21100991764,,,,,,,,,,,,,,,
fvewcnj5qwci27pcgjggasosclzjrpofqt3pcizbw23ixwmnlafq,2026-02-01T00:00:00Z/2026-03-01T00:00:00Z,,"Amazon Web Services, Inc.",AWS,Anniversary,595673262386,2026-02-01T00:00:00Z,2026-03-01T00:00:00Z,353545917793,Usage,2026-02-01T02:00:00Z,2026-02-02T03:00:00Z,AmazonCloudWatch,USW2-TimedStorage-ByteHrs,HourlyStorageMetering,,arn:aws:logs:us-west-2:353545917793:log-group:/aws/codebuild/BuildProject097C5DB7-dKHMlyWJAPEN,0.0000009038,,,USD,0.0000000000,0.0000000000,0.0000000000,0.0000000000,First 5GB-mo per month of logs storage is free.,,"Amazon Web Services, Inc.",AmazonCloudWatch,,,,,,,,,,,,,,,,,,,,,,,,,,,,,,,,,,,,,,,,US West (Oregon),AWS Region,,,,,,,,,,,,,,,,,,,,Storage Snapshot,,,,us-west-2,us-west-2,,,,,AmazonCloudWatch,AmazonCloudWatch,MN45SJANDTCPR9QA,,,Amazon S3,,,,,,,,USW2-TimedStorage-ByteHrs,,Current,,,,MN45SJANDTCPR9QA.A429C66SYZ.6YS6EN2CT7,313536233464,USD,0.0000000271,0.0300000000,,GB-Mo,,,,,,,,,,21100991796,,,,,,,,,,,,,,,
yrbinb32kcoltmi25rqgtwbnvrlmqch24uaysf63tli7swcx67eq,2026-02-01T00:00:00Z/2026-03-01T00:00:00Z,,"Amazon Web Services, Inc.",AWS,Anniversary,595673262386,2026-02-01T00:00:00Z,2026-03-01T00:00:00Z,353545917793,Usage,2026-02-01T02:00:00Z,2026-02-02T03:00:00Z,AmazonCloudWatch,USW2-TimedStorage-ByteHrs,HourlyStorageMetering,,arn:aws:logs:us-west-2:353545917793:log-group:/aws/codebuild/BuildProject097C5DB7-foCAG87TodRw,0.0000013508,,,USD,0.0000000000,0.0000000000,0.0000000000,0.0000000000,First 5GB-mo per month of logs storage is free.,,"Amazon Web Services, Inc.",AmazonCloudWatch,,,,,,,,,,,,,,,,,,,,,,,,,,,,,,,,,,,,,,,,US West (Oregon),AWS Region,,,,,,,,,,,,,,,,,,,,Storage Snapshot,,,,us-west-2,us-west-2,,,,,AmazonCloudWatch,AmazonCloudWatch,MN45SJANDTCPR9QA,,,Amazon S3,,,,,,,,USW2-TimedStorage-ByteHrs,,Current,,,,MN45SJANDTCPR9QA.A429C66SYZ.6YS6EN2CT7,313536233464,USD,0.0000000405,0.0300000000,,GB-Mo,,,,,,,,,,21100991796,,,,,,,,,,,,,,,
xy27i2xlqn26rr4bhkfmquhl6omlwu3vgkv562u2svc6am56ih2a,2026-02-01T00:00:00Z/2026-03-01T00:00:00Z,,"Amazon Web Services, Inc.",AWS,Anniversary,595673262386,2026-02-01T00:00:00Z,2026-03-01T00:00:00Z,353545917793,Usage,2026-02-01T02:00:00Z,2026-02-02T03:00:00Z,AmazonCloudWatch,USW2-TimedStorage-ByteHrs,HourlyStorageMetering,,arn:aws:logs:us-west-2:353545917793:log-group:/aws/codebuild/DevBackendBuildProject,0.0003378190,,,USD,0.0000000000,0.0000000000,0.0000000000,0.0000000000,First 5GB-mo per month of logs storage is free.,,"Amazon Web Services, Inc.",AmazonCloudWatch,,,,,,,,,,,,,,,,,,,,,,,,,,,,,,,,,,,,,,,,US West (Oregon),AWS Region,,,,,,,,,,,,,,,,,,,,Storage Snapshot,,,,us-west-2,us-west-2,,,,,AmazonCloudWatch,AmazonCloudWatch,MN45SJANDTCPR9QA,,,Amazon S3,,,,,,,,USW2-TimedStorage-ByteHrs,,Current,,,,MN45SJANDTCPR9QA.A429C66SYZ.6YS6EN2CT7,313536233464,USD,0.0000101346,0.0300000000,,GB-Mo,,,,,,,,,,21100991796,,,,,,,,,,,,,,,
ave5jfnliqcfhvztkjbfa5yljp52ddt44mjcrvsn4dfnhyy27eea,2026-02-01T00:00:00Z/2026-03-01T00:00:00Z,,"Amazon Web Services, Inc.",AWS,Anniversary,595673262386,2026-02-01T00:00:00Z,2026-03-01T00:00:00Z,353545917793,Usage,2026-02-01T02:00:00Z,2026-02-02T03:00:00Z,AmazonCloudWatch,USW2-TimedStorage-ByteHrs,HourlyStorageMetering,,arn:aws:logs:us-west-2:353545917793:log-group:/aws/codebuild/DevFrontendAdminBuildProject,0.0004782190,,,USD,0.0000000000,0.0000000000,0.0000000000,0.0000000000,First 5GB-mo per month of logs storage is free.,,"Amazon Web Services, Inc.",AmazonCloudWatch,,,,,,,,,,,,,,,,,,,,,,,,,,,,,,,,,,,,,,,,US West (Oregon),AWS Region,,,,,,,,,,,,,,,,,,,,Storage Snapshot,,,,us-west-2,us-west-2,,,,,AmazonCloudWatch,AmazonCloudWatch,MN45SJANDTCPR9QA,,,Amazon S3,,,,,,,,USW2-TimedStorage-ByteHrs,,Current,,,,MN45SJANDTCPR9QA.A429C66SYZ.6YS6EN2CT7,313536233464,USD,0.0000143466,0.0300000000,,GB-Mo,,,,,,,,,,21100991796,,,,,,,,,,,,,,,
t263vpoaydlccrddcgcqfr5byfusuvhds7ks63tkq432osj2tddq,2026-02-01T00:00:00Z/2026-03-01T00:00:00Z,,"Amazon Web Services, Inc.",AWS,Anniversary,595673262386,2026-02-01T00:00:00Z,2026-03-01T00:00:00Z,353545917793,Usage,2026-02-01T02:00:00Z,2026-02-02T03:00:00Z,AmazonCloudWatch,USW2-TimedStorage-ByteHrs,HourlyStorageMetering,,arn:aws:logs:us-west-2:353545917793:log-group:/aws/codebuild/DevFrontendBuildProject,0.0000664276,,,USD,0.0000000000,0.0000000000,0.0000000000,0.0000000000,First 5GB-mo per month of logs storage is free.,,"Amazon Web Services, Inc.",AmazonCloudWatch,,,,,,,,,,,,,,,,,,,,,,,,,,,,,,,,,,,,,,,,US West (Oregon),AWS Region,,,,,,,,,,,,,,,,,,,,Storage Snapshot,,,,us-west-2,us-west-2,,,,,AmazonCloudWatch,AmazonCloudWatch,MN45SJANDTCPR9QA,,,Amazon S3,,,,,,,,USW2-TimedStorage-ByteHrs,,Current,,,,MN45SJANDTCPR9QA.A429C66SYZ.6YS6EN2CT7,313536233464,USD,0.0000019928,0.0300000000,,GB-Mo,,,,,,,,,,21100991796,,,,,,,,,,,,,,,
og7zb53qczm6uuczto66lzfwcck6bj32lkw55ynr2vfhq3suj46a,2026-02-01T00:00:00Z/2026-03-01T00:00:00Z,,"Amazon Web Services, Inc.",AWS,Anniversary,595673262386,2026-02-01T00:00:00Z,2026-03-01T00:00:00Z,353545917793,Usage,2026-02-01T02:00:00Z,2026-02-02T03:00:00Z,AmazonCloudWatch,USW2-TimedStorage-ByteHrs,HourlyStorageMetering,,arn:aws:logs:us-west-2:353545917793:log-group:/aws/codebuild/PRODFrontendAdminBuildProject,0.0000999504,,,USD,0.0000000000,0.0000000000,0.0000000000,0.0000000000,First 5GB-mo per month of logs storage is free.,,"Amazon Web Services, Inc.",AmazonCloudWatch,,,,,,,,,,,,,,,,,,,,,,,,,,,,,,,,,,,,,,,,US West (Oregon),AWS Region,,,,,,,,,,,,,,,,,,,,Storage Snapshot,,,,us-west-2,us-west-2,,,,,AmazonCloudWatch,AmazonCloudWatch,MN45SJANDTCPR9QA,,,Amazon S3,,,,,,,,USW2-TimedStorage-ByteHrs,,Current,,,,MN45SJANDTCPR9QA.A429C66SYZ.6YS6EN2CT7,313536233464,USD,0.0000029985,0.0300000000,,GB-Mo,,,,,,,,,,21100991796,,,,,,,,,,,,,,,
kjbmexabjtju26ku7nf22myzxwyopqh5vgpmlwhayhhj2ogsmv3q,2026-02-01T00:00:00Z/2026-03-01T00:00:00Z,,"Amazon Web Services, Inc.",AWS,Anniversary,595673262386,2026-02-01T00:00:00Z,2026-03-01T00:00:00Z,353545917793,Usage,2026-02-01T02:00:00Z,2026-02-02T03:00:00Z,AmazonCloudWatch,USW2-TimedStorage-ByteHrs,HourlyStorageMetering,,arn:aws:logs:us-west-2:353545917793:log-group:/aws/codebuild/PRODFrontendBuildProject,0.0000171542,,,USD,0.0000000000,0.0000000000,0.0000000000,0.0000000000,First 5GB-mo per month of logs storage is free.,,"Amazon Web Services, Inc.",AmazonCloudWatch,,,,,,,,,,,,,,,,,,,,,,,,,,,,,,,,,,,,,,,,US West (Oregon),AWS Region,,,,,,,,,,,,,,,,,,,,Storage Snapshot,,,,us-west-2,us-west-2,,,,,AmazonCloudWatch,AmazonCloudWatch,MN45SJANDTCPR9QA,,,Amazon S3,,,,,,,,USW2-TimedStorage-ByteHrs,,Current,,,,MN45SJANDTCPR9QA.A429C66SYZ.6YS6EN2CT7,313536233464,USD,0.0000005146,0.0300000000,,GB-Mo,,,,,,,,,,21100991796,,,,,,,,,,,,,,,
geywaskvb3gknspmnqojgi74g7rtyi3q7w7lemtp7xgga4xow7jq,2026-02-01T00:00:00Z/2026-03-01T00:00:00Z,,"Amazon Web Services, Inc.",AWS,Anniversary,595673262386,2026-02-01T00:00:00Z,2026-03-01T00:00:00Z,353545917793,Usage,2026-02-01T02:00:00Z,2026-02-02T03:00:00Z,AmazonCloudWatch,USW2-TimedStorage-ByteHrs,HourlyStorageMetering,,arn:aws:logs:us-west-2:353545917793:log-group:/aws/codebuild/ProdBackendBuildProject,0.0000582872,,,USD,0.0000000000,0.0000000000,0.0000000000,0.0000000000,First 5GB-mo per month of logs storage is free.,,"Amazon Web Services, Inc.",AmazonCloudWatch,,,,,,,,,,,,,,,,,,,,,,,,,,,,,,,,,,,,,,,,US West (Oregon),AWS Region,,,,,,,,,,,,,,,,,,,,Storage Snapshot,,,,us-west-2,us-west-2,,,,,AmazonCloudWatch,AmazonCloudWatch,MN45SJANDTCPR9QA,,,Amazon S3,,,,,,,,USW2-TimedStorage-ByteHrs,,Current,,,,MN45SJANDTCPR9QA.A429C66SYZ.6YS6EN2CT7,313536233464,USD,0.0000017486,0.0300000000,,GB-Mo,,,,,,,,,,21100991796,,,,,,,,,,,,,,,
dg4thuy2botg7vpmt4rij4vnkrbqu2qhsbvzlbwscj6uwkyfdiaa,2026-02-01T00:00:00Z/2026-03-01T00:00:00Z,,"Amazon Web Services, Inc.",AWS,Anniversary,595673262386,2026-02-01T00:00:00Z,2026-03-01T00:00:00Z,353545917793,Usage,2026-02-01T02:00:00Z,2026-02-02T03:00:00Z,AmazonCloudWatch,USW2-TimedStorage-ByteHrs,HourlyStorageMetering,,arn:aws:logs:us-west-2:353545917793:log-group:/aws/codebuild/SonarQube-Backend,0.0002513168,,,USD,0.0000000000,0.0000000000,0.0000000000,0.0000000000,First 5GB-mo per month of logs storage is free.,,"Amazon Web Services, Inc.",AmazonCloudWatch,,,,,,,,,,,,,,,,,,,,,,,,,,,,,,,,,,,,,,,,US West (Oregon),AWS Region,,,,,,,,,,,,,,,,,,,,Storage Snapshot,,,,us-west-2,us-west-2,,,,,AmazonCloudWatch,AmazonCloudWatch,MN45SJANDTCPR9QA,,,Amazon S3,,,,,,,,USW2-TimedStorage-ByteHrs,,Current,,,,MN45SJANDTCPR9QA.A429C66SYZ.6YS6EN2CT7,313536233464,USD,0.0000075395,0.0300000000,,GB-Mo,,,,,,,,,,21100991796,,,,,,,,,,,,,,,
nwrzauttlaqb4rj7p6nsrewi3eclaix3mwzxdmwj5ee3ntoshewq,2026-02-01T00:00:00Z/2026-03-01T00:00:00Z,,"Amazon Web Services, Inc.",AWS,Anniversary,595673262386,2026-02-01T00:00:00Z,2026-03-01T00:00:00Z,353545917793,Usage,2026-02-01T02:00:00Z,2026-02-02T03:00:00Z,AmazonCloudWatch,USW2-TimedStorage-ByteHrs,HourlyStorageMetering,,arn:aws:logs:us-west-2:353545917793:log-group:/aws/codebuild/SonarQube-Frontend,0.0000282942,,,USD,0.0000000000,0.0000000000,0.0000000000,0.0000000000,First 5GB-mo per month of logs storage is free.,,"Amazon Web Services, Inc.",AmazonCloudWatch,,,,,,,,,,,,,,,,,,,,,,,,,,,,,,,,,,,,,,,,US West (Oregon),AWS Region,,,,,,,,,,,,,,,,,,,,Storage Snapshot,,,,us-west-2,us-west-2,,,,,AmazonCloudWatch,AmazonCloudWatch,MN45SJANDTCPR9QA,,,Amazon S3,,,,,,,,USW2-TimedStorage-ByteHrs,,Current,,,,MN45SJANDTCPR9QA.A429C66SYZ.6YS6EN2CT7,313536233464,USD,0.0000008488,0.0300000000,,GB-Mo,,,,,,,,,,21100991796,,,,,,,,,,,,,,,
2ztvlsabnojnk2uiiuvjygc2sil6ktq77a5rnn5sov4gqogslp3q,2026-02-01T00:00:00Z/2026-03-01T00:00:00Z,,"Amazon Web Services, Inc.",AWS,Anniversary,595673262386,2026-02-01T00:00:00Z,2026-03-01T00:00:00Z,353545917793,Usage,2026-02-01T02:00:00Z,2026-02-02T03:00:00Z,AmazonCloudWatch,USW2-TimedStorage-ByteHrs,HourlyStorageMetering,,arn:aws:logs:us-west-2:353545917793:log-group:/aws/codebuild/SonarQube-Frontend-Admin,0.0001023808,,,USD,0.0000000000,0.0000000000,0.0000000000,0.0000000000,First 5GB-mo per month of logs storage is free.,,"Amazon Web Services, Inc.",AmazonCloudWatch,,,,,,,,,,,,,,,,,,,,,,,,,,,,,,,,,,,,,,,,US West (Oregon),AWS Region,,,,,,,,,,,,,,,,,,,,Storage Snapshot,,,,us-west-2,us-west-2,,,,,AmazonCloudWatch,AmazonCloudWatch,MN45SJANDTCPR9QA,,,Amazon S3,,,,,,,,USW2-TimedStorage-ByteHrs,,Current,,,,MN45SJANDTCPR9QA.A429C66SYZ.6YS6EN2CT7,313536233464,USD,0.0000030714,0.0300000000,,GB-Mo,,,,,,,,,,21100991796,,,,,,,,,,,,,,,
dnuuh6e6icuvg7towlhklcj2jknvedf26iesd76hwclt2xerotsq,2026-02-01T00:00:00Z/2026-03-01T00:00:00Z,,"Amazon Web Services, Inc.",AWS,Anniversary,595673262386,2026-02-01T00:00:00Z,2026-03-01T00:00:00Z,353545917793,Usage,2026-02-01T02:00:00Z,2026-02-02T03:00:00Z,AmazonCloudWatch,USW2-TimedStorage-ByteHrs,HourlyStorageMetering,,arn:aws:logs:us-west-2:353545917793:log-group:/aws/codebuild/UATFrontendAdminBuildProject,0.0000985168,,,USD,0.0000000000,0.0000000000,0.0000000000,0.0000000000,First 5GB-mo per month of logs storage is free.,,"Amazon Web Services, Inc.",AmazonCloudWatch,,,,,,,,,,,,,,,,,,,,,,,,,,,,,,,,,,,,,,,,US West (Oregon),AWS Region,,,,,,,,,,,,,,,,,,,,Storage Snapshot,,,,us-west-2,us-west-2,,,,,AmazonCloudWatch,AmazonCloudWatch,MN45SJANDTCPR9QA,,,Amazon S3,,,,,,,,USW2-TimedStorage-ByteHrs,,Current,,,,MN45SJANDTCPR9QA.A429C66SYZ.6YS6EN2CT7,313536233464,USD,0.0000029555,0.0300000000,,GB-Mo,,,,,,,,,,21100991796,,,,,,,,,,,,,,,
yemhi5xznnp7bjxnd5nwvurwim7uouo2ue5oghfs7vy6hxw53a4q,2026-02-01T00:00:00Z/2026-03-01T00:00:00Z,,"Amazon Web Services, Inc.",AWS,Anniversary,595673262386,2026-02-01T00:00:00Z,2026-03-01T00:00:00Z,353545917793,Usage,2026-02-01T02:00:00Z,2026-02-02T03:00:00Z,AmazonCloudWatch,USW2-TimedStorage-ByteHrs,HourlyStorageMetering,,arn:aws:logs:us-west-2:353545917793:log-group:/aws/codebuild/UATFrontendBuildProject,0.0000263486,,,USD,0.0000000000,0.0000000000,0.0000000000,0.0000000000,First 5GB-mo per month of logs storage is free.,,"Amazon Web Services, Inc.",AmazonCloudWatch,,,,,,,,,,,,,,,,,,,,,,,,,,,,,,,,,,,,,,,,US West (Oregon),AWS Region,,,,,,,,,,,,,,,,,,,,Storage Snapshot,,,,us-west-2,us-west-2,,,,,AmazonCloudWatch,AmazonCloudWatch,MN45SJANDTCPR9QA,,,Amazon S3,,,,,,,,USW2-TimedStorage-ByteHrs,,Current,,,,MN45SJANDTCPR9QA.A429C66SYZ.6YS6EN2CT7,313536233464,USD,0.0000007905,0.0300000000,,GB-Mo,,,,,,,,,,21100991796,,,,,,,,,,,,,,,
uwqmzxpsfsikt2p3eqkju4gwb4uspvvp7fgcmnfz3f43pnknufza,2026-02-01T00:00:00Z/2026-03-01T00:00:00Z,,"Amazon Web Services, Inc.",AWS,Anniversary,595673262386,2026-02-01T00:00:00Z,2026-03-01T00:00:00Z,353545917793,Usage,2026-02-01T02:00:00Z,2026-02-02T03:00:00Z,AmazonCloudWatch,USW2-TimedStorage-ByteHrs,HourlyStorageMetering,,arn:aws:logs:us-west-2:353545917793:log-group:/aws/codebuild/UatBackendBuildProject,0.0000479694,,,USD,0.0000000000,0.0000000000,0.0000000000,0.0000000000,First 5GB-mo per month of logs storage is free.,,"Amazon Web Services, Inc.",AmazonCloudWatch,,,,,,,,,,,,,,,,,,,,,,,,,,,,,,,,,,,,,,,,US West (Oregon),AWS Region,,,,,,,,,,,,,,,,,,,,Storage Snapshot,,,,us-west-2,us-west-2,,,,,AmazonCloudWatch,AmazonCloudWatch,MN45SJANDTCPR9QA,,,Amazon S3,,,,,,,,USW2-TimedStorage-ByteHrs,,Current,,,,MN45SJANDTCPR9QA.A429C66SYZ.6YS6EN2CT7,313536233464,USD,0.0000014391,0.0300000000,,GB-Mo,,,,,,,,,,21100991796,,,,,,,,,,,,,,,
y7wni67pxwzf6afwma4o2npbslrtrom5n2pta572lf6ee3vkfoda,2026-02-01T00:00:00Z/2026-03-01T00:00:00Z,,"Amazon Web Services, Inc.",AWS,Anniversary,595673262386,2026-02-01T00:00:00Z,2026-03-01T00:00:00Z,353545917793,Usage,2026-02-01T02:00:00Z,2026-02-02T03:00:00Z,AmazonCloudWatch,USW2-TimedStorage-ByteHrs,HourlyStorageMetering,,arn:aws:logs:us-west-2:353545917793:log-group:/aws/cognito/userpools/us-west-2_EhyC1DLto/AppUserPool-dev,0.0000000142,,,USD,0.0000000000,0.0000000000,0.0000000000,0.0000000000,First 5GB-mo per month of logs storage is free.,,"Amazon Web Services, Inc.",AmazonCloudWatch,,,,,,,,,,,,,,,,,,,,,,,,,,,,,,,,,,,,,,,,US West (Oregon),AWS Region,,,,,,,,,,,,,,,,,,,,Storage Snapshot,,,,us-west-2,us-west-2,,,,,AmazonCloudWatch,AmazonCloudWatch,MN45SJANDTCPR9QA,,,Amazon S3,,,,,,,,USW2-TimedStorage-ByteHrs,,Current,,,,MN45SJANDTCPR9QA.A429C66SYZ.6YS6EN2CT7,313536233464,USD,0.0000000004,0.0300000000,,GB-Mo,,,,,,,,,,21100991796,,,,,,,,,,,,,,,
dxjbywfc35twyoepsfko5qnswqghsvzltbol7cpfyplnenvz4joq,2026-02-01T00:00:00Z/2026-03-01T00:00:00Z,,"Amazon Web Services, Inc.",AWS,Anniversary,595673262386,2026-02-01T00:00:00Z,2026-03-01T00:00:00Z,353545917793,Usage,2026-02-01T02:00:00Z,2026-02-02T03:00:00Z,AmazonCloudWatch,USW2-TimedStorage-ByteHrs,HourlyStorageMetering,,arn:aws:logs:us-west-2:353545917793:log-group:/aws/lambda/AIFunction-dev,0.0000031810,,,USD,0.0000000000,0.0000000000,0.0000000000,0.0000000000,First 5GB-mo per month of logs storage is free.,,"Amazon Web Services, Inc.",AmazonCloudWatch,,,,,,,,,,,,,,,,,,,,,,,,,,,,,,,,,,,,,,,,US West (Oregon),AWS Region,,,,,,,,,,,,,,,,,,,,Storage Snapshot,,,,us-west-2,us-west-2,,,,,AmazonCloudWatch,AmazonCloudWatch,MN45SJANDTCPR9QA,,,Amazon S3,,,,,,,,USW2-TimedStorage-ByteHrs,,Current,,,,MN45SJANDTCPR9QA.A429C66SYZ.6YS6EN2CT7,313536233464,USD,0.0000000954,0.0300000000,,GB-Mo,,,,,,,,,,21100991796,,,,,,,,,,,,,,,
xfuhopuq4jd5224uj35g6gpo3vowcuvbuvpxqct35772hlkyf3ua,2026-02-01T00:00:00Z/2026-03-01T00:00:00Z,,"Amazon Web Services, Inc.",AWS,Anniversary,595673262386,2026-02-01T00:00:00Z,2026-03-01T00:00:00Z,353545917793,Usage,2026-02-01T02:00:00Z,2026-02-02T03:00:00Z,AmazonCloudWatch,USW2-TimedStorage-ByteHrs,HourlyStorageMetering,,arn:aws:logs:us-west-2:353545917793:log-group:/aws/lambda/AIFunction-prod,0.0000000590,,,USD,0.0000000000,0.0000000000,0.0000000000,0.0000000000,First 5GB-mo per month of logs storage is free.,,"Amazon Web Services, Inc.",AmazonCloudWatch,,,,,,,,,,,,,,,,,,,,,,,,,,,,,,,,,,,,,,,,US West (Oregon),AWS Region,,,,,,,,,,,,,,,,,,,,Storage Snapshot,,,,us-west-2,us-west-2,,,,,AmazonCloudWatch,AmazonCloudWatch,MN45SJANDTCPR9QA,,,Amazon S3,,,,,,,,USW2-TimedStorage-ByteHrs,,Current,,,,MN45SJANDTCPR9QA.A429C66SYZ.6YS6EN2CT7,313536233464,USD,0.0000000018,0.0300000000,,GB-Mo,,,,,,,,,,21100991796,,,,,,,,,,,,,,,
hohms7rysfl2lw4b5gvtf6salzcy6rgfmip4a2tpiewxuu2plyaa,2026-02-01T00:00:00Z/2026-03-01T00:00:00Z,,"Amazon Web Services, Inc.",AWS,Anniversary,595673262386,2026-02-01T00:00:00Z,2026-03-01T00:00:00Z,353545917793,Usage,2026-02-01T02:00:00Z,2026-02-02T03:00:00Z,AmazonCloudWatch,USW2-TimedStorage-ByteHrs,HourlyStorageMetering,,arn:aws:logs:us-west-2:353545917793:log-group:/aws/lambda/AIFunction-uat,0.0000002062,,,USD,0.0000000000,0.0000000000,0.0000000000,0.0000000000,First 5GB-mo per month of logs storage is free.,,"Amazon Web Services, Inc.",AmazonCloudWatch,,,,,,,,,,,,,,,,,,,,,,,,,,,,,,,,,,,,,,,,US West (Oregon),AWS Region,,,,,,,,,,,,,,,,,,,,Storage Snapshot,,,,us-west-2,us-west-2,,,,,AmazonCloudWatch,AmazonCloudWatch,MN45SJANDTCPR9QA,,,Amazon S3,,,,,,,,USW2-TimedStorage-ByteHrs,,Current,,,,MN45SJANDTCPR9QA.A429C66SYZ.6YS6EN2CT7,313536233464,USD,0.0000000062,0.0300000000,,GB-Mo,,,,,,,,,,21100991796,,,,,,,,,,,,,,,
tnkyp6crqmczhoqwjfmscv2uyfx2sibflev5zlvozk6bgztcquea,2026-02-01T00:00:00Z/2026-03-01T00:00:00Z,,"Amazon Web Services, Inc.",AWS,Anniversary,595673262386,2026-02-01T00:00:00Z,2026-03-01T00:00:00Z,353545917793,Usage,2026-02-01T02:00:00Z,2026-02-02T03:00:00Z,AmazonCloudWatch,USW2-TimedStorage-ByteHrs,HourlyStorageMetering,,arn:aws:logs:us-west-2:353545917793:log-group:/aws/lambda/BackendStack-CustomS3AutoDeleteObjectsCustomResour-YfvLl3EMsf2a,0.0000000702,,,USD,0.0000000000,0.0000000000,0.0000000000,0.0000000000,First 5GB-mo per month of logs storage is free.,,"Amazon Web Services, Inc.",AmazonCloudWatch,,,,,,,,,,,,,,,,,,,,,,,,,,,,,,,,,,,,,,,,US West (Oregon),AWS Region,,,,,,,,,,,,,,,,,,,,Storage Snapshot,,,,us-west-2,us-west-2,,,,,AmazonCloudWatch,AmazonCloudWatch,MN45SJANDTCPR9QA,,,Amazon S3,,,,,,,,USW2-TimedStorage-ByteHrs,,Current,,,,MN45SJANDTCPR9QA.A429C66SYZ.6YS6EN2CT7,313536233464,USD,0.0000000021,0.0300000000,,GB-Mo,,,,,,,,,,21100991796,,,,,,,,,,,,,,,
n2uc75yyoxphe4uhnr4mzfvimzh3matjik4faruwpxrqhdfskjxa,2026-02-01T00:00:00Z/2026-03-01T00:00:00Z,,"Amazon Web Services, Inc.",AWS,Anniversary,595673262386,2026-02-01T00:00:00Z,2026-03-01T00:00:00Z,353545917793,Usage,2026-02-01T02:00:00Z,2026-02-02T03:00:00Z,AmazonCloudWatch,USW2-TimedStorage-ByteHrs,HourlyStorageMetering,,arn:aws:logs:us-west-2:353545917793:log-group:/aws/lambda/BackendStackProd-CustomS3AutoDeleteObjectsCustomRe-T9H9jUIdUG1q,0.0000000652,,,USD,0.0000000000,0.0000000000,0.0000000000,0.0000000000,First 5GB-mo per month of logs storage is free.,,"Amazon Web Services, Inc.",AmazonCloudWatch,,,,,,,,,,,,,,,,,,,,,,,,,,,,,,,,,,,,,,,,US West (Oregon),AWS Region,,,,,,,,,,,,,,,,,,,,Storage Snapshot,,,,us-west-2,us-west-2,,,,,AmazonCloudWatch,AmazonCloudWatch,MN45SJANDTCPR9QA,,,Amazon S3,,,,,,,,USW2-TimedStorage-ByteHrs,,Current,,,,MN45SJANDTCPR9QA.A429C66SYZ.6YS6EN2CT7,313536233464,USD,0.0000000020,0.0300000000,,GB-Mo,,,,,,,,,,21100991796,,,,,,,,,,,,,,,
unbk7whhx7bkn3fydbvooln5dtolyezcwppdsrwsljxbik3duugq,2026-02-01T00:00:00Z/2026-03-01T00:00:00Z,,"Amazon Web Services, Inc.",AWS,Anniversary,595673262386,2026-02-01T00:00:00Z,2026-03-01T00:00:00Z,353545917793,Usage,2026-02-01T02:00:00Z,2026-02-02T03:00:00Z,AmazonCloudWatch,USW2-TimedStorage-ByteHrs,HourlyStorageMetering,,arn:aws:logs:us-west-2:353545917793:log-group:/aws/lambda/BackendStackUat-CustomS3AutoDeleteObjectsCustomRes-N48snzmxKxgt,0.0000000648,,,USD,0.0000000000,0.0000000000,0.0000000000,0.0000000000,First 5GB-mo per month of logs storage is free.,,"Amazon Web Services, Inc.",AmazonCloudWatch,,,,,,,,,,,,,,,,,,,,,,,,,,,,,,,,,,,,,,,,US West (Oregon),AWS Region,,,,,,,,,,,,,,,,,,,,Storage Snapshot,,,,us-west-2,us-west-2,,,,,AmazonCloudWatch,AmazonCloudWatch,MN45SJANDTCPR9QA,,,Amazon S3,,,,,,,,USW2-TimedStorage-ByteHrs,,Current,,,,MN45SJANDTCPR9QA.A429C66SYZ.6YS6EN2CT7,313536233464,USD,0.0000000019,0.0300000000,,GB-Mo,,,,,,,,,,21100991796,,,,,,,,,,,,,,,
mre63dm6ffmfwh3fqhooowdxbs7tmvwmkdshshnhvnzgxljxg23a,2026-02-01T00:00:00Z/2026-03-01T00:00:00Z,,"Amazon Web Services, Inc.",AWS,Anniversary,595673262386,2026-02-01T00:00:00Z,2026-03-01T00:00:00Z,353545917793,Usage,2026-02-01T02:00:00Z,2026-02-02T03:00:00Z,AmazonCloudWatch,USW2-TimedStorage-ByteHrs,HourlyStorageMetering,,arn:aws:logs:us-west-2:353545917793:log-group:/aws/lambda/ClamAVEC2Stack-CustomS3AutoDeleteObjectsCustomReso-XlwHbdHWfe1J,0.0000000704,,,USD,0.0000000000,0.0000000000,0.0000000000,0.0000000000,First 5GB-mo per month of logs storage is free.,,"Amazon Web Services, Inc.",AmazonCloudWatch,,,,,,,,,,,,,,,,,,,,,,,,,,,,,,,,,,,,,,,,US West (Oregon),AWS Region,,,,,,,,,,,,,,,,,,,,Storage Snapshot,,,,us-west-2,us-west-2,,,,,AmazonCloudWatch,AmazonCloudWatch,MN45SJANDTCPR9QA,,,Amazon S3,,,,,,,,USW2-TimedStorage-ByteHrs,,Current,,,,MN45SJANDTCPR9QA.A429C66SYZ.6YS6EN2CT7,313536233464,USD,0.0000000021,0.0300000000,,GB-Mo,,,,,,,,,,21100991796,,,,,,,,,,,,,,,
lifdp2vss32r4b6cd7jlxznlhu7hrf2fmnxk6dhnvmob7jxqlm2q,2026-02-01T00:00:00Z/2026-03-01T00:00:00Z,,"Amazon Web Services, Inc.",AWS,Anniversary,595673262386,2026-02-01T00:00:00Z,2026-03-01T00:00:00Z,353545917793,Usage,2026-02-01T02:00:00Z,2026-02-02T03:00:00Z,AmazonCloudWatch,USW2-TimedStorage-ByteHrs,HourlyStorageMetering,,arn:aws:logs:us-west-2:353545917793:log-group:/aws/lambda/ClamAVPipelineStack-CustomS3AutoDeleteObjectsCusto-3NA6W9FoSRvn,0.0000001444,,,USD,0.0000000000,0.0000000000,0.0000000000,0.0000000000,First 5GB-mo per month of logs storage is free.,,"Amazon Web Services, Inc.",AmazonCloudWatch,,,,,,,,,,,,,,,,,,,,,,,,,,,,,,,,,,,,,,,,US West (Oregon),AWS Region,,,,,,,,,,,,,,,,,,,,Storage Snapshot,,,,us-west-2,us-west-2,,,,,AmazonCloudWatch,AmazonCloudWatch,MN45SJANDTCPR9QA,,,Amazon S3,,,,,,,,USW2-TimedStorage-ByteHrs,,Current,,,,MN45SJANDTCPR9QA.A429C66SYZ.6YS6EN2CT7,313536233464,USD,0.0000000043,0.0300000000,,GB-Mo,,,,,,,,,,21100991796,,,,,,,,,,,,,,,
zih3k2xiyo3wwo3fbzfk7zgnnb4d6afkovsn4ob4pnyyi6dddija,2026-02-01T00:00:00Z/2026-03-01T00:00:00Z,,"Amazon Web Services, Inc.",AWS,Anniversary,595673262386,2026-02-01T00:00:00Z,2026-03-01T00:00:00Z,353545917793,Usage,2026-02-01T02:00:00Z,2026-02-02T03:00:00Z,AmazonCloudWatch,USW2-TimedStorage-ByteHrs,HourlyStorageMetering,,arn:aws:logs:us-west-2:353545917793:log-group:/aws/lambda/DEV-LambdaStack-EscalationSchedulerFunction46234BD-4sj8bAmmQuVj,0.0003887066,,,USD,0.0000000000,0.0000000000,0.0000000000,0.0000000000,First 5GB-mo per month of logs storage is free.,,"Amazon Web Services, Inc.",AmazonCloudWatch,,,,,,,,,,,,,,,,,,,,,,,,,,,,,,,,,,,,,,,,US West (Oregon),AWS Region,,,,,,,,,,,,,,,,,,,,Storage Snapshot,,,,us-west-2,us-west-2,,,,,AmazonCloudWatch,AmazonCloudWatch,MN45SJANDTCPR9QA,,,Amazon S3,,,,,,,,USW2-TimedStorage-ByteHrs,,Current,,,,MN45SJANDTCPR9QA.A429C66SYZ.6YS6EN2CT7,313536233464,USD,0.0000116612,0.0300000000,,GB-Mo,,,,,,,,,,21100991796,,,,,,,,,,,,,,,
trx2rbmglg6j3egycar4obw6cftqwwqghcz2qhmc6dxxeryy5w5a,2026-02-01T00:00:00Z/2026-03-01T00:00:00Z,,"Amazon Web Services, Inc.",AWS,Anniversary,595673262386,2026-02-01T00:00:00Z,2026-03-01T00:00:00Z,353545917793,Usage,2026-02-01T02:00:00Z,2026-02-02T03:00:00Z,AmazonCloudWatch,USW2-TimedStorage-ByteHrs,HourlyStorageMetering,,arn:aws:logs:us-west-2:353545917793:log-group:/aws/lambda/DEV-LambdaStack-NotificationFunction0492F7EA-lk5mfUDcAvSa,0.0025254178,,,USD,0.0000000000,0.0000000000,0.0000000000,0.0000000000,First 5GB-mo per month of logs storage is free.,,"Amazon Web Services, Inc.",AmazonCloudWatch,,,,,,,,,,,,,,,,,,,,,,,,,,,,,,,,,,,,,,,,US West (Oregon),AWS Region,,,,,,,,,,,,,,,,,,,,Storage Snapshot,,,,us-west-2,us-west-2,,,,,AmazonCloudWatch,AmazonCloudWatch,MN45SJANDTCPR9QA,,,Amazon S3,,,,,,,,USW2-TimedStorage-ByteHrs,,Current,,,,MN45SJANDTCPR9QA.A429C66SYZ.6YS6EN2CT7,313536233464,USD,0.0000757625,0.0300000000,,GB-Mo,,,,,,,,,,21100991796,,,,,,,,,,,,,,,
tmg7xiu4juelfl4cxa5lbqmyuwl2njmzeqoab5oa6fojdz2p2gqa,2026-02-01T00:00:00Z/2026-03-01T00:00:00Z,,"Amazon Web Services, Inc.",AWS,Anniversary,595673262386,2026-02-01T00:00:00Z,2026-03-01T00:00:00Z,353545917793,Usage,2026-02-01T02:00:00Z,2026-02-02T03:00:00Z,AmazonCloudWatch,USW2-TimedStorage-ByteHrs,HourlyStorageMetering,,arn:aws:logs:us-west-2:353545917793:log-group:/aws/lambda/DraftGenerationFunction-dev,0.0000001312,,,USD,0.0000000000,0.0000000000,0.0000000000,0.0000000000,First 5GB-mo per month of logs storage is free.,,"Amazon Web Services, Inc.",AmazonCloudWatch,,,,,,,,,,,,,,,,,,,,,,,,,,,,,,,,,,,,,,,,US West (Oregon),AWS Region,,,,,,,,,,,,,,,,,,,,Storage Snapshot,,,,us-west-2,us-west-2,,,,,AmazonCloudWatch,AmazonCloudWatch,MN45SJANDTCPR9QA,,,Amazon S3,,,,,,,,USW2-TimedStorage-ByteHrs,,Current,,,,MN45SJANDTCPR9QA.A429C66SYZ.6YS6EN2CT7,313536233464,USD,0.0000000039,0.0300000000,,GB-Mo,,,,,,,,,,21100991796,,,,,,,,,,,,,,,
lhc4agoyucctrgvfmqzubls5ux3indrfaotbsjnffzphmrcf7ujq,2026-02-01T00:00:00Z/2026-03-01T00:00:00Z,,"Amazon Web Services, Inc.",AWS,Anniversary,595673262386,2026-02-01T00:00:00Z,2026-03-01T00:00:00Z,353545917793,Usage,2026-02-01T02:00:00Z,2026-02-02T03:00:00Z,AmazonCloudWatch,USW2-TimedStorage-ByteHrs,HourlyStorageMetering,,arn:aws:logs:us-west-2:353545917793:log-group:/aws/lambda/FrontendStack-CustomS3AutoDeleteObjectsCustomResou-DsTXvUqhahTD,0.0000001362,,,USD,0.0000000000,0.0000000000,0.0000000000,0.0000000000,First 5GB-mo per month of logs storage is free.,,"Amazon Web Services, Inc.",AmazonCloudWatch,,,,,,,,,,,,,,,,,,,,,,,,,,,,,,,,,,,,,,,,US West (Oregon),AWS Region,,,,,,,,,,,,,,,,,,,,Storage Snapshot,,,,us-west-2,us-west-2,,,,,AmazonCloudWatch,AmazonCloudWatch,MN45SJANDTCPR9QA,,,Amazon S3,,,,,,,,USW2-TimedStorage-ByteHrs,,Current,,,,MN45SJANDTCPR9QA.A429C66SYZ.6YS6EN2CT7,313536233464,USD,0.0000000041,0.0300000000,,GB-Mo,,,,,,,,,,21100991796,,,,,,,,,,,,,,,
th4x7jzejtv2utxrvxndgmxotpwvchhg62cs2vqgvfq6t24gy4cq,2026-02-01T00:00:00Z/2026-03-01T00:00:00Z,,"Amazon Web Services, Inc.",AWS,Anniversary,595673262386,2026-02-01T00:00:00Z,2026-03-01T00:00:00Z,353545917793,Usage,2026-02-01T02:00:00Z,2026-02-02T03:00:00Z,AmazonCloudWatch,USW2-TimedStorage-ByteHrs,HourlyStorageMetering,,arn:aws:logs:us-west-2:353545917793:log-group:/aws/lambda/FrontendStackProd-CustomS3AutoDeleteObjectsCustomR-g06bjxPKoeXF,0.0000001296,,,USD,0.0000000000,0.0000000000,0.0000000000,0.0000000000,First 5GB-mo per month of logs storage is free.,,"Amazon Web Services, Inc.",AmazonCloudWatch,,,,,,,,,,,,,,,,,,,,,,,,,,,,,,,,,,,,,,,,US West (Oregon),AWS Region,,,,,,,,,,,,,,,,,,,,Storage Snapshot,,,,us-west-2,us-west-2,,,,,AmazonCloudWatch,AmazonCloudWatch,MN45SJANDTCPR9QA,,,Amazon S3,,,,,,,,USW2-TimedStorage-ByteHrs,,Current,,,,MN45SJANDTCPR9QA.A429C66SYZ.6YS6EN2CT7,313536233464,USD,0.0000000039,0.0300000000,,GB-Mo,,,,,,,,,,21100991796,,,,,,,,,,,,,,,
psyaaxaquivyf5g7rks2hokxprzvsforgoj3a6n6qwze4sx6sqkq,2026-02-01T00:00:00Z/2026-03-01T00:00:00Z,,"Amazon Web Services, Inc.",AWS,Anniversary,595673262386,2026-02-01T00:00:00Z,2026-03-01T00:00:00Z,353545917793,Usage,2026-02-01T02:00:00Z,2026-02-02T03:00:00Z,AmazonCloudWatch,USW2-TimedStorage-ByteHrs,HourlyStorageMetering,,arn:aws:logs:us-west-2:353545917793:log-group:/aws/lambda/FrontendStackUat-CustomS3AutoDeleteObjectsCustomRe-HEUWaskg5BmD,0.0000001354,,,USD,0.0000000000,0.0000000000,0.0000000000,0.0000000000,First 5GB-mo per month of logs storage is free.,,"Amazon Web Services, Inc.",AmazonCloudWatch,,,,,,,,,,,,,,,,,,,,,,,,,,,,,,,,,,,,,,,,US West (Oregon),AWS Region,,,,,,,,,,,,,,,,,,,,Storage Snapshot,,,,us-west-2,us-west-2,,,,,AmazonCloudWatch,AmazonCloudWatch,MN45SJANDTCPR9QA,,,Amazon S3,,,,,,,,USW2-TimedStorage-ByteHrs,,Current,,,,MN45SJANDTCPR9QA.A429C66SYZ.6YS6EN2CT7,313536233464,USD,0.0000000041,0.0300000000,,GB-Mo,,,,,,,,,,21100991796,,,,,,,,,,,,,,,
rs5gdh7pzdrkayeusaybde4466sh5ev6og3dy5hn7n4kv6rfhsra,2026-02-01T00:00:00Z/2026-03-01T00:00:00Z,,"Amazon Web Services, Inc.",AWS,Anniversary,595673262386,2026-02-01T00:00:00Z,2026-03-01T00:00:00Z,353545917793,Usage,2026-02-01T02:00:00Z,2026-02-02T03:00:00Z,AmazonCloudWatch,USW2-TimedStorage-ByteHrs,HourlyStorageMetering,,arn:aws:logs:us-west-2:353545917793:log-group:/aws/lambda/PROD-LambdaStack-EscalationSchedulerFunction46234B-eoY289IdBqOB,0.0000403761,,,USD,0.0000000000,0.0000000000,0.0000000000,0.0000000000,First 5GB-mo per month of logs storage is free.,,"Amazon Web Services, Inc.",AmazonCloudWatch,,,,,,,,,,,,,,,,,,,,,,,,,,,,,,,,,,,,,,,,US West (Oregon),AWS Region,,,,,,,,,,,,,,,,,,,,Storage Snapshot,,,,us-west-2,us-west-2,,,,,AmazonCloudWatch,AmazonCloudWatch,MN45SJANDTCPR9QA,,,Amazon S3,,,,,,,,USW2-TimedStorage-ByteHrs,,Current,,,,MN45SJANDTCPR9QA.A429C66SYZ.6YS6EN2CT7,313536233464,USD,0.0000012113,0.0300000000,,GB-Mo,,,,,,,,,,21100991796,,,,,,,,,,,,,,,
h76w4daobuisyrzgbsvsovhwtci5qublktxp5fzcq3ntyzuv3v4a,2026-02-01T00:00:00Z/2026-03-01T00:00:00Z,,"Amazon Web Services, Inc.",AWS,Anniversary,595673262386,2026-02-01T00:00:00Z,2026-03-01T00:00:00Z,353545917793,Usage,2026-02-01T02:00:00Z,2026-02-02T03:00:00Z,AmazonCloudWatch,USW2-TimedStorage-ByteHrs,HourlyStorageMetering,,arn:aws:logs:us-west-2:353545917793:log-group:/aws/lambda/PROD-LambdaStack-NotificationFunction0492F7EA-LPjctkICcF0l,0.0065133873,,,USD,0.0000000000,0.0000000000,0.0000000000,0.0000000000,First 5GB-mo per month of logs storage is free.,,"Amazon Web Services, Inc.",AmazonCloudWatch,,,,,,,,,,,,,,,,,,,,,,,,,,,,,,,,,,,,,,,,US West (Oregon),AWS Region,,,,,,,,,,,,,,,,,,,,Storage Snapshot,,,,us-west-2,us-west-2,,,,,AmazonCloudWatch,AmazonCloudWatch,MN45SJANDTCPR9QA,,,Amazon S3,,,,,,,,USW2-TimedStorage-ByteHrs,,Current,,,,MN45SJANDTCPR9QA.A429C66SYZ.6YS6EN2CT7,313536233464,USD,0.0001954016,0.0300000000,,GB-Mo,,,,,,,,,,21100991796,,,,,,,,,,,,,,,
d5lvpwwmm3kancwecjhwnxqjo66owmhbh2zttacc4c53242spiba,2026-02-01T00:00:00Z/2026-03-01T00:00:00Z,,"Amazon Web Services, Inc.",AWS,Anniversary,595673262386,2026-02-01T00:00:00Z,2026-03-01T00:00:00Z,353545917793,Usage,2026-02-01T02:00:00Z,2026-02-02T03:00:00Z,AmazonCloudWatch,USW2-TimedStorage-ByteHrs,HourlyStorageMetering,,arn:aws:logs:us-west-2:353545917793:log-group:/aws/lambda/TextRefineFunction-dev,0.0000010336,,,USD,0.0000000000,0.0000000000,0.0000000000,0.0000000000,First 5GB-mo per month of logs storage is free.,,"Amazon Web Services, Inc.",AmazonCloudWatch,,,,,,,,,,,,,,,,,,,,,,,,,,,,,,,,,,,,,,,,US West (Oregon),AWS Region,,,,,,,,,,,,,,,,,,,,Storage Snapshot,,,,us-west-2,us-west-2,,,,,AmazonCloudWatch,AmazonCloudWatch,MN45SJANDTCPR9QA,,,Amazon S3,,,,,,,,USW2-TimedStorage-ByteHrs,,Current,,,,MN45SJANDTCPR9QA.A429C66SYZ.6YS6EN2CT7,313536233464,USD,0.0000000310,0.0300000000,,GB-Mo,,,,,,,,,,21100991796,,,,,,,,,,,,,,,
gxj7krndgyjsmtpps4bm2yl5rnrbve2zjumxz5r6muhhxlup2pea,2026-02-01T00:00:00Z/2026-03-01T00:00:00Z,,"Amazon Web Services, Inc.",AWS,Anniversary,595673262386,2026-02-01T00:00:00Z,2026-03-01T00:00:00Z,353545917793,Usage,2026-02-01T02:00:00Z,2026-02-02T03:00:00Z,AmazonCloudWatch,USW2-TimedStorage-ByteHrs,HourlyStorageMetering,,arn:aws:logs:us-west-2:353545917793:log-group:/aws/lambda/UAT-LambdaStack-EscalationSchedulerFunction46234BD-c0AoIybJpNCt,0.0000374286,,,USD,0.0000000000,0.0000000000,0.0000000000,0.0000000000,First 5GB-mo per month of logs storage is free.,,"Amazon Web Services, Inc.",AmazonCloudWatch,,,,,,,,,,,,,,,,,,,,,,,,,,,,,,,,,,,,,,,,US West (Oregon),AWS Region,,,,,,,,,,,,,,,,,,,,Storage Snapshot,,,,us-west-2,us-west-2,,,,,AmazonCloudWatch,AmazonCloudWatch,MN45SJANDTCPR9QA,,,Amazon S3,,,,,,,,USW2-TimedStorage-ByteHrs,,Current,,,,MN45SJANDTCPR9QA.A429C66SYZ.6YS6EN2CT7,313536233464,USD,0.0000011229,0.0300000000,,GB-Mo,,,,,,,,,,21100991796,,,,,,,,,,,,,,,
ukghgkft2ayysj6pliw235bfqqreqttbpvbn7g3fsefwzttbcskq,2026-02-01T00:00:00Z/2026-03-01T00:00:00Z,,"Amazon Web Services, Inc.",AWS,Anniversary,595673262386,2026-02-01T00:00:00Z,2026-03-01T00:00:00Z,353545917793,Usage,2026-02-01T02:00:00Z,2026-02-02T03:00:00Z,AmazonCloudWatch,USW2-TimedStorage-ByteHrs,HourlyStorageMetering,,arn:aws:logs:us-west-2:353545917793:log-group:/aws/lambda/UAT-LambdaStack-NotificationFunction0492F7EA-TTqt039Wp38r,0.0004651744,,,USD,0.0000000000,0.0000000000,0.0000000000,0.0000000000,First 5GB-mo per month of logs storage is free.,,"Amazon Web Services, Inc.",AmazonCloudWatch,,,,,,,,,,,,,,,,,,,,,,,,,,,,,,,,,,,,,,,,US West (Oregon),AWS Region,,,,,,,,,,,,,,,,,,,,Storage Snapshot,,,,us-west-2,us-west-2,,,,,AmazonCloudWatch,AmazonCloudWatch,MN45SJANDTCPR9QA,,,Amazon S3,,,,,,,,USW2-TimedStorage-ByteHrs,,Current,,,,MN45SJANDTCPR9QA.A429C66SYZ.6YS6EN2CT7,313536233464,USD,0.0000139552,0.0300000000,,GB-Mo,,,,,,,,,,21100991796,,,,,,,,,,,,,,,
64z3vq5sxzu5vseadjlhh6g7rxrxdvlepyemlbwzdx4igna5z3jq,2026-02-01T00:00:00Z/2026-03-01T00:00:00Z,,"Amazon Web Services, Inc.",AWS,Anniversary,595673262386,2026-02-01T00:00:00Z,2026-03-01T00:00:00Z,353545917793,Usage,2026-02-01T02:00:00Z,2026-02-02T03:00:00Z,AmazonCloudWatch,USW2-TimedStorage-ByteHrs,HourlyStorageMetering,,arn:aws:logs:us-west-2:353545917793:log-group:/aws/lambda/ai-lambda-functions-AIFunction-T3yjaYKWdnmq,0.0000137494,,,USD,0.0000000000,0.0000000000,0.0000000000,0.0000000000,First 5GB-mo per month of logs storage is free.,,"Amazon Web Services, Inc.",AmazonCloudWatch,,,,,,,,,,,,,,,,,,,,,,,,,,,,,,,,,,,,,,,,US West (Oregon),AWS Region,,,,,,,,,,,,,,,,,,,,Storage Snapshot,,,,us-west-2,us-west-2,,,,,AmazonCloudWatch,AmazonCloudWatch,MN45SJANDTCPR9QA,,,Amazon S3,,,,,,,,USW2-TimedStorage-ByteHrs,,Current,,,,MN45SJANDTCPR9QA.A429C66SYZ.6YS6EN2CT7,313536233464,USD,0.0000004125,0.0300000000,,GB-Mo,,,,,,,,,,21100991796,,,,,,,,,,,,,,,
u5pkap2cqqxh6ptnkzcmszudcynqvnryozw5w7736ntnlubqqxza,2026-02-01T00:00:00Z/2026-03-01T00:00:00Z,,"Amazon Web Services, Inc.",AWS,Anniversary,595673262386,2026-02-01T00:00:00Z,2026-03-01T00:00:00Z,353545917793,Usage,2026-02-01T02:00:00Z,2026-02-02T03:00:00Z,AmazonCloudWatch,USW2-TimedStorage-ByteHrs,HourlyStorageMetering,,arn:aws:logs:us-west-2:353545917793:log-group:/aws/lambda/ai-lambda-functions-HelloWorldFunction-UQqDcXUQBAfd,0.0000000298,,,USD,0.0000000000,0.0000000000,0.0000000000,0.0000000000,First 5GB-mo per month of logs storage is free.,,"Amazon Web Services, Inc.",AmazonCloudWatch,,,,,,,,,,,,,,,,,,,,,,,,,,,,,,,,,,,,,,,,US West (Oregon),AWS Region,,,,,,,,,,,,,,,,,,,,Storage Snapshot,,,,us-west-2,us-west-2,,,,,AmazonCloudWatch,AmazonCloudWatch,MN45SJANDTCPR9QA,,,Amazon S3,,,,,,,,USW2-TimedStorage-ByteHrs,,Current,,,,MN45SJANDTCPR9QA.A429C66SYZ.6YS6EN2CT7,313536233464,USD,0.0000000009,0.0300000000,,GB-Mo,,,,,,,,,,21100991796,,,,,,,,,,,,,,,
ibxt6o53n7lleapdgwsfzaak7lmpctcewfnpdifx7j4qeo6f3sfq,2026-02-01T00:00:00Z/2026-03-01T00:00:00Z,,"Amazon Web Services, Inc.",AWS,Anniversary,595673262386,2026-02-01T00:00:00Z,2026-03-01T00:00:00Z,353545917793,Usage,2026-02-01T02:00:00Z,2026-02-02T03:00:00Z,AmazonCloudWatch,USW2-TimedStorage-ByteHrs,HourlyStorageMetering,,arn:aws:logs:us-west-2:353545917793:log-group:/file-scan-app/logs,0.0000824717,,,USD,0.0000000000,0.0000000000,0.0000000000,0.0000000000,First 5GB-mo per month of logs storage is free.,,"Amazon Web Services, Inc.",AmazonCloudWatch,,,,,,,,,,,,,,,,,,,,,,,,,,,,,,,,,,,,,,,,US West (Oregon),AWS Region,,,,,,,,,,,,,,,,,,,,Storage Snapshot,,,,us-west-2,us-west-2,,,,,AmazonCloudWatch,AmazonCloudWatch,MN45SJANDTCPR9QA,,,Amazon S3,,,,,,,,USW2-TimedStorage-ByteHrs,,Current,,,,MN45SJANDTCPR9QA.A429C66SYZ.6YS6EN2CT7,313536233464,USD,0.0000024742,0.0300000000,,GB-Mo,,,,,,,,,,21100991796,,,,,,,,,,,,,,,
7jtzpqo6qniermml7xtbcto7y5yvtudln2yzmvztlun5vleva2ka,2026-02-01T00:00:00Z/2026-03-01T00:00:00Z,,"Amazon Web Services, Inc.",AWS,Anniversary,595673262386,2026-02-01T00:00:00Z,2026-03-01T00:00:00Z,353545917793,Usage,2026-02-01T02:00:00Z,2026-02-02T03:00:00Z,AmazonCloudWatch,USW2-TimedStorage-ByteHrs,HourlyStorageMetering,,arn:aws:logs:us-west-2:353545917793:log-group:Dev-ComplaintCMS-Logs,0.0011928762,,,USD,0.0000000000,0.0000000000,0.0000000000,0.0000000000,First 5GB-mo per month of logs storage is free.,,"Amazon Web Services, Inc.",AmazonCloudWatch,,,,,,,,,,,,,,,,,,,,,,,,,,,,,,,,,,,,,,,,US West (Oregon),AWS Region,,,,,,,,,,,,,,,,,,,,Storage Snapshot,,,,us-west-2,us-west-2,,,,,AmazonCloudWatch,AmazonCloudWatch,MN45SJANDTCPR9QA,,,Amazon S3,,,,,,,,USW2-TimedStorage-ByteHrs,,Current,,,,MN45SJANDTCPR9QA.A429C66SYZ.6YS6EN2CT7,313536233464,USD,0.0000357863,0.0300000000,,GB-Mo,,,,,,,,,,21100991796,,,,,,,,,,,,,,,
fusixmjirxtvqcxlt6kmxb34cyrg3noqpuqn7m6v3fztqiuf54za,2026-02-01T00:00:00Z/2026-03-01T00:00:00Z,,"Amazon Web Services, Inc.",AWS,Anniversary,595673262386,2026-02-01T00:00:00Z,2026-03-01T00:00:00Z,353545917793,Usage,2026-02-01T02:00:00Z,2026-02-02T03:00:00Z,AmazonCloudWatch,USW2-TimedStorage-ByteHrs,HourlyStorageMetering,,arn:aws:logs:us-west-2:353545917793:log-group:Prod-ComplaintCMS-Logs,0.0220369120,,,USD,0.0000000000,0.0000000000,0.0000000000,0.0000000000,First 5GB-mo per month of logs storage is free.,,"Amazon Web Services, Inc.",AmazonCloudWatch,,,,,,,,,,,,,,,,,,,,,,,,,,,,,,,,,,,,,,,,US West (Oregon),AWS Region,,,,,,,,,,,,,,,,,,,,Storage Snapshot,,,,us-west-2,us-west-2,,,,,AmazonCloudWatch,AmazonCloudWatch,MN45SJANDTCPR9QA,,,Amazon S3,,,,,,,,USW2-TimedStorage-ByteHrs,,Current,,,,MN45SJANDTCPR9QA.A429C66SYZ.6YS6EN2CT7,313536233464,USD,0.0006611074,0.0300000000,,GB-Mo,,,,,,,,,,21100991796,,,,,,,,,,,,,,,
kxrwh3c6gmpkzriettydmft4it75nrdrc2dy4alzxpomf43fqbeq,2026-02-01T00:00:00Z/2026-03-01T00:00:00Z,,"Amazon Web Services, Inc.",AWS,Anniversary,595673262386,2026-02-01T00:00:00Z,2026-03-01T00:00:00Z,353545917793,Usage,2026-02-01T02:00:00Z,2026-02-02T03:00:00Z,AmazonCloudWatch,USW2-TimedStorage-ByteHrs,HourlyStorageMetering,,arn:aws:logs:us-west-2:353545917793:log-group:Uat-ComplaintCMS-Logs,0.0002194742,,,USD,0.0000000000,0.0000000000,0.0000000000,0.0000000000,First 5GB-mo per month of logs storage is free.,,"Amazon Web Services, Inc.",AmazonCloudWatch,,,,,,,,,,,,,,,,,,,,,,,,,,,,,,,,,,,,,,,,US West (Oregon),AWS Region,,,,,,,,,,,,,,,,,,,,Storage Snapshot,,,,us-west-2,us-west-2,,,,,AmazonCloudWatch,AmazonCloudWatch,MN45SJANDTCPR9QA,,,Amazon S3,,,,,,,,USW2-TimedStorage-ByteHrs,,Current,,,,MN45SJANDTCPR9QA.A429C66SYZ.6YS6EN2CT7,313536233464,USD,0.0000065842,0.0300000000,,GB-Mo,,,,,,,,,,21100991796,,,,,,,,,,,,,,,
gosjzj3khpghcawsxalgw4r6ra7l332cgrimfbntgimuvc2uhshq,2026-02-01T00:00:00Z/2026-03-01T00:00:00Z,,"Amazon Web Services, Inc.",AWS,Anniversary,595673262386,2026-02-01T00:00:00Z,2026-03-01T00:00:00Z,353545917793,Usage,2026-02-01T23:00:00Z,2026-02-02T00:00:00Z,AmazonRDS,USW2-RDS:ChargedBackupUsage,CreateDBInstance:0014,us-west-2,arn:aws:rds:us-west-2:353545917793:db:postgres-instance,0.1134658087,,,USD,0.0950000000,0.0107792518,0.0950000000,0.0107792518,$0.095 per additional GB-month of backup storage exceeding free allocation running PostgreSQL,,"Amazon Web Services, Inc.",Amazon Relational Database Service,,,,,,,,,,,,,PostgreSQL,,,Single-AZ,,,,,14,,,,,,,,,,,,,,,,,,,US West (Oregon),AWS Region,,,,,,,,,,,,,,CreateDBInstance:0014,,,,,,Storage Snapshot,,,,us-west-2,us-west-2,,,,,AmazonRDS,Amazon Relational Database Service,PAHDKG6EF4XSHYXC,,,AmazonS3,,,,,,,,USW2-RDS:ChargedBackupUsage,,,,,,PAHDKG6EF4XSHYXC.JRTCKXETXF.6YS6EN2CT7,358185881387,USD,0.0107792518,0.0950000000,OnDemand,GB-Mo,,,,,,,,,,21100991768,,,,,,,,,,,,,,,
karxhbif5vy5zpcbt2s5nkngapepy355qkmdwvolleekjhn3ao5q,2026-02-01T00:00:00Z/2026-03-01T00:00:00Z,,"Amazon Web Services, Inc.",AWS,Anniversary,595673262386,2026-02-01T00:00:00Z,2026-03-01T00:00:00Z,353545917793,Usage,2026-02-01T23:00:00Z,2026-02-02T00:00:00Z,AmazonRDS,USW2-RDS:ChargedBackupUsage,CreateDBInstance:0014,us-west-2,arn:aws:rds:us-west-2:353545917793:db:prod-postgres-instance,2.1508229574,,,USD,0.0950000000,0.2043281810,0.0950000000,0.2043281810,$0.095 per additional GB-month of backup storage exceeding free allocation running PostgreSQL,,"Amazon Web Services, Inc.",Amazon Relational Database Service,,,,,,,,,,,,,PostgreSQL,,,Single-AZ,,,,,14,,,,,,,,,,,,,,,,,,,US West (Oregon),AWS Region,,,,,,,,,,,,,,CreateDBInstance:0014,,,,,,Storage Snapshot,,,,us-west-2,us-west-2,,,,,AmazonRDS,Amazon Relational Database Service,PAHDKG6EF4XSHYXC,,,AmazonS3,,,,,,,,USW2-RDS:ChargedBackupUsage,,,,,,PAHDKG6EF4XSHYXC.JRTCKXETXF.6YS6EN2CT7,358185881387,USD,0.2043281810,0.0950000000,OnDemand,GB-Mo,,,,,,,,,,21100991768,,,,,,,,,,,,,,,
yk2fiocj6b6pt5kaixhfnovpabwrbmxftodixtg2kztjl74nyqja,2026-02-01T00:00:00Z/2026-03-01T00:00:00Z,,"Amazon Web Services, Inc.",AWS,Anniversary,595673262386,2026-02-01T00:00:00Z,2026-03-01T00:00:00Z,353545917793,Usage,2026-02-01T00:00:00Z,2026-02-02T09:00:00Z,AmazonRDS,USW2-RDS:GP2-Storage,CreateDBInstance:0014,us-west-2,arn:aws:rds:us-west-2:353545917793:db:postgres-instance,0.9821428584,,,USD,0.0000000000,0.0000000000,0.0000000000,0.0000000000,$0.00 per GB-month of provisioned GP2 storage under monthly free tier running PostgreSQL,,"Amazon Web Services, Inc.",Amazon Relational Database Service,,,,,,,,,,,,,PostgreSQL,,,Single-AZ,,,,,14,,,,,,,,,,,,,,,,,,,US West (Oregon),AWS Region,,,,,16 TB,,,,5 GB,,,,,CreateDBInstance:0014,,,,,,Database Storage,,,,us-west-2,us-west-2,,,,,AmazonRDS,Amazon Relational Database Service,2VP5XUXUD54VY3R9,,,SSD,,,,,,,,USW2-RDS:GP2-Storage,,,,General Purpose,,2VP5XUXUD54VY3R9.A429C66SYZ.6YS6EN2CT7,358180346372,USD,0.1129464287,0.1150000000,,GB-Mo,,,,,,,,,,21100991768,,,,,,,,,,,,,,,
cv5h3yskcpn2bv3n5xxtnvhiznspp3ch4qqbazwvrlc4b3egyakq,2026-02-01T00:00:00Z/2026-03-01T00:00:00Z,,"Amazon Web Services, Inc.",AWS,Anniversary,595673262386,2026-02-01T00:00:00Z,2026-03-01T00:00:00Z,353545917793,Usage,2026-02-01T00:00:00Z,2026-02-02T10:00:00Z,AmazonRDS,USW2-RDS:Multi-AZ-GP2-Storage,CreateDBInstance:0014,us-west-2,arn:aws:rds:us-west-2:353545917793:db:prod-postgres-instance,1.0119047632,,,USD,0.2300000000,0.2327380954,0.2300000000,0.2327380954,$0.23 per GB-month of provisioned gp2 storage for Multi-AZ deployments running PostgreSQL,,"Amazon Web Services, Inc.",Amazon Relational Database Service,,,,,,,,,,,,,PostgreSQL,,,Multi-AZ,,,,,14,,,,,,,,,,,,,,,,,,,US West (Oregon),AWS Region,,,,,16 TB,,,,5 GB,,,,,CreateDBInstance:0014,,,,,,Database Storage,,,,us-west-2,us-west-2,,,,,AmazonRDS,Amazon Relational Database Service,DBHK52NRMSR2EUCF,,,SSD,,,,,,,,USW2-RDS:Multi-AZ-GP2-Storage,,,,General Purpose,,DBHK52NRMSR2EUCF.JRTCKXETXF.6YS6EN2CT7,358185751330,USD,0.2327380955,0.2300000000,OnDemand,GB-Mo,,,,,,,,,,21100991768,,,,,,,,,,,,,,,
rfeuf5uzky626ylh73jmsd33z3prbuny24cebbatxpaa6dnpq2gq,2026-02-01T00:00:00Z/2026-03-01T00:00:00Z,,"Amazon Web Services, Inc.",AWS,Anniversary,595673262386,2026-02-01T00:00:00Z,2026-03-01T00:00:00Z,353545917793,Usage,2026-02-01T03:00:00Z,2026-02-02T11:00:00Z,AmazonSES,USW2-Recipients-EC2,Send,,,330.0000000000,,,USD,0.0000000000,0.0000000000,0.0000000000,0.0000000000,USD0.0 Cost per recipient of SendEmail or SendRawEmail EC2 USW2,,"Amazon Web Services, Inc.",Amazon Simple Email Service,,,,,,,,,,,Message Body,,,,,,Charged for each email sent from AmazonEC2 to an external recipient,,,,,,,,,,,,,,,,,,,,,,,US West (Oregon),AWS Region,,,,,,,,,,,,,,Send,Amazon EC2,,,,,Sending Email,,,Other,us-west-2,us-west-2,,,,,AmazonSES,Amazon Simple Email Service,77JYSDZS6S87V5VK,,,,,,,,,,,USW2-Recipients-EC2,,,,,,77JYSDZS6S87V5VK.A429C66SYZ.6YS6EN2CT7,313508950568,USD,0.0330000000,0.0001000000,,Count,,,,,,,,,,21100991775,,,,,,,,,,,,,,,
qdfkjlcxl44ouq4pflpp6kqoas736fjeqh25cxngp6mescdqiiha,2026-02-01T00:00:00Z/2026-03-01T00:00:00Z,,"Amazon Web Services, Inc.",AWS,Anniversary,595673262386,2026-02-01T00:00:00Z,2026-03-01T00:00:00Z,353545917793,Usage,2026-02-01T00:00:00Z,2026-02-02T09:00:00Z,AmazonRDS,USW2-InstanceUsage:db.t4g.micro,CreateDBInstance:0014,us-west-2,arn:aws:rds:us-west-2:353545917793:db:postgres-instance,33.0000000000,0.5,16.5000000000,USD,0.0000000000,0.0000000000,0.0000000000,0.0000000000,$0.00 per RDS db.t4g.micro instance hour (or partial hour) running PostgreSQL under monthly free tier,,"Amazon Web Services, Inc.",Amazon Relational Database Service,,,,,,,,,,,,Yes,PostgreSQL,,,Single-AZ,,,,,14,,,,,,,,,,,,General purpose,db.t4g.micro,T4G,,,,No license required,US West (Oregon),AWS Region,,,,,,1 GiB,,,,,Up to 5 Gigabit,0.5,,CreateDBInstance:0014,,AWS Graviton2,,64-bit,,Database Instance,,,,us-west-2,us-west-2,,,,,AmazonRDS,Amazon Relational Database Service,CT79XNCJJGH56FA8,EBS Only,,,,,,,,,FALSE,USW2-InstanceUsage:db.t4g.micro,2,,,,,CT79XNCJJGH56FA8.A429C66SYZ.6YS6EN2CT7,358180334834,USD,0.5280000000,0.0160000000,,Hrs,,,,,,,,,,21100991768,,,,,,,,,,,,,,,
l75hfidcq3e3asderd24l3fwma5srmzfhmjtcadwmgppxqn2ljhq,2026-02-01T00:00:00Z/2026-03-01T00:00:00Z,,"Amazon Web Services, Inc.",AWS,Anniversary,595673262386,2026-02-01T00:00:00Z,2026-03-01T00:00:00Z,353545917793,Usage,2026-02-01T00:00:00Z,2026-02-02T09:00:00Z,AmazonRDS,USW2-Multi-AZUsage:db.t4g.large,CreateDBInstance:0014,us-west-2,arn:aws:rds:us-west-2:353545917793:db:prod-postgres-instance,33.0000000000,8,264.0000000000,USD,0.2580000000,8.5140000000,0.2580000000,8.5140000000,$ 0.258 per RDS db.t4g.large Multi-AZ instance hour (or partial hour) running PostgreSQL,,"Amazon Web Services, Inc.",Amazon Relational Database Service,,,,,,,,,,,,Yes,PostgreSQL,,,Multi-AZ,,,,,14,,,,,,,,,,,,General purpose,db.t4g.large,T4G,,,,No license required,US West (Oregon),AWS Region,,,,,,8 GiB,,,,,Up to 5 Gigabit,8,,CreateDBInstance:0014,,AWS Graviton2,,64-bit,,Database Instance,,,,us-west-2,us-west-2,,,,,AmazonRDS,Amazon Relational Database Service,DWGWNT6B9U7FXCXR,EBS Only,,,,,,,,,FALSE,USW2-Multi-AZUsage:db.t4g.large,2,,,,,DWGWNT6B9U7FXCXR.JRTCKXETXF.6YS6EN2CT7,358185824497,USD,8.5140000000,0.2580000000,OnDemand,Hrs,,,,,,,,,,21100991768,,,,,,,,,,,,,,,
si2duejflh7bx6hxrmtay7v2ykyzz7vntiwzipraxw3hg4g57uva,2026-02-01T00:00:00Z/2026-03-01T00:00:00Z,,"Amazon Web Services, Inc.",AWS,Anniversary,595673262386,2026-02-01T00:00:00Z,2026-03-01T00:00:00Z,353545917793,Usage,2026-02-01T00:00:00Z,2026-02-02T06:00:00Z,AmazonEC2,USW2-EBS:VolumeUsage.gp3,CreateVolume-Gp3,,vol-00e78d68a9d95b9fc,0.3571428570,,,USD,0.0000000000,0.0000000000,0.0000000000,0.0000000000,$0.00 per GB-month of General Purpose (gp3) provisioned storage under monthly free tier,,"Amazon Web Services, Inc.",Amazon Elastic Compute Cloud,,,,,,,,,,,,,,,,,,,,,,,,,,,,,,,,,,,,,,,,US West (Oregon),AWS Region,,,80000,2000 MiB/s,64 TiB,,,,,,,,,,,,,,,Storage,,,,us-west-2,us-west-2,,,,,AmazonEC2,Amazon Elastic Compute Cloud,BB8UJWJ4XPFJB95G,,,SSD-backed,,,,,,,,USW2-EBS:VolumeUsage.gp3,,,gp3,General Purpose,,BB8UJWJ4XPFJB95G.A429C66SYZ.6YS6EN2CT7,360846037122,USD,0.0285714286,0.0800000000,,GB-Mo,,,,,,,,,,21100991764,,,,,,,,,,,,,,,
7agte5lukkt7megztyf6ho7cplbegmpeerzb635gjw2atc3yovkq,2026-02-01T00:00:00Z/2026-03-01T00:00:00Z,,"Amazon Web Services, Inc.",AWS,Anniversary,595673262386,2026-02-01T00:00:00Z,2026-03-01T00:00:00Z,353545917793,Usage,2026-02-01T20:00:00Z,2026-02-02T06:00:00Z,AmazonEC2,USW2-EBS:VolumeUsage.gp3,CreateVolume-Gp3,,vol-026a8c8378832c9ae,0.2678571430,,,USD,0.0000000000,0.0000000000,0.0000000000,0.0000000000,$0.00 per GB-month of General Purpose (gp3) provisioned storage under monthly free tier,,"Amazon Web Services, Inc.",Amazon Elastic Compute Cloud,,,,,,,,,,,,,,,,,,,,,,,,,,,,,,,,,,,,,,,,US West (Oregon),AWS Region,,,80000,2000 MiB/s,64 TiB,,,,,,,,,,,,,,,Storage,,,,us-west-2,us-west-2,,,,,AmazonEC2,Amazon Elastic Compute Cloud,BB8UJWJ4XPFJB95G,,,SSD-backed,,,,,,,,USW2-EBS:VolumeUsage.gp3,,,gp3,General Purpose,,BB8UJWJ4XPFJB95G.A429C66SYZ.6YS6EN2CT7,360846037122,USD,0.0214285714,0.0800000000,,GB-Mo,,,,,,,,,,21100991764,,,,,,,,,,,,,,,
ba24sq5gjo4hwwuym4eoi2wzghtky5ifhzpy6trsgwf52sadk4vq,2026-02-01T00:00:00Z/2026-03-01T00:00:00Z,,"Amazon Web Services, Inc.",AWS,Anniversary,595673262386,2026-02-01T00:00:00Z,2026-03-01T00:00:00Z,353545917793,Usage,2026-02-01T19:00:00Z,2026-02-01T20:00:00Z,AmazonEC2,USW2-EBS:VolumeUsage.gp3,CreateVolume-Gp3,,vol-02c1fd64019165f3f,0.0251934524,,,USD,0.0000000000,0.0000000000,0.0000000000,0.0000000000,$0.00 per GB-month of General Purpose (gp3) provisioned storage under monthly free tier,,"Amazon Web Services, Inc.",Amazon Elastic Compute Cloud,,,,,,,,,,,,,,,,,,,,,,,,,,,,,,,,,,,,,,,,US West (Oregon),AWS Region,,,80000,2000 MiB/s,64 TiB,,,,,,,,,,,,,,,Storage,,,,us-west-2,us-west-2,,,,,AmazonEC2,Amazon Elastic Compute Cloud,BB8UJWJ4XPFJB95G,,,SSD-backed,,,,,,,,USW2-EBS:VolumeUsage.gp3,,,gp3,General Purpose,,BB8UJWJ4XPFJB95G.A429C66SYZ.6YS6EN2CT7,360846037122,USD,0.0020154762,0.0800000000,,GB-Mo,,,,,,,,,,21100991764,,,,,,,,,,,,,,,
wboon7rl3bog2asoio3kpgxvuwi7k5kmexowznm4iaq7p5cylidq,2026-02-01T00:00:00Z/2026-03-01T00:00:00Z,,"Amazon Web Services, Inc.",AWS,Anniversary,595673262386,2026-02-01T00:00:00Z,2026-03-01T00:00:00Z,353545917793,Usage,2026-02-01T00:00:00Z,2026-02-02T06:00:00Z,AmazonEC2,USW2-EBS:VolumeUsage.gp3,CreateVolume-Gp3,,vol-0304a1065239363fa,0.8035714290,,,USD,0.0000000000,0.0000000000,0.0000000000,0.0000000000,$0.00 per GB-month of General Purpose (gp3) provisioned storage under monthly free tier,,"Amazon Web Services, Inc.",Amazon Elastic Compute Cloud,,,,,,,,,,,,,,,,,,,,,,,,,,,,,,,,,,,,,,,,US West (Oregon),AWS Region,,,80000,2000 MiB/s,64 TiB,,,,,,,,,,,,,,,Storage,,,,us-west-2,us-west-2,,,,,AmazonEC2,Amazon Elastic Compute Cloud,BB8UJWJ4XPFJB95G,,,SSD-backed,,,,,,,,USW2-EBS:VolumeUsage.gp3,,,gp3,General Purpose,,BB8UJWJ4XPFJB95G.A429C66SYZ.6YS6EN2CT7,360846037122,USD,0.0642857143,0.0800000000,,GB-Mo,,,,,,,,,,21100991764,,,,,,,,,,,,,,,
r4ynszvvg4qdzzp3kjzjb3q6dvsb7ghokdlr32te3jfsquvw2waq,2026-02-01T00:00:00Z/2026-03-01T00:00:00Z,,"Amazon Web Services, Inc.",AWS,Anniversary,595673262386,2026-02-01T00:00:00Z,2026-03-01T00:00:00Z,353545917793,Usage,2026-02-01T00:00:00Z,2026-02-01T19:00:00Z,AmazonEC2,USW2-EBS:VolumeUsage.gp3,CreateVolume-Gp3,,vol-045bce7bea31d1d55,0.5067336312,,,USD,0.0000000000,0.0000000000,0.0000000000,0.0000000000,$0.00 per GB-month of General Purpose (gp3) provisioned storage under monthly free tier,,"Amazon Web Services, Inc.",Amazon Elastic Compute Cloud,,,,,,,,,,,,,,,,,,,,,,,,,,,,,,,,,,,,,,,,US West (Oregon),AWS Region,,,80000,2000 MiB/s,64 TiB,,,,,,,,,,,,,,,Storage,,,,us-west-2,us-west-2,,,,,AmazonEC2,Amazon Elastic Compute Cloud,BB8UJWJ4XPFJB95G,,,SSD-backed,,,,,,,,USW2-EBS:VolumeUsage.gp3,,,gp3,General Purpose,,BB8UJWJ4XPFJB95G.A429C66SYZ.6YS6EN2CT7,360846037122,USD,0.0405386905,0.0800000000,,GB-Mo,,,,,,,,,,21100991764,,,,,,,,,,,,,,,
wkzt35h4xooj724cun2lqyi4u3k7nww7bcjdaelutge4vbm7ve2q,2026-02-01T00:00:00Z/2026-03-01T00:00:00Z,,"Amazon Web Services, Inc.",AWS,Anniversary,595673262386,2026-02-01T00:00:00Z,2026-03-01T00:00:00Z,353545917793,Usage,2026-02-01T00:00:00Z,2026-02-02T06:00:00Z,AmazonEC2,USW2-EBS:VolumeUsage.gp3,CreateVolume-Gp3,,vol-04cc4a206b02b043d,0.3571428570,,,USD,0.0000000000,0.0000000000,0.0000000000,0.0000000000,$0.00 per GB-month of General Purpose (gp3) provisioned storage under monthly free tier,,"Amazon Web Services, Inc.",Amazon Elastic Compute Cloud,,,,,,,,,,,,,,,,,,,,,,,,,,,,,,,,,,,,,,,,US West (Oregon),AWS Region,,,80000,2000 MiB/s,64 TiB,,,,,,,,,,,,,,,Storage,,,,us-west-2,us-west-2,,,,,AmazonEC2,Amazon Elastic Compute Cloud,BB8UJWJ4XPFJB95G,,,SSD-backed,,,,,,,,USW2-EBS:VolumeUsage.gp3,,,gp3,General Purpose,,BB8UJWJ4XPFJB95G.A429C66SYZ.6YS6EN2CT7,360846037122,USD,0.0285714286,0.0800000000,,GB-Mo,,,,,,,,,,21100991764,,,,,,,,,,,,,,,
gf7ef5pjcwoqdhsdpqxonyozsxqi6fb53l4jym67udtxxsqrgcca,2026-02-01T00:00:00Z/2026-03-01T00:00:00Z,,"Amazon Web Services, Inc.",AWS,Anniversary,595673262386,2026-02-01T00:00:00Z,2026-03-01T00:00:00Z,353545917793,Usage,2026-02-01T00:00:00Z,2026-02-02T06:00:00Z,AmazonEC2,USW2-EBS:VolumeUsage.gp3,CreateVolume-Gp3,,vol-05cb79d8168926300,0.4464285720,,,USD,0.0000000000,0.0000000000,0.0000000000,0.0000000000,$0.00 per GB-month of General Purpose (gp3) provisioned storage under monthly free tier,,"Amazon Web Services, Inc.",Amazon Elastic Compute Cloud,,,,,,,,,,,,,,,,,,,,,,,,,,,,,,,,,,,,,,,,US West (Oregon),AWS Region,,,80000,2000 MiB/s,64 TiB,,,,,,,,,,,,,,,Storage,,,,us-west-2,us-west-2,,,,,AmazonEC2,Amazon Elastic Compute Cloud,BB8UJWJ4XPFJB95G,,,SSD-backed,,,,,,,,USW2-EBS:VolumeUsage.gp3,,,gp3,General Purpose,,BB8UJWJ4XPFJB95G.A429C66SYZ.6YS6EN2CT7,360846037122,USD,0.0357142858,0.0800000000,,GB-Mo,,,,,,,,,,21100991764,,,,,,,,,,,,,,,
tw47mtrhgmhvkxrga26pam7cdo4jfhqg5hgvwqmld6gijvdgh3ja,2026-02-01T00:00:00Z/2026-03-01T00:00:00Z,,"Amazon Web Services, Inc.",AWS,Anniversary,595673262386,2026-02-01T00:00:00Z,2026-03-01T00:00:00Z,353545917793,Usage,2026-02-01T00:00:00Z,2026-02-01T20:00:00Z,AmazonEC2,USW2-EBS:VolumeUsage.gp3,CreateVolume-Gp3,,vol-05d65b1cb180329d2,0.5209598217,,,USD,0.0000000000,0.0000000000,0.0000000000,0.0000000000,$0.00 per GB-month of General Purpose (gp3) provisioned storage under monthly free tier,,"Amazon Web Services, Inc.",Amazon Elastic Compute Cloud,,,,,,,,,,,,,,,,,,,,,,,,,,,,,,,,,,,,,,,,US West (Oregon),AWS Region,,,80000,2000 MiB/s,64 TiB,,,,,,,,,,,,,,,Storage,,,,us-west-2,us-west-2,,,,,AmazonEC2,Amazon Elastic Compute Cloud,BB8UJWJ4XPFJB95G,,,SSD-backed,,,,,,,,USW2-EBS:VolumeUsage.gp3,,,gp3,General Purpose,,BB8UJWJ4XPFJB95G.A429C66SYZ.6YS6EN2CT7,360846037122,USD,0.0416767857,0.0800000000,,GB-Mo,,,,,,,,,,21100991764,,,,,,,,,,,,,,,
a7qhxbomrxseuhocalqfcw3uaaclcmqlejvorexiyruie3nqrtxq,2026-02-01T00:00:00Z/2026-03-01T00:00:00Z,,"Amazon Web Services, Inc.",AWS,Anniversary,595673262386,2026-02-01T00:00:00Z,2026-03-01T00:00:00Z,353545917793,Usage,2026-02-01T00:00:00Z,2026-02-02T06:00:00Z,AmazonEC2,USW2-EBS:VolumeUsage.gp3,CreateVolume-Gp3,,vol-07dccf32961b55601,0.8035714290,,,USD,0.0000000000,0.0000000000,0.0000000000,0.0000000000,$0.00 per GB-month of General Purpose (gp3) provisioned storage under monthly free tier,,"Amazon Web Services, Inc.",Amazon Elastic Compute Cloud,,,,,,,,,,,,,,,,,,,,,,,,,,,,,,,,,,,,,,,,US West (Oregon),AWS Region,,,80000,2000 MiB/s,64 TiB,,,,,,,,,,,,,,,Storage,,,,us-west-2,us-west-2,,,,,AmazonEC2,Amazon Elastic Compute Cloud,BB8UJWJ4XPFJB95G,,,SSD-backed,,,,,,,,USW2-EBS:VolumeUsage.gp3,,,gp3,General Purpose,,BB8UJWJ4XPFJB95G.A429C66SYZ.6YS6EN2CT7,360846037122,USD,0.0642857143,0.0800000000,,GB-Mo,,,,,,,,,,21100991764,,,,,,,,,,,,,,,
rjlo4eshwfvkea3arwcg6mo3z5i46wlx4ip2h5sdd6zo6d5qnvya,2026-02-01T00:00:00Z/2026-03-01T00:00:00Z,,"Amazon Web Services, Inc.",AWS,Anniversary,595673262386,2026-02-01T00:00:00Z,2026-03-01T00:00:00Z,353545917793,Usage,2026-02-01T00:00:00Z,2026-02-02T06:00:00Z,AmazonEC2,USW2-EBS:VolumeUsage.gp3,CreateVolume-Gp3,,vol-09bad9797a3233750,0.4464285720,,,USD,0.0000000000,0.0000000000,0.0000000000,0.0000000000,$0.00 per GB-month of General Purpose (gp3) provisioned storage under monthly free tier,,"Amazon Web Services, Inc.",Amazon Elastic Compute Cloud,,,,,,,,,,,,,,,,,,,,,,,,,,,,,,,,,,,,,,,,US West (Oregon),AWS Region,,,80000,2000 MiB/s,64 TiB,,,,,,,,,,,,,,,Storage,,,,us-west-2,us-west-2,,,,,AmazonEC2,Amazon Elastic Compute Cloud,BB8UJWJ4XPFJB95G,,,SSD-backed,,,,,,,,USW2-EBS:VolumeUsage.gp3,,,gp3,General Purpose,,BB8UJWJ4XPFJB95G.A429C66SYZ.6YS6EN2CT7,360846037122,USD,0.0357142858,0.0800000000,,GB-Mo,,,,,,,,,,21100991764,,,,,,,,,,,,,,,
63rgzrygma43e56s5gnvm5wlvr65qiomhyqeow23tz6cra2xbw6q,2026-02-01T00:00:00Z/2026-03-01T00:00:00Z,,"Amazon Web Services, Inc.",AWS,Anniversary,595673262386,2026-02-01T00:00:00Z,2026-03-01T00:00:00Z,353545917793,Usage,2026-02-01T00:00:00Z,2026-02-02T06:00:00Z,AmazonEC2,USW2-EBS:VolumeUsage.gp3,CreateVolume-Gp3,,vol-0bcfac838f4123e62,0.4464285720,,,USD,0.0000000000,0.0000000000,0.0000000000,0.0000000000,$0.00 per GB-month of General Purpose (gp3) provisioned storage under monthly free tier,,"Amazon Web Services, Inc.",Amazon Elastic Compute Cloud,,,,,,,,,,,,,,,,,,,,,,,,,,,,,,,,,,,,,,,,US West (Oregon),AWS Region,,,80000,2000 MiB/s,64 TiB,,,,,,,,,,,,,,,Storage,,,,us-west-2,us-west-2,,,,,AmazonEC2,Amazon Elastic Compute Cloud,BB8UJWJ4XPFJB95G,,,SSD-backed,,,,,,,,USW2-EBS:VolumeUsage.gp3,,,gp3,General Purpose,,BB8UJWJ4XPFJB95G.A429C66SYZ.6YS6EN2CT7,360846037122,USD,0.0357142858,0.0800000000,,GB-Mo,,,,,,,,,,21100991764,,,,,,,,,,,,,,,
po46ltx4utv27fxme7jdigu3t2vo33qvdq7nhc23zwfq5ph5iatq,2026-02-01T00:00:00Z/2026-03-01T00:00:00Z,,"Amazon Web Services, Inc.",AWS,Anniversary,595673262386,2026-02-01T00:00:00Z,2026-03-01T00:00:00Z,353545917793,Usage,2026-02-01T00:00:00Z,2026-02-02T06:00:00Z,AmazonEC2,USW2-EBS:VolumeUsage.gp3,CreateVolume-Gp3,,vol-0cfffbd2d74918051,0.3571428570,,,USD,0.0000000000,0.0000000000,0.0000000000,0.0000000000,$0.00 per GB-month of General Purpose (gp3) provisioned storage under monthly free tier,,"Amazon Web Services, Inc.",Amazon Elastic Compute Cloud,,,,,,,,,,,,,,,,,,,,,,,,,,,,,,,,,,,,,,,,US West (Oregon),AWS Region,,,80000,2000 MiB/s,64 TiB,,,,,,,,,,,,,,,Storage,,,,us-west-2,us-west-2,,,,,AmazonEC2,Amazon Elastic Compute Cloud,BB8UJWJ4XPFJB95G,,,SSD-backed,,,,,,,,USW2-EBS:VolumeUsage.gp3,,,gp3,General Purpose,,BB8UJWJ4XPFJB95G.A429C66SYZ.6YS6EN2CT7,360846037122,USD,0.0285714286,0.0800000000,,GB-Mo,,,,,,,,,,21100991764,,,,,,,,,,,,,,,
456kagy47eyqep3f5wfderuhti3g4wxorzn5yctbnrb7uwzoz5bq,2026-02-01T00:00:00Z/2026-03-01T00:00:00Z,,"Amazon Web Services, Inc.",AWS,Anniversary,595673262386,2026-02-01T00:00:00Z,2026-03-01T00:00:00Z,353545917793,Usage,2026-02-01T19:00:00Z,2026-02-01T20:00:00Z,AmazonEC2,USW2-EBS:VolumeUsage.gp3,CreateVolume-Gp3,,vol-0e8c919b1844262ac,0.0208556548,,,USD,0.0000000000,0.0000000000,0.0000000000,0.0000000000,$0.00 per GB-month of General Purpose (gp3) provisioned storage under monthly free tier,,"Amazon Web Services, Inc.",Amazon Elastic Compute Cloud,,,,,,,,,,,,,,,,,,,,,,,,,,,,,,,,,,,,,,,,US West (Oregon),AWS Region,,,80000,2000 MiB/s,64 TiB,,,,,,,,,,,,,,,Storage,,,,us-west-2,us-west-2,,,,,AmazonEC2,Amazon Elastic Compute Cloud,BB8UJWJ4XPFJB95G,,,SSD-backed,,,,,,,,USW2-EBS:VolumeUsage.gp3,,,gp3,General Purpose,,BB8UJWJ4XPFJB95G.A429C66SYZ.6YS6EN2CT7,360846037122,USD,0.0016684524,0.0800000000,,GB-Mo,,,,,,,,,,21100991764,,,,,,,,,,,,,,,
4clgvxht4iuegikljxovmtsuz3dzhu7patz4yiyrhkopdjjzteja,2026-02-01T00:00:00Z/2026-03-01T00:00:00Z,,"Amazon Web Services, Inc.",AWS,Anniversary,595673262386,2026-02-01T00:00:00Z,2026-03-01T00:00:00Z,353545917793,Usage,2026-02-01T00:00:00Z,2026-02-02T07:00:00Z,AmazonEC2,USW2-EBSOptimized:t4g.micro,Hourly,us-west-2b,i-05664a6d7944e348d,31.0000000000,0.5,15.5000000000,USD,0.0000000000,0.0000000000,0.0000000000,0.0000000000,$0.00 for 87 Mbps per t4g.micro instance-hour (or partial hour),,"Amazon Web Services, Inc.",Amazon Elastic Compute Cloud,,,,NA,NA,false,2.5 GHz,,,,,Yes,,Up to 2085 Mbps,87 Mbps,,,,NA,,,No,,,,,,,NA,,,,General purpose,t4g.micro,,No,No,No,NA,US West (Oregon),AWS Region,,OnDemand,,,,1 GiB,,,,,Up to 5 Gigabit,0.5,NA,Hourly,,AWS Graviton2 Processor,NA,64-bit,,Compute Instance,,,,us-west-2,us-west-2,,,,,AmazonEC2,Amazon Elastic Compute Cloud,5UKN9F3WK2ZXT5J5,EBS only,,,,NA,,,,,,USW2-EBSOptimized:t4g.micro,2,,,,true,5UKN9F3WK2ZXT5J5.JRTCKXETXF.6YS6EN2CT7,360949621526,USD,0.0000000000,,OnDemand,Hrs,,,,,,,,,,21100991764,,,,,,,,,,,,,,,
jhrkq6y7vt7j4z42k4wccozki5qgpul443asff7ebzrurvwybd3q,2026-02-01T00:00:00Z/2026-03-01T00:00:00Z,,"Amazon Web Services, Inc.",AWS,Anniversary,595673262386,2026-02-01T00:00:00Z,2026-03-01T00:00:00Z,353545917793,Usage,2026-02-01T00:00:00Z,2026-02-01T20:00:00Z,AmazonEC2,USW2-BoxUsage:t3.medium,RunInstances,us-west-2a,i-002ddab9222dfe0bc,19.2766660000,2,38.5533320000,USD,0.0416000000,0.8019093056,0.0416000000,0.8019093056,$0.0416 per On Demand Linux t3.medium Instance Hour,,"Amazon Web Services, Inc.",Amazon Elastic Compute Cloud,,,,NA,Used,false,3.1 GHz,,,,,Yes,,Up to 2085 Mbps,347 Mbps,,,,NA,,,No,,,,,,,NA,,,,General purpose,t3.medium,t3,Yes,Yes,Yes,No License required,US West (Oregon),AWS Region,,OnDemand,,,,4 GiB,,,,,Up to 5 Gigabit,2,Linux,RunInstances,,Intel Skylake E5 2686 v5,NA,64-bit,AVX; AVX2; Intel AVX; Intel AVX2; Intel AVX512; Intel Turbo,Compute Instance,,,,us-west-2,us-west-2,,,,,AmazonEC2,Amazon Elastic Compute Cloud,83H2W4FZK86NAGZF,EBS only,,,,Shared,,,,,,USW2-BoxUsage:t3.medium,2,,,,true,83H2W4FZK86NAGZF.JRTCKXETXF.6YS6EN2CT7,360949707894,USD,0.8019093056,0.0416000000,OnDemand,Hrs,,,,,,,,,,21100991764,,,,,,,,,,,,,,,
tjykn7e4ahpvmycij3wxlduep7fxoww42uqobamal3fmda6aitoa,2026-02-01T00:00:00Z/2026-03-01T00:00:00Z,,"Amazon Web Services, Inc.",AWS,Anniversary,595673262386,2026-02-01T00:00:00Z,2026-03-01T00:00:00Z,353545917793,Usage,2026-02-01T19:00:00Z,2026-02-01T21:00:00Z,AmazonEC2,USW2-BoxUsage:t3.medium,RunInstances,us-west-2a,i-027fb26adbe5ed18f,0.7505560000,2,1.5011120000,USD,0.0416000000,0.0312231296,0.0416000000,0.0312231296,$0.0416 per On Demand Linux t3.medium Instance Hour,,"Amazon Web Services, Inc.",Amazon Elastic Compute Cloud,,,,NA,Used,false,3.1 GHz,,,,,Yes,,Up to 2085 Mbps,347 Mbps,,,,NA,,,No,,,,,,,NA,,,,General purpose,t3.medium,t3,Yes,Yes,Yes,No License required,US West (Oregon),AWS Region,,OnDemand,,,,4 GiB,,,,,Up to 5 Gigabit,2,Linux,RunInstances,,Intel Skylake E5 2686 v5,NA,64-bit,AVX; AVX2; Intel AVX; Intel AVX2; Intel AVX512; Intel Turbo,Compute Instance,,,,us-west-2,us-west-2,,,,,AmazonEC2,Amazon Elastic Compute Cloud,83H2W4FZK86NAGZF,EBS only,,,,Shared,,,,,,USW2-BoxUsage:t3.medium,2,,,,true,83H2W4FZK86NAGZF.JRTCKXETXF.6YS6EN2CT7,360949707894,USD,0.0312231296,0.0416000000,OnDemand,Hrs,,,,,,,,,,21100991764,,,,,,,,,,,,,,,
srvqm56fufblsvl2hekqcfd7zl3rrjz7nuitruwgckocun7q7ujq,2026-02-01T00:00:00Z/2026-03-01T00:00:00Z,,"Amazon Web Services, Inc.",AWS,Anniversary,595673262386,2026-02-01T00:00:00Z,2026-03-01T00:00:00Z,353545917793,Usage,2026-02-01T20:00:00Z,2026-02-02T09:00:00Z,AmazonEC2,USW2-BoxUsage:t3.medium,RunInstances,us-west-2a,i-03dcf6b74c7efc8a2,12.0000000000,2,24.0000000000,USD,0.0416000000,0.4992000000,0.0416000000,0.4992000000,$0.0416 per On Demand Linux t3.medium Instance Hour,,"Amazon Web Services, Inc.",Amazon Elastic Compute Cloud,,,,NA,Used,false,3.1 GHz,,,,,Yes,,Up to 2085 Mbps,347 Mbps,,,,NA,,,No,,,,,,,NA,,,,General purpose,t3.medium,t3,Yes,Yes,Yes,No License required,US West (Oregon),AWS Region,,OnDemand,,,,4 GiB,,,,,Up to 5 Gigabit,2,Linux,RunInstances,,Intel Skylake E5 2686 v5,NA,64-bit,AVX; AVX2; Intel AVX; Intel AVX2; Intel AVX512; Intel Turbo,Compute Instance,,,,us-west-2,us-west-2,,,,,AmazonEC2,Amazon Elastic Compute Cloud,83H2W4FZK86NAGZF,EBS only,,,,Shared,,,,,,USW2-BoxUsage:t3.medium,2,,,,true,83H2W4FZK86NAGZF.JRTCKXETXF.6YS6EN2CT7,360949707894,USD,0.4992000000,0.0416000000,OnDemand,Hrs,,,,,,,,,,21100991764,,,,,,,,,,,,,,,
mxix4m3chjcflhnbwqrcla3kapraenx3d2simdcuwrx35pwrmotq,2026-02-01T00:00:00Z/2026-03-01T00:00:00Z,,"Amazon Web Services, Inc.",AWS,Anniversary,595673262386,2026-02-01T00:00:00Z,2026-03-01T00:00:00Z,353545917793,Usage,2026-02-01T00:00:00Z,2026-02-02T09:00:00Z,AmazonEC2,USW2-BoxUsage:t3.medium,RunInstances,us-west-2a,i-04b5fa4c2a30b6718,32.7811110000,2,65.5622220000,USD,0.0416000000,1.3636942176,0.0416000000,1.3636942176,$0.0416 per On Demand Linux t3.medium Instance Hour,,"Amazon Web Services, Inc.",Amazon Elastic Compute Cloud,,,,NA,Used,false,3.1 GHz,,,,,Yes,,Up to 2085 Mbps,347 Mbps,,,,NA,,,No,,,,,,,NA,,,,General purpose,t3.medium,t3,Yes,Yes,Yes,No License required,US West (Oregon),AWS Region,,OnDemand,,,,4 GiB,,,,,Up to 5 Gigabit,2,Linux,RunInstances,,Intel Skylake E5 2686 v5,NA,64-bit,AVX; AVX2; Intel AVX; Intel AVX2; Intel AVX512; Intel Turbo,Compute Instance,,,,us-west-2,us-west-2,,,,,AmazonEC2,Amazon Elastic Compute Cloud,83H2W4FZK86NAGZF,EBS only,,,,Shared,,,,,,USW2-BoxUsage:t3.medium,2,,,,true,83H2W4FZK86NAGZF.JRTCKXETXF.6YS6EN2CT7,360949707894,USD,1.3636942176,0.0416000000,OnDemand,Hrs,,,,,,,,,,21100991764,,,,,,,,,,,,,,,
536vqugvyeygy5dah4qv2ylkpimhbccp53wly4b2ayrumgenfpdq,2026-02-01T00:00:00Z/2026-03-01T00:00:00Z,,"Amazon Web Services, Inc.",AWS,Anniversary,595673262386,2026-02-01T00:00:00Z,2026-03-01T00:00:00Z,353545917793,Usage,2026-02-01T00:00:00Z,2026-02-02T09:00:00Z,AmazonEC2,USW2-BoxUsage:t3.medium,RunInstances,us-west-2b,i-04352cb9038c39c86,32.2947220000,2,64.5894440000,USD,0.0416000000,1.3434604352,0.0416000000,1.3434604352,$0.0416 per On Demand Linux t3.medium Instance Hour,,"Amazon Web Services, Inc.",Amazon Elastic Compute Cloud,,,,NA,Used,false,3.1 GHz,,,,,Yes,,Up to 2085 Mbps,347 Mbps,,,,NA,,,No,,,,,,,NA,,,,General purpose,t3.medium,t3,Yes,Yes,Yes,No License required,US West (Oregon),AWS Region,,OnDemand,,,,4 GiB,,,,,Up to 5 Gigabit,2,Linux,RunInstances,,Intel Skylake E5 2686 v5,NA,64-bit,AVX; AVX2; Intel AVX; Intel AVX2; Intel AVX512; Intel Turbo,Compute Instance,,,,us-west-2,us-west-2,,,,,AmazonEC2,Amazon Elastic Compute Cloud,83H2W4FZK86NAGZF,EBS only,,,,Shared,,,,,,USW2-BoxUsage:t3.medium,2,,,,true,83H2W4FZK86NAGZF.JRTCKXETXF.6YS6EN2CT7,360949707894,USD,1.3434604352,0.0416000000,OnDemand,Hrs,,,,,,,,,,21100991764,,,,,,,,,,,,,,,
cw7x2h44ltkqjfxjri3xnvxa4mh2m5ohsfhnps77ycujutxbxw4a,2026-02-01T00:00:00Z/2026-03-01T00:00:00Z,,"Amazon Web Services, Inc.",AWS,Anniversary,595673262386,2026-02-01T00:00:00Z,2026-03-01T00:00:00Z,353545917793,Usage,2026-02-01T19:00:00Z,2026-02-01T21:00:00Z,AmazonEC2,USW2-BoxUsage:t3.medium,RunInstances,us-west-2b,i-059b0e7dc012d0824,0.9197220000,2,1.8394440000,USD,0.0416000000,0.0382604352,0.0416000000,0.0382604352,$0.0416 per On Demand Linux t3.medium Instance Hour,,"Amazon Web Services, Inc.",Amazon Elastic Compute Cloud,,,,NA,Used,false,3.1 GHz,,,,,Yes,,Up to 2085 Mbps,347 Mbps,,,,NA,,,No,,,,,,,NA,,,,General purpose,t3.medium,t3,Yes,Yes,Yes,No License required,US West (Oregon),AWS Region,,OnDemand,,,,4 GiB,,,,,Up to 5 Gigabit,2,Linux,RunInstances,,Intel Skylake E5 2686 v5,NA,64-bit,AVX; AVX2; Intel AVX; Intel AVX2; Intel AVX512; Intel Turbo,Compute Instance,,,,us-west-2,us-west-2,,,,,AmazonEC2,Amazon Elastic Compute Cloud,83H2W4FZK86NAGZF,EBS only,,,,Shared,,,,,,USW2-BoxUsage:t3.medium,2,,,,true,83H2W4FZK86NAGZF.JRTCKXETXF.6YS6EN2CT7,360949707894,USD,0.0382604352,0.0416000000,OnDemand,Hrs,,,,,,,,,,21100991764,,,,,,,,,,,,,,,
s4bnvbsaav4dzopeuhg4egtrc62d37opvjk4r6uifo43e5iogioa,2026-02-01T00:00:00Z/2026-03-01T00:00:00Z,,"Amazon Web Services, Inc.",AWS,Anniversary,595673262386,2026-02-01T00:00:00Z,2026-03-01T00:00:00Z,353545917793,Usage,2026-02-01T00:00:00Z,2026-02-01T20:00:00Z,AmazonEC2,USW2-BoxUsage:t3.medium,RunInstances,us-west-2b,i-0b9d34c5972a322eb,19.6225000000,2,39.2450000000,USD,0.0416000000,0.8162960000,0.0416000000,0.8162960000,$0.0416 per On Demand Linux t3.medium Instance Hour,,"Amazon Web Services, Inc.",Amazon Elastic Compute Cloud,,,,NA,Used,false,3.1 GHz,,,,,Yes,,Up to 2085 Mbps,347 Mbps,,,,NA,,,No,,,,,,,NA,,,,General purpose,t3.medium,t3,Yes,Yes,Yes,No License required,US West (Oregon),AWS Region,,OnDemand,,,,4 GiB,,,,,Up to 5 Gigabit,2,Linux,RunInstances,,Intel Skylake E5 2686 v5,NA,64-bit,AVX; AVX2; Intel AVX; Intel AVX2; Intel AVX512; Intel Turbo,Compute Instance,,,,us-west-2,us-west-2,,,,,AmazonEC2,Amazon Elastic Compute Cloud,83H2W4FZK86NAGZF,EBS only,,,,Shared,,,,,,USW2-BoxUsage:t3.medium,2,,,,true,83H2W4FZK86NAGZF.JRTCKXETXF.6YS6EN2CT7,360949707894,USD,0.8162960000,0.0416000000,OnDemand,Hrs,,,,,,,,,,21100991764,,,,,,,,,,,,,,,
ohah7ut636ntliws7ge5vexcmq2lnpxs6foex5ij66umfdjueofq,2026-02-01T00:00:00Z/2026-03-01T00:00:00Z,,"Amazon Web Services, Inc.",AWS,Anniversary,595673262386,2026-02-01T00:00:00Z,2026-03-01T00:00:00Z,353545917793,Usage,2026-02-01T00:00:00Z,2026-02-02T09:00:00Z,AmazonEC2,USW2-BoxUsage:t3.medium,RunInstances,us-west-2b,i-0ee8635d596bf3d8b,32.5161110000,2,65.0322220000,USD,0.0416000000,1.3526702176,0.0416000000,1.3526702176,$0.0416 per On Demand Linux t3.medium Instance Hour,,"Amazon Web Services, Inc.",Amazon Elastic Compute Cloud,,,,NA,Used,false,3.1 GHz,,,,,Yes,,Up to 2085 Mbps,347 Mbps,,,,NA,,,No,,,,,,,NA,,,,General purpose,t3.medium,t3,Yes,Yes,Yes,No License required,US West (Oregon),AWS Region,,OnDemand,,,,4 GiB,,,,,Up to 5 Gigabit,2,Linux,RunInstances,,Intel Skylake E5 2686 v5,NA,64-bit,AVX; AVX2; Intel AVX; Intel AVX2; Intel AVX512; Intel Turbo,Compute Instance,,,,us-west-2,us-west-2,,,,,AmazonEC2,Amazon Elastic Compute Cloud,83H2W4FZK86NAGZF,EBS only,,,,Shared,,,,,,USW2-BoxUsage:t3.medium,2,,,,true,83H2W4FZK86NAGZF.JRTCKXETXF.6YS6EN2CT7,360949707894,USD,1.3526702176,0.0416000000,OnDemand,Hrs,,,,,,,,,,21100991764,,,,,,,,,,,,,,,
crakl55gva4tezbp3conzlm5vnh4r7fd3y6erlbkermb7bhfjeea,2026-02-01T00:00:00Z/2026-03-01T00:00:00Z,,"Amazon Web Services, Inc.",AWS,Anniversary,595673262386,2026-02-01T00:00:00Z,2026-03-01T00:00:00Z,353545917793,Usage,2026-02-01T00:00:00Z,2026-02-02T09:00:00Z,AmazonEC2,USW2-BoxUsage:t3.small,RunInstances,us-west-2a,i-0ad0d864464631aea,32.7066670000,1,32.7066670000,USD,0.0208000000,0.6802986736,0.0208000000,0.6802986736,$0.0208 per On Demand Linux t3.small Instance Hour,,"Amazon Web Services, Inc.",Amazon Elastic Compute Cloud,,,,NA,Used,false,3.1 GHz,,,,,Yes,,Up to 2085 Mbps,174 Mbps,,,,NA,,,No,,,,,,,NA,,,,General purpose,t3.small,t3,Yes,Yes,Yes,No License required,US West (Oregon),AWS Region,,OnDemand,,,,2 GiB,,,,,Up to 5 Gigabit,1,Linux,RunInstances,,Intel Skylake E5 2686 v5,NA,64-bit,AVX; AVX2; Intel AVX; Intel AVX2; Intel AVX512; Intel Turbo,Compute Instance,,,,us-west-2,us-west-2,,,,,AmazonEC2,Amazon Elastic Compute Cloud,8UZJBKH62FYWW5EG,EBS only,,,,Shared,,,,,,USW2-BoxUsage:t3.small,2,,,,true,8UZJBKH62FYWW5EG.JRTCKXETXF.6YS6EN2CT7,360947689010,USD,0.6802986736,0.0208000000,OnDemand,Hrs,,,,,,,,,,21100991764,,,,,,,,,,,,,,,
lsdd4gqyy7drqmmepkynweq3bripbq2sgre6f4c6wryvslelt3xa,2026-02-01T00:00:00Z/2026-03-01T00:00:00Z,,"Amazon Web Services, Inc.",AWS,Anniversary,595673262386,2026-02-01T00:00:00Z,2026-03-01T00:00:00Z,353545917793,Usage,2026-02-01T00:00:00Z,2026-02-02T09:00:00Z,AmazonEC2,USW2-BoxUsage:t3.small,RunInstances,us-west-2a,i-0f9087537e1a3b52b,32.7777780000,1,32.7777780000,USD,0.0208000000,0.6817777824,0.0208000000,0.6817777824,$0.0208 per On Demand Linux t3.small Instance Hour,,"Amazon Web Services, Inc.",Amazon Elastic Compute Cloud,,,,NA,Used,false,3.1 GHz,,,,,Yes,,Up to 2085 Mbps,174 Mbps,,,,NA,,,No,,,,,,,NA,,,,General purpose,t3.small,t3,Yes,Yes,Yes,No License required,US West (Oregon),AWS Region,,OnDemand,,,,2 GiB,,,,,Up to 5 Gigabit,1,Linux,RunInstances,,Intel Skylake E5 2686 v5,NA,64-bit,AVX; AVX2; Intel AVX; Intel AVX2; Intel AVX512; Intel Turbo,Compute Instance,,,,us-west-2,us-west-2,,,,,AmazonEC2,Amazon Elastic Compute Cloud,8UZJBKH62FYWW5EG,EBS only,,,,Shared,,,,,,USW2-BoxUsage:t3.small,2,,,,true,8UZJBKH62FYWW5EG.JRTCKXETXF.6YS6EN2CT7,360947689010,USD,0.6817777824,0.0208000000,OnDemand,Hrs,,,,,,,,,,21100991764,,,,,,,,,,,,,,,
ascekh6hv6v4evbunrs6vx3aku4unzd4jgogvbkz7k6ioq2vvcha,2026-02-01T00:00:00Z/2026-03-01T00:00:00Z,,"Amazon Web Services, Inc.",AWS,Anniversary,595673262386,2026-02-01T00:00:00Z,2026-03-01T00:00:00Z,353545917793,Usage,2026-02-01T00:00:00Z,2026-02-02T09:00:00Z,AmazonEC2,USW2-BoxUsage:t3.small,RunInstances,us-west-2b,i-0737636d2e5d8a31c,32.0705560000,1,32.0705560000,USD,0.0208000000,0.6670675648,0.0208000000,0.6670675648,$0.0208 per On Demand Linux t3.small Instance Hour,,"Amazon Web Services, Inc.",Amazon Elastic Compute Cloud,,,,NA,Used,false,3.1 GHz,,,,,Yes,,Up to 2085 Mbps,174 Mbps,,,,NA,,,No,,,,,,,NA,,,,General purpose,t3.small,t3,Yes,Yes,Yes,No License required,US West (Oregon),AWS Region,,OnDemand,,,,2 GiB,,,,,Up to 5 Gigabit,1,Linux,RunInstances,,Intel Skylake E5 2686 v5,NA,64-bit,AVX; AVX2; Intel AVX; Intel AVX2; Intel AVX512; Intel Turbo,Compute Instance,,,,us-west-2,us-west-2,,,,,AmazonEC2,Amazon Elastic Compute Cloud,8UZJBKH62FYWW5EG,EBS only,,,,Shared,,,,,,USW2-BoxUsage:t3.small,2,,,,true,8UZJBKH62FYWW5EG.JRTCKXETXF.6YS6EN2CT7,360947689010,USD,0.6670675648,0.0208000000,OnDemand,Hrs,,,,,,,,,,21100991764,,,,,,,,,,,,,,,
d6nchwmrbij2abe54cwratuxzpzt2v6uyz7cxe4m4mg5fxpyfnia,2026-02-01T00:00:00Z/2026-03-01T00:00:00Z,,"Amazon Web Services, Inc.",AWS,Anniversary,595673262386,2026-02-01T00:00:00Z,2026-03-01T00:00:00Z,353545917793,Usage,2026-02-01T00:00:00Z,2026-02-02T08:00:00Z,AmazonEC2,USW2-BoxUsage:t4g.micro,RunInstances,us-west-2b,i-05664a6d7944e348d,31.9666670000,0.5,15.9833335000,USD,0.0084000000,0.2685200028,0.0084000000,0.2685200028,$0.0084 per On Demand Linux t4g.micro Instance Hour,,"Amazon Web Services, Inc.",Amazon Elastic Compute Cloud,,,,NA,Used,false,2.5 GHz,,,,,Yes,,Up to 2085 Mbps,87 Mbps,,,,NA,,,No,,,,,,,NA,,,,General purpose,t4g.micro,t4g,No,No,No,No License required,US West (Oregon),AWS Region,,OnDemand,,,,1 GiB,,,,,Up to 5 Gigabit,0.5,Linux,RunInstances,,AWS Graviton2 Processor,NA,64-bit,,Compute Instance,,,,us-west-2,us-west-2,,,,,AmazonEC2,Amazon Elastic Compute Cloud,D8RTUK73QMHX8GVF,EBS only,,,,Shared,,,,,,USW2-BoxUsage:t4g.micro,2,,,,true,D8RTUK73QMHX8GVF.JRTCKXETXF.6YS6EN2CT7,360950083530,USD,0.2685200028,0.0084000000,OnDemand,Hrs,,,,,,,,,,21100991764,,,,,,,,,,,,,,,
ujzfdzrupcob4sgahrsqchvvln6hubpkkkmq57du2glbu3ptpvcq,2026-02-01T00:00:00Z/2026-03-01T00:00:00Z,,"Amazon Web Services, Inc.",AWS,Anniversary,595673262386,2026-02-01T00:00:00Z,2026-03-01T00:00:00Z,353545917793,Usage,2026-02-01T00:00:00Z,2026-02-02T08:00:00Z,AmazonEC2,USW2-BoxUsage:t3.nano,RunInstances,us-west-2a,i-0b76fb544c7e81b35,31.8727780000,0.25,7.9681945000,USD,0.0052000000,0.1657384456,0.0052000000,0.1657384456,$0.0052 per On Demand Linux t3.nano Instance Hour,,"Amazon Web Services, Inc.",Amazon Elastic Compute Cloud,,,,NA,Used,false,3.1 GHz,,,,,Yes,,Up to 2085 Mbps,43 Mbps,,,,NA,,,No,,,,,,,NA,,,,General purpose,t3.nano,t3,Yes,Yes,Yes,No License required,US West (Oregon),AWS Region,,OnDemand,,,,0.5 GiB,,,,,Up to 5 Gigabit,0.25,Linux,RunInstances,,Intel Skylake E5 2686 v5,NA,64-bit,AVX; AVX2; Intel AVX; Intel AVX2; Intel AVX512; Intel Turbo,Compute Instance,,,,us-west-2,us-west-2,,,,,AmazonEC2,Amazon Elastic Compute Cloud,FFJFJF6E9ACSJXTV,EBS only,,,,Shared,,,,,,USW2-BoxUsage:t3.nano,2,,,,true,FFJFJF6E9ACSJXTV.JRTCKXETXF.6YS6EN2CT7,360947916826,USD,0.1657384456,0.0052000000,OnDemand,Hrs,,,,,,,,,,21100991764,,,,,,,,,,,,,,,
pf6f677h63l4iyx2faiyffhc4gmtbrjp7wn4s3gcn6s5xf4obt4q,2026-02-01T00:00:00Z/2026-03-01T00:00:00Z,,"Amazon Web Services, Inc.",AWS Marketplace,Anniversary,595673262386,2026-02-01T00:00:00Z,2026-03-01T00:00:00Z,353545917793,Tax,2026-02-01T00:00:00Z,2026-03-01T00:00:00Z,9svps415mdwhhoxlp2tx3hald,USW2-MP:USW2_InputTokenCount-Units,,,,1.0000000000,,,USD,,0.0000000000,,0.0000000000,Tax for product code 9svps415mdwhhoxlp2tx3hald usage type USW2-MP:USW2_InputTokenCount-Units,USSalesTax,"Anthropic, PBC",Claude Sonnet 4.5 (Amazon Bedrock Edition),,,,,,,,,,,,,,,,,,,,,,,,,,,,,,,,,,,,,,,,,,,,,,,,,,,,,,,,,,,,,,,,,,,,,,,,,,,,,,,,,,,,,,,,,,,,,0.0000000000,,,,,,,,,,,,,,,,,,,,,,,,,,,,
p2kj5s4k7lwfbymezw2nizidnztoe3adhyrwdplo4jpviddud5ka,2026-02-01T00:00:00Z/2026-03-01T00:00:00Z,,"Amazon Web Services, Inc.",AWS Marketplace,Anniversary,595673262386,2026-02-01T00:00:00Z,2026-03-01T00:00:00Z,353545917793,Tax,2026-02-01T00:00:00Z,2026-03-01T00:00:00Z,9svps415mdwhhoxlp2tx3hald,USW2-MP:USW2_InputTokenCount_Global-Units,,,,1.0000000000,,,USD,,0.0000000000,,0.0000000000,Tax for product code 9svps415mdwhhoxlp2tx3hald usage type USW2-MP:USW2_InputTokenCount_Global-Units,USSalesTax,"Anthropic, PBC",Claude Sonnet 4.5 (Amazon Bedrock Edition),,,,,,,,,,,,,,,,,,,,,,,,,,,,,,,,,,,,,,,,,,,,,,,,,,,,,,,,,,,,,,,,,,,,,,,,,,,,,,,,,,,,,,,,,,,,,0.0000000000,,,,,,,,,,,,,,,,,,,,,,,,,,,,
6ynwngxe4mbtwudorbwa4zn5nb35msqr35fj66bvn2z2zdmktv3a,2026-02-01T00:00:00Z/2026-03-01T00:00:00Z,,"Amazon Web Services, Inc.",AWS Marketplace,Anniversary,595673262386,2026-02-01T00:00:00Z,2026-03-01T00:00:00Z,353545917793,Tax,2026-02-01T00:00:00Z,2026-03-01T00:00:00Z,9svps415mdwhhoxlp2tx3hald,USW2-MP:USW2_OutputTokenCount-Units,,,,1.0000000000,,,USD,,0.0000000000,,0.0000000000,Tax for product code 9svps415mdwhhoxlp2tx3hald usage type USW2-MP:USW2_OutputTokenCount-Units,USSalesTax,"Anthropic, PBC",Claude Sonnet 4.5 (Amazon Bedrock Edition),,,,,,,,,,,,,,,,,,,,,,,,,,,,,,,,,,,,,,,,,,,,,,,,,,,,,,,,,,,,,,,,,,,,,,,,,,,,,,,,,,,,,,,,,,,,,0.0000000000,,,,,,,,,,,,,,,,,,,,,,,,,,,,
aaczogu34l6m3c5dyfozxhx675fncntniolbir2ov7hw5o4i5zuq,2026-02-01T00:00:00Z/2026-03-01T00:00:00Z,,"Amazon Web Services, Inc.",AWS Marketplace,Anniversary,595673262386,2026-02-01T00:00:00Z,2026-03-01T00:00:00Z,353545917793,Tax,2026-02-01T00:00:00Z,2026-03-01T00:00:00Z,9svps415mdwhhoxlp2tx3hald,USW2-MP:USW2_OutputTokenCount_Global-Units,,,,1.0000000000,,,USD,,0.0000000000,,0.0000000000,Tax for product code 9svps415mdwhhoxlp2tx3hald usage type USW2-MP:USW2_OutputTokenCount_Global-Units,USSalesTax,"Anthropic, PBC",Claude Sonnet 4.5 (Amazon Bedrock Edition),,,,,,,,,,,,,,,,,,,,,,,,,,,,,,,,,,,,,,,,,,,,,,,,,,,,,,,,,,,,,,,,,,,,,,,,,,,,,,,,,,,,,,,,,,,,,0.0000000000,,,,,,,,,,,,,,,,,,,,,,,,,,,,
2akdztwb7jepoillr4nmzvf4apkdxtcrg5x4l3txazklo723ugmq,2026-02-01T00:00:00Z/2026-03-01T00:00:00Z,,"Amazon Web Services, Inc.",AWS Marketplace,Anniversary,595673262386,2026-02-01T00:00:00Z,2026-03-01T00:00:00Z,353545917793,Usage,2026-02-02T04:00:00Z,2026-02-02T05:00:00Z,9svps415mdwhhoxlp2tx3hald,USW2-MP:USW2_InputTokenCount-Units,InvokeModelInference,,arn:aws:bedrock:us-west-2:353545917793:inference-profile/us.anthropic.claude-sonnet-4-5-20250929-v1:0,0.0147120000,,,USD,3.3000000000,0.0485496000,3.3000000000,0.0485496000,AWS Marketplace software usage|us-west-2|Million Input Tokens Regional,,"Anthropic, PBC",Claude Sonnet 4.5 (Amazon Bedrock Edition),,,,,,,,,,,,,,,,,,,,,,,,,,,,,,,,,,,,,,,,,,,,,,,,,,,,,,,,,,,,,,,,,us-west-2,,,,,,,,2JMREK3MZYVXXVZ5,,,,,,,,,,,,,,,,,2JMREK3MZYVXXVZ5.4799GE89SK.6YS6EN2CT7,344591023872,USD,0.0000000000,,OnDemand,Units,,,,,,,,,,22544593512,,,,,,,,,,,,,,,
d3ukac6c2vgqx3frjihcx2bjhjj6hywtbchi42qjnczbe36wgkwq,2026-02-01T00:00:00Z/2026-03-01T00:00:00Z,,"Amazon Web Services, Inc.",AWS Marketplace,Anniversary,595673262386,2026-02-01T00:00:00Z,2026-03-01T00:00:00Z,353545917793,Usage,2026-02-02T05:00:00Z,2026-02-02T06:00:00Z,9svps415mdwhhoxlp2tx3hald,USW2-MP:USW2_InputTokenCount_Global-Units,InvokeModelStreamingInference,,arn:aws:bedrock:us-west-2:353545917793:inference-profile/global.anthropic.claude-sonnet-4-5-20250929-v1:0,0.0254920000,,,USD,3.0000000000,0.0764760000,3.0000000000,0.0764760000,AWS Marketplace software usage|us-west-2|Million Input Tokens Global,,"Anthropic, PBC",Claude Sonnet 4.5 (Amazon Bedrock Edition),,,,,,,,,,,,,,,,,,,,,,,,,,,,,,,,,,,,,,,,,,,,,,,,,,,,,,,,,,,,,,,,,us-west-2,,,,,,,,CE42JYGRAEBMCQ6W,,,,,,,,,,,,,,,,,CE42JYGRAEBMCQ6W.4799GE89SK.6YS6EN2CT7,344590732017,USD,0.0000000000,,OnDemand,Units,,,,,,,,,,22544593512,,,,,,,,,,,,,,,
bnfnsu3sqidjgrif5tn4q53guhl7srmq2ffwjmnuyqhgqfwrdpta,2026-02-01T00:00:00Z/2026-03-01T00:00:00Z,,"Amazon Web Services, Inc.",AWS Marketplace,Anniversary,595673262386,2026-02-01T00:00:00Z,2026-03-01T00:00:00Z,353545917793,Usage,2026-02-02T05:00:00Z,2026-02-02T06:00:00Z,9svps415mdwhhoxlp2tx3hald,USW2-MP:USW2_OutputTokenCount_Global-Units,InvokeModelStreamingInference,,arn:aws:bedrock:us-west-2:353545917793:inference-profile/global.anthropic.claude-sonnet-4-5-20250929-v1:0,0.0006450000,,,USD,15.0000000000,0.0096750000,15.0000000000,0.0096750000,AWS Marketplace software usage|us-west-2|Million Response Tokens Global,,"Anthropic, PBC",Claude Sonnet 4.5 (Amazon Bedrock Edition),,,,,,,,,,,,,,,,,,,,,,,,,,,,,,,,,,,,,,,,,,,,,,,,,,,,,,,,,,,,,,,,,us-west-2,,,,,,,,FRJRHW9988S5AJE5,,,,,,,,,,,,,,,,,FRJRHW9988S5AJE5.4799GE89SK.6YS6EN2CT7,344591023042,USD,0.0000000000,,OnDemand,Units,,,,,,,,,,22544593512,,,,,,,,,,,,,,,
rnriizydi7pwarmiclims6bxnbodx2qtjtpfbn3pkcc72gkwygaa,2026-02-01T00:00:00Z/2026-03-01T00:00:00Z,,"Amazon Web Services, Inc.",AWS Marketplace,Anniversary,595673262386,2026-02-01T00:00:00Z,2026-03-01T00:00:00Z,353545917793,Usage,2026-02-02T04:00:00Z,2026-02-02T05:00:00Z,9svps415mdwhhoxlp2tx3hald,USW2-MP:USW2_OutputTokenCount-Units,InvokeModelInference,,arn:aws:bedrock:us-west-2:353545917793:inference-profile/us.anthropic.claude-sonnet-4-5-20250929-v1:0,0.0009580000,,,USD,16.5000000000,0.0158070000,16.5000000000,0.0158070000,AWS Marketplace software usage|us-west-2|Million Response Tokens Regional,,"Anthropic, PBC",Claude Sonnet 4.5 (Amazon Bedrock Edition),,,,,,,,,,,,,,,,,,,,,,,,,,,,,,,,,,,,,,,,,,,,,,,,,,,,,,,,,,,,,,,,,us-west-2,,,,,,,,JK6P4KQBAB5N24FK,,,,,,,,,,,,,,,,,JK6P4KQBAB5N24FK.4799GE89SK.6YS6EN2CT7,344591023539,USD,0.0000000000,,OnDemand,Units,,,,,,,,,,22544593512,,,,,,,,,,,,,,,
